-- phpMyAdmin SQL Dump
-- version 5.1.1
-- https://www.phpmyadmin.net/
--
-- Host: 127.0.0.1
-- Generation Time: Jul 08, 2022 at 03:40 PM
-- Server version: 10.4.19-MariaDB
-- PHP Version: 7.4.20

SET SQL_MODE = "NO_AUTO_VALUE_ON_ZERO";
START TRANSACTION;
SET time_zone = "+00:00";


/*!40101 SET @OLD_CHARACTER_SET_CLIENT=@@CHARACTER_SET_CLIENT */;
/*!40101 SET @OLD_CHARACTER_SET_RESULTS=@@CHARACTER_SET_RESULTS */;
/*!40101 SET @OLD_COLLATION_CONNECTION=@@COLLATION_CONNECTION */;
/*!40101 SET NAMES utf8mb4 */;

--
-- Database: `itclubs2_tkj`
--

-- --------------------------------------------------------

--
-- Table structure for table `access_user_menu`
--

CREATE TABLE `access_user_menu` (
  `id` bigint(20) UNSIGNED NOT NULL,
  `user_id` int(11) NOT NULL,
  `menu_id` int(11) NOT NULL,
  `created_by` int(11) DEFAULT NULL,
  `deleted_at` timestamp NULL DEFAULT NULL,
  `created_at` timestamp NOT NULL DEFAULT current_timestamp(),
  `updated_at` timestamp NULL DEFAULT NULL ON UPDATE current_timestamp()
) ENGINE=InnoDB DEFAULT CHARSET=utf8mb4 COLLATE=utf8mb4_unicode_ci;

--
-- Dumping data for table `access_user_menu`
--

INSERT INTO `access_user_menu` (`id`, `user_id`, `menu_id`, `created_by`, `deleted_at`, `created_at`, `updated_at`) VALUES
(21, 1, 2, 1, '2021-04-03 08:58:07', '2021-03-20 22:33:32', '2021-04-03 08:58:07'),
(22, 1, 3, 1, '2021-04-03 08:58:03', '2021-03-20 22:33:32', '2021-04-03 08:58:03'),
(23, 1, 6, 1, NULL, '2021-03-20 22:33:32', '2021-03-20 22:33:32'),
(24, 1, 7, 1, NULL, '2021-03-20 22:33:32', '2021-03-20 22:33:32'),
(25, 5, 1, 1, NULL, '2021-03-21 01:36:08', '2021-03-21 01:36:08'),
(26, 5, 2, 1, NULL, '2021-03-21 01:36:08', '2021-03-21 01:36:08'),
(27, 5, 3, 1, NULL, '2021-03-21 01:36:08', '2021-03-21 01:36:08'),
(28, 5, 6, 1, NULL, '2021-03-21 01:36:08', '2021-03-21 01:36:08'),
(29, 5, 7, 1, NULL, '2021-03-21 01:36:08', '2021-03-21 01:36:08'),
(30, 21, 1, 1, NULL, '2021-03-22 23:47:18', '2021-03-22 23:47:18'),
(31, 21, 2, 1, NULL, '2021-03-22 23:47:18', '2021-03-22 23:47:18'),
(32, 21, 3, 1, NULL, '2021-03-22 23:47:18', '2021-03-22 23:47:18'),
(33, 21, 6, 1, NULL, '2021-03-22 23:47:18', '2021-03-22 23:47:18'),
(34, 21, 7, 1, NULL, '2021-03-22 23:47:18', '2021-03-22 23:47:18'),
(35, 1, 8, 1, '2021-03-23 07:37:13', '2021-03-23 07:34:40', '2021-03-23 07:37:13'),
(36, 1, 8, 1, NULL, '2021-03-23 07:42:12', '2021-03-23 07:42:12'),
(37, 2, 8, 1, NULL, '2021-03-24 05:45:46', '2021-03-24 05:45:46'),
(38, 2, 3, 1, NULL, '2021-03-26 04:34:25', '2021-03-26 04:34:25'),
(39, 1, 9, 1, NULL, '2021-03-26 06:09:09', '2021-03-26 06:09:09'),
(40, 23, 1, 1, NULL, '2021-03-27 19:22:25', '2021-03-27 19:22:25'),
(41, 23, 2, 1, NULL, '2021-03-27 19:22:25', '2021-03-27 19:22:25'),
(42, 23, 3, 1, NULL, '2021-03-27 19:22:25', '2021-03-27 19:22:25'),
(43, 23, 6, 1, NULL, '2021-03-27 19:22:25', '2021-03-27 19:22:25'),
(44, 23, 7, 1, NULL, '2021-03-27 19:22:25', '2021-03-27 19:22:25'),
(45, 24, 1, 1, NULL, '2021-03-27 19:22:44', '2021-03-27 19:22:44'),
(46, 24, 2, 1, NULL, '2021-03-27 19:22:44', '2021-03-27 19:22:44'),
(47, 24, 3, 1, NULL, '2021-03-27 19:22:44', '2021-03-27 19:22:44'),
(48, 24, 6, 1, NULL, '2021-03-27 19:22:44', '2021-03-27 19:22:44'),
(49, 24, 7, 1, NULL, '2021-03-27 19:22:44', '2021-03-27 19:22:44'),
(50, 25, 1, 1, NULL, '2021-03-27 19:23:15', '2021-03-27 19:23:15'),
(51, 25, 2, 1, NULL, '2021-03-27 19:23:15', '2021-03-27 19:23:15'),
(52, 25, 3, 1, NULL, '2021-03-27 19:23:15', '2021-03-27 19:23:15'),
(53, 25, 6, 1, NULL, '2021-03-27 19:23:15', '2021-03-27 19:23:15'),
(54, 25, 7, 1, NULL, '2021-03-27 19:23:15', '2021-03-27 19:23:15'),
(55, 26, 1, 1, NULL, '2021-03-27 19:24:08', '2021-03-27 19:24:08'),
(56, 26, 2, 1, NULL, '2021-03-27 19:24:08', '2021-03-27 19:24:08'),
(57, 26, 3, 1, NULL, '2021-03-27 19:24:08', '2021-03-27 19:24:08'),
(58, 26, 6, 1, NULL, '2021-03-27 19:24:08', '2021-03-27 19:24:08'),
(59, 26, 7, 1, NULL, '2021-03-27 19:24:08', '2021-03-27 19:24:08'),
(60, 27, 1, 1, NULL, '2021-03-27 21:37:23', '2021-03-27 21:37:23'),
(61, 27, 2, 1, NULL, '2021-03-27 21:37:23', '2021-03-27 21:37:23'),
(62, 27, 3, 1, NULL, '2021-03-27 21:37:23', '2021-03-27 21:37:23'),
(63, 27, 6, 1, NULL, '2021-03-27 21:37:23', '2021-03-27 21:37:23'),
(64, 27, 7, 1, NULL, '2021-03-27 21:37:23', '2021-03-27 21:37:23'),
(65, 1, 10, 1, NULL, '2021-03-28 13:58:25', '2021-03-28 13:58:25'),
(66, 1, 12, 1, NULL, '2021-03-28 14:09:22', '2021-03-28 14:09:22'),
(67, 1, 11, 1, '2021-04-20 08:34:29', '2021-03-28 14:28:11', '2021-04-20 08:34:29'),
(68, 1, 2, 1, NULL, '2021-04-03 09:16:18', '2021-04-03 09:16:18'),
(69, 1, 3, 1, NULL, '2021-04-03 09:16:20', '2021-04-03 09:16:20'),
(70, 1, 13, 1, '2021-04-04 09:19:23', '2021-04-04 09:18:57', '2021-04-04 09:19:23'),
(71, 1, 13, 1, NULL, '2021-04-04 09:19:34', '2021-04-04 09:19:34'),
(72, 1, 16, 1, NULL, '2021-04-04 16:49:56', '2021-04-04 16:49:56'),
(73, 1, 5, 1, '2021-04-10 20:44:02', '2021-04-10 20:43:59', '2021-04-10 20:44:02'),
(74, 1, 17, 1, NULL, '2021-04-10 20:44:06', '2021-04-10 20:44:06'),
(75, 29, 8, 1, '2021-04-11 03:48:37', '2021-04-11 03:47:16', '2021-04-11 03:48:37'),
(76, 29, 1, 1, '2021-04-11 03:48:37', '2021-04-11 03:47:16', '2021-04-11 03:48:37'),
(77, 29, 8, 1, '2021-04-11 23:16:24', '2021-04-11 03:51:54', '2021-04-11 23:16:24'),
(78, 29, 1, 1, '2021-04-11 23:16:24', '2021-04-11 03:51:54', '2021-04-11 23:16:24'),
(79, 1, 18, 1, NULL, '2021-04-11 15:57:41', '2021-04-11 15:57:41'),
(80, 29, 8, 1, '2021-04-11 23:16:27', '2021-04-11 23:16:24', '2021-04-11 23:16:27'),
(81, 29, 1, 1, '2021-04-11 23:16:27', '2021-04-11 23:16:24', '2021-04-11 23:16:27'),
(82, 29, 8, 1, '2021-04-18 06:42:30', '2021-04-11 23:16:31', '2021-04-18 06:42:30'),
(83, 29, 1, 1, '2021-04-18 06:42:30', '2021-04-11 23:16:31', '2021-04-18 06:42:30'),
(84, 1, 19, 1, NULL, '2021-04-14 20:42:01', '2021-04-14 20:42:01'),
(97, 1, 1, 1, NULL, '2021-04-15 00:08:21', '2021-04-15 00:08:21'),
(98, 29, 8, 1, NULL, '2021-04-19 14:47:02', '2021-04-19 14:47:02'),
(99, 29, 1, 1, NULL, '2021-04-19 14:47:02', '2021-04-19 14:47:02'),
(100, 1, 20, 1, '2021-04-20 08:41:49', '2021-04-20 08:28:38', '2021-04-20 08:41:49'),
(101, 1, 11, 1, NULL, '2021-04-20 08:34:31', '2021-04-20 08:34:31'),
(102, 1, 20, 1, NULL, '2021-04-20 08:41:52', '2021-04-20 08:41:52'),
(103, 1, 21, 1, NULL, '2021-05-10 04:47:47', '2021-05-10 04:47:47'),
(104, 1, 22, 1, NULL, '2021-06-02 06:10:34', '2021-06-02 06:10:34'),
(105, 1, 23, 1, NULL, '2021-06-28 02:48:05', '2021-06-28 02:48:05'),
(106, 53, 1, 1, NULL, '2021-07-09 05:19:59', '2021-07-09 05:19:59'),
(107, 54, 1, 1, NULL, '2021-07-20 14:25:57', '2021-07-20 14:25:57'),
(108, 54, 8, 1, NULL, '2021-07-20 14:25:57', '2021-07-20 14:25:57'),
(109, 54, 18, 1, NULL, '2021-07-20 14:25:57', '2021-07-20 14:25:57'),
(110, 54, 19, 1, NULL, '2021-07-20 14:25:57', '2021-07-20 14:25:57'),
(111, 54, 20, 1, NULL, '2021-07-20 14:25:57', '2021-07-20 14:25:57'),
(112, 55, 1, 1, NULL, '2021-07-20 14:26:03', '2021-07-20 14:26:03'),
(113, 55, 8, 1, NULL, '2021-07-20 14:26:03', '2021-07-20 14:26:03'),
(114, 55, 18, 1, NULL, '2021-07-20 14:26:03', '2021-07-20 14:26:03'),
(115, 55, 19, 1, NULL, '2021-07-20 14:26:03', '2021-07-20 14:26:03'),
(116, 55, 20, 1, NULL, '2021-07-20 14:26:03', '2021-07-20 14:26:03'),
(117, 57, 1, 1, NULL, '2021-07-20 14:26:11', '2021-07-20 14:26:11'),
(118, 57, 8, 1, NULL, '2021-07-20 14:26:11', '2021-07-20 14:26:11'),
(119, 57, 18, 1, NULL, '2021-07-20 14:26:11', '2021-07-20 14:26:11'),
(120, 57, 19, 1, NULL, '2021-07-20 14:26:11', '2021-07-20 14:26:11'),
(121, 57, 20, 1, NULL, '2021-07-20 14:26:11', '2021-07-20 14:26:11'),
(122, 58, 1, 1, NULL, '2021-07-20 14:26:19', '2021-07-20 14:26:19'),
(123, 58, 8, 1, NULL, '2021-07-20 14:26:19', '2021-07-20 14:26:19'),
(124, 58, 18, 1, NULL, '2021-07-20 14:26:19', '2021-07-20 14:26:19'),
(125, 58, 19, 1, NULL, '2021-07-20 14:26:19', '2021-07-20 14:26:19'),
(126, 58, 20, 1, NULL, '2021-07-20 14:26:19', '2021-07-20 14:26:19'),
(127, 60, 1, 1, '2021-07-20 14:37:31', '2021-07-20 14:26:26', '2021-07-20 14:37:31'),
(128, 60, 8, 1, '2021-07-20 14:37:31', '2021-07-20 14:26:26', '2021-07-20 14:37:31'),
(129, 60, 18, 1, '2021-07-20 14:37:31', '2021-07-20 14:26:26', '2021-07-20 14:37:31'),
(130, 60, 19, 1, '2021-07-20 14:37:31', '2021-07-20 14:26:26', '2021-07-20 14:37:31'),
(131, 60, 20, 1, '2021-07-20 14:37:31', '2021-07-20 14:26:26', '2021-07-20 14:37:31'),
(132, 61, 1, 1, NULL, '2021-07-20 14:26:34', '2021-07-20 14:26:34'),
(133, 61, 8, 1, NULL, '2021-07-20 14:26:34', '2021-07-20 14:26:34'),
(134, 61, 18, 1, NULL, '2021-07-20 14:26:34', '2021-07-20 14:26:34'),
(135, 61, 19, 1, NULL, '2021-07-20 14:26:34', '2021-07-20 14:26:34'),
(136, 61, 20, 1, NULL, '2021-07-20 14:26:34', '2021-07-20 14:26:34'),
(137, 60, 6, 1, NULL, '2021-07-20 14:37:31', '2021-07-20 14:37:31'),
(138, 60, 10, 1, NULL, '2021-07-20 14:37:31', '2021-07-20 14:37:31'),
(139, 60, 11, 1, NULL, '2021-07-20 14:37:31', '2021-07-20 14:37:31'),
(140, 60, 8, 1, NULL, '2021-07-20 14:37:31', '2021-07-20 14:37:31'),
(141, 60, 5, 1, NULL, '2021-07-20 14:37:31', '2021-07-20 14:37:31'),
(142, 60, 3, 1, NULL, '2021-07-20 14:37:31', '2021-07-20 14:37:31'),
(143, 60, 1, 1, NULL, '2021-07-20 14:37:31', '2021-07-20 14:37:31'),
(144, 60, 12, 1, NULL, '2021-07-20 14:37:31', '2021-07-20 14:37:31'),
(145, 60, 13, 1, NULL, '2021-07-20 14:37:31', '2021-07-20 14:37:31'),
(146, 60, 16, 1, NULL, '2021-07-20 14:37:31', '2021-07-20 14:37:31'),
(147, 60, 17, 1, NULL, '2021-07-20 14:37:31', '2021-07-20 14:37:31'),
(148, 60, 18, 1, NULL, '2021-07-20 14:37:31', '2021-07-20 14:37:31'),
(149, 60, 19, 1, NULL, '2021-07-20 14:37:31', '2021-07-20 14:37:31'),
(150, 60, 20, 1, NULL, '2021-07-20 14:37:31', '2021-07-20 14:37:31'),
(151, 60, 21, 1, NULL, '2021-07-20 14:37:31', '2021-07-20 14:37:31'),
(152, 62, 6, 1, NULL, '2021-07-20 14:47:24', '2021-07-20 14:47:24'),
(153, 62, 10, 1, NULL, '2021-07-20 14:47:24', '2021-07-20 14:47:24'),
(154, 62, 11, 1, NULL, '2021-07-20 14:47:24', '2021-07-20 14:47:24'),
(155, 62, 8, 1, NULL, '2021-07-20 14:47:24', '2021-07-20 14:47:24'),
(156, 62, 5, 1, NULL, '2021-07-20 14:47:24', '2021-07-20 14:47:24'),
(157, 62, 3, 1, NULL, '2021-07-20 14:47:24', '2021-07-20 14:47:24'),
(158, 62, 1, 1, NULL, '2021-07-20 14:47:24', '2021-07-20 14:47:24'),
(159, 62, 12, 1, NULL, '2021-07-20 14:47:24', '2021-07-20 14:47:24'),
(160, 62, 13, 1, NULL, '2021-07-20 14:47:24', '2021-07-20 14:47:24'),
(161, 62, 16, 1, NULL, '2021-07-20 14:47:24', '2021-07-20 14:47:24'),
(162, 62, 17, 1, NULL, '2021-07-20 14:47:24', '2021-07-20 14:47:24'),
(163, 62, 18, 1, NULL, '2021-07-20 14:47:24', '2021-07-20 14:47:24'),
(164, 62, 19, 1, NULL, '2021-07-20 14:47:24', '2021-07-20 14:47:24'),
(165, 62, 20, 1, NULL, '2021-07-20 14:47:24', '2021-07-20 14:47:24'),
(166, 62, 21, 1, NULL, '2021-07-20 14:47:24', '2021-07-20 14:47:24'),
(167, 72, 1, 1, NULL, '2021-08-18 06:16:49', '2021-08-18 06:16:49'),
(168, 72, 8, 1, NULL, '2021-08-18 06:16:49', '2021-08-18 06:16:49'),
(169, 72, 18, 1, NULL, '2021-08-18 06:16:49', '2021-08-18 06:16:49'),
(170, 72, 19, 1, NULL, '2021-08-18 06:16:49', '2021-08-18 06:16:49'),
(171, 72, 20, 1, NULL, '2021-08-18 06:16:49', '2021-08-18 06:16:49'),
(172, 76, 1, 1, NULL, '2021-08-18 06:34:55', '2021-08-18 06:34:55'),
(173, 76, 8, 1, NULL, '2021-08-18 06:34:55', '2021-08-18 06:34:55'),
(174, 76, 18, 1, NULL, '2021-08-18 06:34:55', '2021-08-18 06:34:55'),
(175, 76, 19, 1, NULL, '2021-08-18 06:34:55', '2021-08-18 06:34:55'),
(176, 76, 20, 1, NULL, '2021-08-18 06:34:55', '2021-08-18 06:34:55'),
(177, 80, 1, 1, NULL, '2022-06-11 04:30:48', '2022-06-11 04:30:48');

-- --------------------------------------------------------

--
-- Table structure for table `access_user_section`
--

CREATE TABLE `access_user_section` (
  `id` bigint(20) UNSIGNED NOT NULL,
  `user_id` int(11) NOT NULL,
  `section_id` int(11) NOT NULL,
  `created_by` int(11) DEFAULT NULL,
  `deleted_at` timestamp NULL DEFAULT NULL,
  `created_at` timestamp NOT NULL DEFAULT current_timestamp(),
  `updated_at` timestamp NULL DEFAULT NULL ON UPDATE current_timestamp()
) ENGINE=InnoDB DEFAULT CHARSET=utf8mb4 COLLATE=utf8mb4_unicode_ci;

--
-- Dumping data for table `access_user_section`
--

INSERT INTO `access_user_section` (`id`, `user_id`, `section_id`, `created_by`, `deleted_at`, `created_at`, `updated_at`) VALUES
(18, 1, 3, 1, '2021-04-03 08:57:06', '2021-03-20 22:33:32', '2021-04-03 08:57:06'),
(19, 1, 6, 1, NULL, '2021-03-20 22:33:32', '2021-03-20 22:33:32'),
(20, 1, 2, 1, '2021-03-21 00:42:18', '2021-03-21 00:42:16', '2021-03-21 00:42:18'),
(21, 1, 2, 1, NULL, '2021-03-21 00:42:24', '2021-03-21 00:42:24'),
(22, 5, 2, 1, '2021-03-21 01:36:08', '2021-03-21 01:36:05', '2021-03-21 01:36:08'),
(23, 5, 2, 1, NULL, '2021-03-21 01:36:08', '2021-03-21 01:36:08'),
(24, 5, 3, 1, NULL, '2021-03-21 01:36:08', '2021-03-21 01:36:08'),
(25, 5, 6, 1, NULL, '2021-03-21 01:36:08', '2021-03-21 01:36:08'),
(26, 21, 3, 1, NULL, '2021-03-22 23:47:18', '2021-03-22 23:47:18'),
(27, 21, 6, 1, NULL, '2021-03-22 23:47:18', '2021-03-22 23:47:18'),
(28, 21, 2, 1, NULL, '2021-03-22 23:47:18', '2021-03-22 23:47:18'),
(29, 1, 7, 1, '2021-03-23 07:34:37', '2021-03-23 07:34:35', '2021-03-23 07:34:37'),
(30, 1, 7, 1, '2021-03-23 07:38:30', '2021-03-23 07:37:10', '2021-03-23 07:38:30'),
(31, 1, 7, 1, '2021-03-23 07:41:16', '2021-03-23 07:41:11', '2021-03-23 07:41:16'),
(32, 1, 7, 1, '2021-04-04 16:49:38', '2021-03-23 07:42:09', '2021-04-04 16:49:38'),
(33, 2, 7, 1, NULL, '2021-03-24 05:45:42', '2021-03-24 05:45:42'),
(34, 2, 3, 1, '2021-03-26 04:34:28', '2021-03-26 04:34:20', '2021-03-26 04:34:28'),
(35, 2, 3, 1, '2021-03-27 03:10:18', '2021-03-26 04:35:53', '2021-03-27 03:10:18'),
(36, 23, 3, 1, NULL, '2021-03-27 19:22:25', '2021-03-27 19:22:25'),
(37, 23, 6, 1, NULL, '2021-03-27 19:22:25', '2021-03-27 19:22:25'),
(38, 23, 2, 1, NULL, '2021-03-27 19:22:25', '2021-03-27 19:22:25'),
(39, 24, 3, 1, NULL, '2021-03-27 19:22:44', '2021-03-27 19:22:44'),
(40, 24, 6, 1, NULL, '2021-03-27 19:22:44', '2021-03-27 19:22:44'),
(41, 24, 2, 1, NULL, '2021-03-27 19:22:44', '2021-03-27 19:22:44'),
(42, 25, 3, 1, NULL, '2021-03-27 19:23:15', '2021-03-27 19:23:15'),
(43, 25, 6, 1, NULL, '2021-03-27 19:23:15', '2021-03-27 19:23:15'),
(44, 25, 2, 1, NULL, '2021-03-27 19:23:15', '2021-03-27 19:23:15'),
(45, 26, 3, 1, NULL, '2021-03-27 19:24:08', '2021-03-27 19:24:08'),
(46, 26, 6, 1, NULL, '2021-03-27 19:24:08', '2021-03-27 19:24:08'),
(47, 26, 2, 1, NULL, '2021-03-27 19:24:08', '2021-03-27 19:24:08'),
(48, 27, 3, 1, NULL, '2021-03-27 21:37:23', '2021-03-27 21:37:23'),
(49, 27, 6, 1, NULL, '2021-03-27 21:37:23', '2021-03-27 21:37:23'),
(50, 27, 2, 1, NULL, '2021-03-27 21:37:23', '2021-03-27 21:37:23'),
(51, 1, 3, 1, NULL, '2021-04-03 08:57:50', '2021-04-03 08:57:50'),
(52, 1, 7, 1, NULL, '2021-04-04 16:49:50', '2021-04-04 16:49:50'),
(53, 1, 14, 1, NULL, '2021-04-10 20:43:55', '2021-04-10 20:43:55'),
(54, 29, 7, 1, '2021-04-11 03:48:37', '2021-04-11 03:47:16', '2021-04-11 03:48:37'),
(55, 29, 2, 1, '2021-04-11 03:48:37', '2021-04-11 03:47:16', '2021-04-11 03:48:37'),
(56, 29, 7, 1, '2021-04-11 23:16:24', '2021-04-11 03:51:54', '2021-04-11 23:16:24'),
(57, 29, 2, 1, '2021-04-11 23:16:24', '2021-04-11 03:51:54', '2021-04-11 23:16:24'),
(58, 29, 7, 1, '2021-04-11 23:16:27', '2021-04-11 23:16:24', '2021-04-11 23:16:27'),
(59, 29, 2, 1, '2021-04-11 23:16:27', '2021-04-11 23:16:24', '2021-04-11 23:16:27'),
(60, 29, 7, 1, '2021-04-18 06:42:30', '2021-04-11 23:16:31', '2021-04-18 06:42:30'),
(61, 29, 2, 1, '2021-04-18 06:42:30', '2021-04-11 23:16:31', '2021-04-18 06:42:30'),
(62, 29, 7, 1, NULL, '2021-04-19 14:47:02', '2021-04-19 14:47:02'),
(63, 29, 2, 1, NULL, '2021-04-19 14:47:02', '2021-04-19 14:47:02'),
(64, 53, 2, 1, NULL, '2021-07-09 05:19:59', '2021-07-09 05:19:59'),
(65, 54, 7, 1, NULL, '2021-07-20 14:25:57', '2021-07-20 14:25:57'),
(66, 54, 2, 1, NULL, '2021-07-20 14:25:57', '2021-07-20 14:25:57'),
(67, 54, 14, 1, NULL, '2021-07-20 14:25:57', '2021-07-20 14:25:57'),
(68, 55, 7, 1, NULL, '2021-07-20 14:26:03', '2021-07-20 14:26:03'),
(69, 55, 2, 1, NULL, '2021-07-20 14:26:03', '2021-07-20 14:26:03'),
(70, 55, 14, 1, NULL, '2021-07-20 14:26:03', '2021-07-20 14:26:03'),
(71, 57, 7, 1, NULL, '2021-07-20 14:26:11', '2021-07-20 14:26:11'),
(72, 57, 2, 1, NULL, '2021-07-20 14:26:11', '2021-07-20 14:26:11'),
(73, 57, 14, 1, NULL, '2021-07-20 14:26:11', '2021-07-20 14:26:11'),
(74, 58, 7, 1, NULL, '2021-07-20 14:26:19', '2021-07-20 14:26:19'),
(75, 58, 2, 1, NULL, '2021-07-20 14:26:19', '2021-07-20 14:26:19'),
(76, 58, 14, 1, NULL, '2021-07-20 14:26:19', '2021-07-20 14:26:19'),
(77, 60, 7, 1, '2021-07-20 14:37:31', '2021-07-20 14:26:26', '2021-07-20 14:37:31'),
(78, 60, 2, 1, '2021-07-20 14:37:31', '2021-07-20 14:26:26', '2021-07-20 14:37:31'),
(79, 60, 14, 1, '2021-07-20 14:37:31', '2021-07-20 14:26:26', '2021-07-20 14:37:31'),
(80, 61, 7, 1, NULL, '2021-07-20 14:26:34', '2021-07-20 14:26:34'),
(81, 61, 2, 1, NULL, '2021-07-20 14:26:34', '2021-07-20 14:26:34'),
(82, 61, 14, 1, NULL, '2021-07-20 14:26:34', '2021-07-20 14:26:34'),
(83, 60, 2, 1, NULL, '2021-07-20 14:37:31', '2021-07-20 14:37:31'),
(84, 60, 3, 1, NULL, '2021-07-20 14:37:31', '2021-07-20 14:37:31'),
(85, 60, 5, 1, NULL, '2021-07-20 14:37:31', '2021-07-20 14:37:31'),
(86, 60, 6, 1, NULL, '2021-07-20 14:37:31', '2021-07-20 14:37:31'),
(87, 60, 7, 1, NULL, '2021-07-20 14:37:31', '2021-07-20 14:37:31'),
(88, 60, 14, 1, NULL, '2021-07-20 14:37:31', '2021-07-20 14:37:31'),
(89, 62, 2, 1, NULL, '2021-07-20 14:47:24', '2021-07-20 14:47:24'),
(90, 62, 5, 1, NULL, '2021-07-20 14:47:24', '2021-07-20 14:47:24'),
(91, 62, 6, 1, NULL, '2021-07-20 14:47:24', '2021-07-20 14:47:24'),
(92, 62, 7, 1, NULL, '2021-07-20 14:47:24', '2021-07-20 14:47:24'),
(93, 62, 14, 1, NULL, '2021-07-20 14:47:24', '2021-07-20 14:47:24'),
(94, 72, 7, 1, NULL, '2021-08-18 06:16:49', '2021-08-18 06:16:49'),
(95, 72, 2, 1, NULL, '2021-08-18 06:16:49', '2021-08-18 06:16:49'),
(96, 72, 14, 1, NULL, '2021-08-18 06:16:49', '2021-08-18 06:16:49'),
(97, 76, 7, 1, NULL, '2021-08-18 06:34:55', '2021-08-18 06:34:55'),
(98, 76, 2, 1, NULL, '2021-08-18 06:34:55', '2021-08-18 06:34:55'),
(99, 76, 14, 1, NULL, '2021-08-18 06:34:55', '2021-08-18 06:34:55'),
(100, 80, 2, 1, NULL, '2022-06-11 04:30:48', '2022-06-11 04:30:48');

-- --------------------------------------------------------

--
-- Table structure for table `access_user_submenu`
--

CREATE TABLE `access_user_submenu` (
  `id` bigint(20) UNSIGNED NOT NULL,
  `user_id` int(11) NOT NULL,
  `submenu_id` int(11) NOT NULL,
  `created_by` int(11) DEFAULT NULL,
  `deleted_at` timestamp NULL DEFAULT NULL,
  `created_at` timestamp NOT NULL DEFAULT current_timestamp(),
  `updated_at` timestamp NULL DEFAULT NULL ON UPDATE current_timestamp()
) ENGINE=InnoDB DEFAULT CHARSET=utf8mb4 COLLATE=utf8mb4_unicode_ci;

--
-- Dumping data for table `access_user_submenu`
--

INSERT INTO `access_user_submenu` (`id`, `user_id`, `submenu_id`, `created_by`, `deleted_at`, `created_at`, `updated_at`) VALUES
(19, 1, 1, 1, NULL, '2021-03-20 22:33:32', '2021-03-20 22:33:32'),
(20, 1, 2, 1, NULL, '2021-03-20 22:33:32', '2021-03-20 22:33:32'),
(21, 1, 3, 1, NULL, '2021-03-20 22:33:32', '2021-03-20 22:33:32'),
(22, 1, 4, 1, NULL, '2021-03-20 22:33:32', '2021-03-20 22:33:32'),
(23, 1, 6, 1, NULL, '2021-03-20 22:33:32', '2021-03-20 22:33:32'),
(24, 1, 7, 1, NULL, '2021-03-20 22:33:32', '2021-03-20 22:33:32'),
(25, 5, 1, 1, NULL, '2021-03-21 01:36:08', '2021-03-21 01:36:08'),
(26, 5, 2, 1, NULL, '2021-03-21 01:36:08', '2021-03-21 01:36:08'),
(27, 5, 3, 1, NULL, '2021-03-21 01:36:08', '2021-03-21 01:36:08'),
(28, 5, 4, 1, NULL, '2021-03-21 01:36:08', '2021-03-21 01:36:08'),
(29, 5, 6, 1, NULL, '2021-03-21 01:36:08', '2021-03-21 01:36:08'),
(30, 5, 7, 1, NULL, '2021-03-21 01:36:08', '2021-03-21 01:36:08'),
(31, 21, 1, 1, NULL, '2021-03-22 23:47:18', '2021-03-22 23:47:18'),
(32, 21, 2, 1, NULL, '2021-03-22 23:47:18', '2021-03-22 23:47:18'),
(33, 21, 3, 1, NULL, '2021-03-22 23:47:18', '2021-03-22 23:47:18'),
(34, 21, 4, 1, NULL, '2021-03-22 23:47:18', '2021-03-22 23:47:18'),
(35, 21, 6, 1, NULL, '2021-03-22 23:47:18', '2021-03-22 23:47:18'),
(36, 21, 7, 1, NULL, '2021-03-22 23:47:18', '2021-03-22 23:47:18'),
(37, 1, 8, 1, NULL, '2021-03-23 07:42:15', '2021-03-23 07:42:15'),
(38, 2, 8, 1, NULL, '2021-03-24 05:45:49', '2021-03-24 05:45:49'),
(39, 1, 9, 1, NULL, '2021-03-26 07:13:54', '2021-03-26 07:13:54'),
(40, 23, 1, 1, NULL, '2021-03-27 19:22:25', '2021-03-27 19:22:25'),
(41, 23, 2, 1, NULL, '2021-03-27 19:22:25', '2021-03-27 19:22:25'),
(42, 23, 3, 1, NULL, '2021-03-27 19:22:25', '2021-03-27 19:22:25'),
(43, 23, 4, 1, NULL, '2021-03-27 19:22:25', '2021-03-27 19:22:25'),
(44, 23, 6, 1, NULL, '2021-03-27 19:22:25', '2021-03-27 19:22:25'),
(45, 23, 7, 1, NULL, '2021-03-27 19:22:25', '2021-03-27 19:22:25'),
(46, 24, 1, 1, NULL, '2021-03-27 19:22:44', '2021-03-27 19:22:44'),
(47, 24, 2, 1, NULL, '2021-03-27 19:22:44', '2021-03-27 19:22:44'),
(48, 24, 3, 1, NULL, '2021-03-27 19:22:44', '2021-03-27 19:22:44'),
(49, 24, 4, 1, NULL, '2021-03-27 19:22:44', '2021-03-27 19:22:44'),
(50, 24, 6, 1, NULL, '2021-03-27 19:22:44', '2021-03-27 19:22:44'),
(51, 24, 7, 1, NULL, '2021-03-27 19:22:44', '2021-03-27 19:22:44'),
(52, 25, 1, 1, NULL, '2021-03-27 19:23:15', '2021-03-27 19:23:15'),
(53, 25, 2, 1, NULL, '2021-03-27 19:23:15', '2021-03-27 19:23:15'),
(54, 25, 3, 1, NULL, '2021-03-27 19:23:15', '2021-03-27 19:23:15'),
(55, 25, 4, 1, NULL, '2021-03-27 19:23:15', '2021-03-27 19:23:15'),
(56, 25, 6, 1, NULL, '2021-03-27 19:23:15', '2021-03-27 19:23:15'),
(57, 25, 7, 1, NULL, '2021-03-27 19:23:15', '2021-03-27 19:23:15'),
(58, 26, 1, 1, NULL, '2021-03-27 19:24:08', '2021-03-27 19:24:08'),
(59, 26, 2, 1, NULL, '2021-03-27 19:24:08', '2021-03-27 19:24:08'),
(60, 26, 3, 1, NULL, '2021-03-27 19:24:08', '2021-03-27 19:24:08'),
(61, 26, 4, 1, NULL, '2021-03-27 19:24:08', '2021-03-27 19:24:08'),
(62, 26, 6, 1, NULL, '2021-03-27 19:24:08', '2021-03-27 19:24:08'),
(63, 26, 7, 1, NULL, '2021-03-27 19:24:08', '2021-03-27 19:24:08'),
(64, 27, 1, 1, NULL, '2021-03-27 21:37:23', '2021-03-27 21:37:23'),
(65, 27, 2, 1, NULL, '2021-03-27 21:37:23', '2021-03-27 21:37:23'),
(66, 27, 3, 1, NULL, '2021-03-27 21:37:23', '2021-03-27 21:37:23'),
(67, 27, 4, 1, NULL, '2021-03-27 21:37:23', '2021-03-27 21:37:23'),
(68, 27, 6, 1, NULL, '2021-03-27 21:37:23', '2021-03-27 21:37:23'),
(69, 27, 7, 1, NULL, '2021-03-27 21:37:23', '2021-03-27 21:37:23'),
(70, 1, 10, 1, NULL, '2021-03-28 13:58:29', '2021-03-28 13:58:29'),
(71, 1, 11, 1, NULL, '2021-03-28 13:58:31', '2021-03-28 13:58:31'),
(72, 1, 13, 1, NULL, '2021-04-04 09:19:04', '2021-04-04 09:19:04'),
(73, 1, 12, 1, NULL, '2021-04-04 09:19:09', '2021-04-04 09:19:09'),
(74, 1, 17, 1, NULL, '2021-04-04 16:50:02', '2021-04-04 16:50:02'),
(75, 1, 16, 1, NULL, '2021-04-04 16:50:03', '2021-04-04 16:50:03'),
(76, 1, 15, 1, NULL, '2021-04-04 16:50:06', '2021-04-04 16:50:06'),
(77, 1, 18, 1, NULL, '2021-04-05 22:02:32', '2021-04-05 22:02:32'),
(78, 29, 8, 1, '2021-04-11 03:48:37', '2021-04-11 03:47:16', '2021-04-11 03:48:37'),
(79, 29, 18, 1, '2021-04-11 03:48:37', '2021-04-11 03:47:16', '2021-04-11 03:48:37'),
(80, 29, 8, 1, '2021-04-11 23:16:24', '2021-04-11 03:51:54', '2021-04-11 23:16:24'),
(81, 29, 18, 1, '2021-04-11 23:16:24', '2021-04-11 03:51:54', '2021-04-11 23:16:24'),
(82, 29, 8, 1, '2021-04-11 23:16:27', '2021-04-11 23:16:24', '2021-04-11 23:16:27'),
(83, 29, 18, 1, '2021-04-11 23:16:27', '2021-04-11 23:16:24', '2021-04-11 23:16:27'),
(84, 29, 8, 1, '2021-04-18 06:42:30', '2021-04-11 23:16:31', '2021-04-18 06:42:30'),
(85, 29, 18, 1, '2021-04-18 06:42:30', '2021-04-11 23:16:31', '2021-04-18 06:42:30'),
(86, 1, 20, 1, NULL, '2021-04-14 20:42:17', '2021-04-14 20:42:17'),
(87, 1, 19, 1, NULL, '2021-04-14 20:42:17', '2021-04-14 20:42:17'),
(88, 29, 8, 1, NULL, '2021-04-19 14:47:02', '2021-04-19 14:47:02'),
(89, 29, 18, 1, NULL, '2021-04-19 14:47:02', '2021-04-19 14:47:02'),
(90, 1, 21, 1, NULL, '2021-05-10 04:47:53', '2021-05-10 04:47:53'),
(91, 1, 22, 1, NULL, '2021-05-10 04:47:57', '2021-05-10 04:47:57'),
(92, 1, 23, 1, NULL, '2021-05-10 04:54:18', '2021-05-10 04:54:18'),
(93, 1, 24, 1, NULL, '2021-05-10 04:54:23', '2021-05-10 04:54:23'),
(94, 1, 25, 1, NULL, '2021-05-10 04:54:27', '2021-05-10 04:54:27'),
(95, 1, 26, 1, NULL, '2021-05-10 04:54:30', '2021-05-10 04:54:30'),
(96, 1, 27, 1, NULL, '2021-05-10 04:54:34', '2021-05-10 04:54:34'),
(97, 1, 28, 1, NULL, '2021-05-10 04:54:38', '2021-05-10 04:54:38'),
(98, 1, 29, 1, NULL, '2021-05-10 04:54:42', '2021-05-10 04:54:42'),
(99, 1, 30, 1, NULL, '2021-05-10 04:54:46', '2021-05-10 04:54:46'),
(100, 1, 31, 1, NULL, '2021-05-10 04:54:49', '2021-05-10 04:54:49'),
(101, 1, 32, 1, NULL, '2021-05-10 04:54:53', '2021-05-10 04:54:53'),
(102, 1, 35, 1, NULL, '2021-05-10 04:54:56', '2021-05-10 04:54:56'),
(103, 1, 34, 1, NULL, '2021-05-10 04:55:00', '2021-05-10 04:55:00'),
(104, 1, 33, 1, NULL, '2021-05-10 04:55:03', '2021-05-10 04:55:03'),
(105, 1, 36, 1, NULL, '2021-06-02 06:10:45', '2021-06-02 06:10:45'),
(106, 53, 8, 1, NULL, '2021-07-09 05:19:59', '2021-07-09 05:19:59'),
(107, 53, 18, 1, NULL, '2021-07-09 05:19:59', '2021-07-09 05:19:59'),
(108, 54, 18, 1, NULL, '2021-07-20 14:25:57', '2021-07-20 14:25:57'),
(109, 54, 8, 1, NULL, '2021-07-20 14:25:57', '2021-07-20 14:25:57'),
(110, 54, 19, 1, NULL, '2021-07-20 14:25:57', '2021-07-20 14:25:57'),
(111, 54, 20, 1, NULL, '2021-07-20 14:25:57', '2021-07-20 14:25:57'),
(112, 55, 18, 1, NULL, '2021-07-20 14:26:03', '2021-07-20 14:26:03'),
(113, 55, 8, 1, NULL, '2021-07-20 14:26:03', '2021-07-20 14:26:03'),
(114, 55, 19, 1, NULL, '2021-07-20 14:26:03', '2021-07-20 14:26:03'),
(115, 55, 20, 1, NULL, '2021-07-20 14:26:03', '2021-07-20 14:26:03'),
(116, 57, 18, 1, NULL, '2021-07-20 14:26:11', '2021-07-20 14:26:11'),
(117, 57, 8, 1, NULL, '2021-07-20 14:26:11', '2021-07-20 14:26:11'),
(118, 57, 19, 1, NULL, '2021-07-20 14:26:11', '2021-07-20 14:26:11'),
(119, 57, 20, 1, NULL, '2021-07-20 14:26:11', '2021-07-20 14:26:11'),
(120, 58, 18, 1, NULL, '2021-07-20 14:26:19', '2021-07-20 14:26:19'),
(121, 58, 8, 1, NULL, '2021-07-20 14:26:19', '2021-07-20 14:26:19'),
(122, 58, 19, 1, NULL, '2021-07-20 14:26:19', '2021-07-20 14:26:19'),
(123, 58, 20, 1, NULL, '2021-07-20 14:26:19', '2021-07-20 14:26:19'),
(124, 60, 18, 1, '2021-07-20 14:37:31', '2021-07-20 14:26:26', '2021-07-20 14:37:31'),
(125, 60, 8, 1, '2021-07-20 14:37:31', '2021-07-20 14:26:26', '2021-07-20 14:37:31'),
(126, 60, 19, 1, '2021-07-20 14:37:31', '2021-07-20 14:26:26', '2021-07-20 14:37:31'),
(127, 60, 20, 1, '2021-07-20 14:37:31', '2021-07-20 14:26:26', '2021-07-20 14:37:31'),
(128, 61, 18, 1, NULL, '2021-07-20 14:26:34', '2021-07-20 14:26:34'),
(129, 61, 8, 1, NULL, '2021-07-20 14:26:34', '2021-07-20 14:26:34'),
(130, 61, 19, 1, NULL, '2021-07-20 14:26:34', '2021-07-20 14:26:34'),
(131, 61, 20, 1, NULL, '2021-07-20 14:26:34', '2021-07-20 14:26:34'),
(132, 60, 8, 1, NULL, '2021-07-20 14:37:31', '2021-07-20 14:37:31'),
(133, 60, 10, 1, NULL, '2021-07-20 14:37:31', '2021-07-20 14:37:31'),
(134, 60, 11, 1, NULL, '2021-07-20 14:37:31', '2021-07-20 14:37:31'),
(135, 60, 12, 1, NULL, '2021-07-20 14:37:31', '2021-07-20 14:37:31'),
(136, 60, 13, 1, NULL, '2021-07-20 14:37:31', '2021-07-20 14:37:31'),
(137, 60, 15, 1, NULL, '2021-07-20 14:37:31', '2021-07-20 14:37:31'),
(138, 60, 16, 1, NULL, '2021-07-20 14:37:31', '2021-07-20 14:37:31'),
(139, 60, 18, 1, NULL, '2021-07-20 14:37:31', '2021-07-20 14:37:31'),
(140, 60, 17, 1, NULL, '2021-07-20 14:37:31', '2021-07-20 14:37:31'),
(141, 60, 19, 1, NULL, '2021-07-20 14:37:31', '2021-07-20 14:37:31'),
(142, 60, 20, 1, NULL, '2021-07-20 14:37:31', '2021-07-20 14:37:31'),
(143, 60, 21, 1, NULL, '2021-07-20 14:37:31', '2021-07-20 14:37:31'),
(144, 60, 22, 1, NULL, '2021-07-20 14:37:31', '2021-07-20 14:37:31'),
(145, 60, 23, 1, NULL, '2021-07-20 14:37:31', '2021-07-20 14:37:31'),
(146, 60, 24, 1, NULL, '2021-07-20 14:37:31', '2021-07-20 14:37:31'),
(147, 60, 25, 1, NULL, '2021-07-20 14:37:31', '2021-07-20 14:37:31'),
(148, 60, 26, 1, NULL, '2021-07-20 14:37:31', '2021-07-20 14:37:31'),
(149, 60, 27, 1, NULL, '2021-07-20 14:37:31', '2021-07-20 14:37:31'),
(150, 60, 28, 1, NULL, '2021-07-20 14:37:31', '2021-07-20 14:37:31'),
(151, 60, 29, 1, NULL, '2021-07-20 14:37:31', '2021-07-20 14:37:31'),
(152, 60, 30, 1, NULL, '2021-07-20 14:37:31', '2021-07-20 14:37:31'),
(153, 60, 31, 1, NULL, '2021-07-20 14:37:31', '2021-07-20 14:37:31'),
(154, 60, 32, 1, NULL, '2021-07-20 14:37:31', '2021-07-20 14:37:31'),
(155, 60, 33, 1, NULL, '2021-07-20 14:37:31', '2021-07-20 14:37:31'),
(156, 60, 34, 1, NULL, '2021-07-20 14:37:31', '2021-07-20 14:37:31'),
(157, 60, 35, 1, NULL, '2021-07-20 14:37:31', '2021-07-20 14:37:31'),
(158, 60, 36, 1, NULL, '2021-07-20 14:37:31', '2021-07-20 14:37:31'),
(159, 62, 8, 1, NULL, '2021-07-20 14:47:24', '2021-07-20 14:47:24'),
(160, 62, 10, 1, NULL, '2021-07-20 14:47:24', '2021-07-20 14:47:24'),
(161, 62, 11, 1, NULL, '2021-07-20 14:47:24', '2021-07-20 14:47:24'),
(162, 62, 12, 1, NULL, '2021-07-20 14:47:24', '2021-07-20 14:47:24'),
(163, 62, 13, 1, NULL, '2021-07-20 14:47:24', '2021-07-20 14:47:24'),
(164, 62, 15, 1, NULL, '2021-07-20 14:47:24', '2021-07-20 14:47:24'),
(165, 62, 16, 1, NULL, '2021-07-20 14:47:24', '2021-07-20 14:47:24'),
(166, 62, 18, 1, NULL, '2021-07-20 14:47:24', '2021-07-20 14:47:24'),
(167, 62, 17, 1, NULL, '2021-07-20 14:47:24', '2021-07-20 14:47:24'),
(168, 62, 19, 1, NULL, '2021-07-20 14:47:24', '2021-07-20 14:47:24'),
(169, 62, 20, 1, NULL, '2021-07-20 14:47:24', '2021-07-20 14:47:24'),
(170, 62, 21, 1, NULL, '2021-07-20 14:47:24', '2021-07-20 14:47:24'),
(171, 62, 22, 1, NULL, '2021-07-20 14:47:24', '2021-07-20 14:47:24'),
(172, 62, 23, 1, NULL, '2021-07-20 14:47:24', '2021-07-20 14:47:24'),
(173, 62, 24, 1, NULL, '2021-07-20 14:47:24', '2021-07-20 14:47:24'),
(174, 62, 25, 1, NULL, '2021-07-20 14:47:24', '2021-07-20 14:47:24'),
(175, 62, 26, 1, NULL, '2021-07-20 14:47:24', '2021-07-20 14:47:24'),
(176, 62, 27, 1, NULL, '2021-07-20 14:47:24', '2021-07-20 14:47:24'),
(177, 62, 28, 1, NULL, '2021-07-20 14:47:24', '2021-07-20 14:47:24'),
(178, 62, 29, 1, NULL, '2021-07-20 14:47:24', '2021-07-20 14:47:24'),
(179, 62, 30, 1, NULL, '2021-07-20 14:47:24', '2021-07-20 14:47:24'),
(180, 62, 31, 1, NULL, '2021-07-20 14:47:24', '2021-07-20 14:47:24'),
(181, 62, 32, 1, NULL, '2021-07-20 14:47:24', '2021-07-20 14:47:24'),
(182, 62, 33, 1, NULL, '2021-07-20 14:47:24', '2021-07-20 14:47:24'),
(183, 62, 34, 1, NULL, '2021-07-20 14:47:24', '2021-07-20 14:47:24'),
(184, 62, 35, 1, NULL, '2021-07-20 14:47:24', '2021-07-20 14:47:24'),
(185, 62, 36, 1, NULL, '2021-07-20 14:47:24', '2021-07-20 14:47:24'),
(186, 72, 18, 1, NULL, '2021-08-18 06:16:49', '2021-08-18 06:16:49'),
(187, 72, 8, 1, NULL, '2021-08-18 06:16:49', '2021-08-18 06:16:49'),
(188, 72, 19, 1, NULL, '2021-08-18 06:16:49', '2021-08-18 06:16:49'),
(189, 72, 20, 1, NULL, '2021-08-18 06:16:49', '2021-08-18 06:16:49'),
(190, 76, 18, 1, NULL, '2021-08-18 06:34:55', '2021-08-18 06:34:55'),
(191, 76, 8, 1, NULL, '2021-08-18 06:34:55', '2021-08-18 06:34:55'),
(192, 76, 19, 1, NULL, '2021-08-18 06:34:55', '2021-08-18 06:34:55'),
(193, 76, 20, 1, NULL, '2021-08-18 06:34:55', '2021-08-18 06:34:55'),
(194, 80, 8, 1, NULL, '2022-06-11 04:30:48', '2022-06-11 04:30:48'),
(195, 80, 18, 1, NULL, '2022-06-11 04:30:48', '2022-06-11 04:30:48');

-- --------------------------------------------------------

--
-- Table structure for table `activities`
--

CREATE TABLE `activities` (
  `id` bigint(20) UNSIGNED NOT NULL,
  `user_id` int(11) NOT NULL,
  `url_access` varchar(255) COLLATE utf8mb4_unicode_ci NOT NULL,
  `description` varchar(255) COLLATE utf8mb4_unicode_ci NOT NULL,
  `browser` char(255) COLLATE utf8mb4_unicode_ci NOT NULL,
  `deleted_at` timestamp NULL DEFAULT NULL,
  `created_at` timestamp NOT NULL DEFAULT current_timestamp(),
  `code_activity` char(50) COLLATE utf8mb4_unicode_ci DEFAULT NULL
) ENGINE=InnoDB DEFAULT CHARSET=utf8mb4 COLLATE=utf8mb4_unicode_ci;

--
-- Dumping data for table `activities`
--

INSERT INTO `activities` (`id`, `user_id`, `url_access`, `description`, `browser`, `deleted_at`, `created_at`, `code_activity`) VALUES
(2, 1, '/api/v1/user/delete', 'Delete user', 'Google Chrome', NULL, '2021-03-27 14:05:12', '10406211972'),
(5, 1, '/api/v1/trash/section/recovery', 'merecovery data section', 'Google Chrome', NULL, '2021-04-05 21:19:23', '10406212200'),
(6, 1, '/api/v1/trash/section/delete', 'menghapus data section', 'Google Chrome', NULL, '2021-04-05 21:20:23', '10406212400'),
(7, 1, '/api/v1/trash/menu/recovery', 'merecovery data sampah menu', 'Internet Explorer', NULL, '2021-04-05 21:33:24', '10406212500'),
(8, 1, '/api/v1/trash/menu/recovery', 'merecovery data sampah menu', 'Internet Explorer', NULL, '2021-04-05 21:34:22', '10406212700'),
(9, 1, '/api/v1/trash/menu/recovery', 'merecovery data sampah menu', 'Internet Explorer', NULL, '2021-04-05 21:35:57', '10406212722'),
(12, 1, '/api/v1/trash/menu/insert', 'merecovery data sampah menu', 'Safari', NULL, '2021-04-05 21:35:57', '10406212722'),
(13, 1, '/api/v1/trash/section/recovery', 'merecovery data sampah section', 'Google Chrome', NULL, '2021-04-06 20:07:48', '104072139280'),
(14, 1, '/api/v1/trash/section/delete', 'menghapus data sampah section', 'Mozilla Firefox', NULL, '2021-04-06 20:09:39', '104072112724'),
(15, 1, '/api/v1/trash/section/recovery', 'merecovery data sampah section', 'Mozilla Firefox', NULL, '2021-04-06 20:09:52', '104072137529'),
(16, 1, '/api/v1/user/insert', 'Create new user user1', 'Google Chrome', NULL, '2021-04-08 01:41:09', '104082137995'),
(17, 1, '/api/v1/category/insert', 'menambah data category', 'Google Chrome', NULL, '2021-04-10 20:05:26', '10411218076'),
(18, 1, '/api/v1/category/insert', 'menambah data category', 'Google Chrome', NULL, '2021-04-10 20:05:31', '104112119895'),
(19, 1, '/api/v1/category/insert', 'menambah data category', 'Google Chrome', NULL, '2021-04-10 20:05:36', '104112140853'),
(20, 29, '/api/v1/features/article/insert', 'menambah data article', 'Google Chrome', NULL, '2021-04-11 15:33:33', '2904112129956'),
(21, 1, '/api/v1/member/registration/accept', 'Accept new member', 'Google Chrome', NULL, '2021-04-11 23:16:24', '10412212419'),
(22, 1, '/api/v1/member/registration/reject', 'Reject new member', 'Google Chrome', NULL, '2021-04-11 23:16:27', '104122125942'),
(23, 1, '/api/v1/member/registration/accept', 'Accept new member', 'Google Chrome', NULL, '2021-04-11 23:16:31', '104122132646'),
(24, 1, '/api/v1/member/schedule/insert', 'Menambahkan jadwal member', 'Google Chrome', NULL, '2021-04-12 02:44:23', '104122113402'),
(25, 1, '/api/v1/member/schedule/insert', 'Menambahkan jadwal member', 'Google Chrome', NULL, '2021-04-12 04:31:11', '104122129640'),
(26, 1, '/api/v1/member/schedule/insert', 'Menambahkan jadwal member', 'Google Chrome', NULL, '2021-04-12 04:32:40', '104122129113'),
(27, 1, '/api/v1/trash/menu/delete', 'menghapus data sampah menu', 'Google Chrome', NULL, '2021-04-12 04:34:43', '10412213758'),
(28, 1, '/api/v1/trash/menu/delete', 'menghapus data sampah menu', 'Google Chrome', NULL, '2021-04-12 04:35:01', '104122119476'),
(29, 1, '/api/v1/member/schedule/insert', 'Menambahkan jadwal member', 'Google Chrome', NULL, '2021-04-12 04:44:54', '104122119499'),
(30, 1, '/api/v1/member/schedule/delete', 'Menghapus jadwal member', 'Google Chrome', NULL, '2021-04-12 04:44:58', '104122120929'),
(31, 1, '/api/v1/member/schedule/update', 'Mengubah jadwal member', 'Google Chrome', NULL, '2021-04-12 05:10:15', '104122132495'),
(32, 35, '/api/v1/member/insert/profile', 'memperbarui data profile', 'Google Chrome', NULL, '2021-04-15 00:02:45', '3504152116701'),
(33, 35, '/api/v1/member/insert/profile', 'memperbarui data profile', 'Google Chrome', NULL, '2021-04-15 00:02:52', '3504152123783'),
(34, 35, '/api/v1/member/insert/profile', 'memperbarui data profile', 'Google Chrome', NULL, '2021-04-15 00:03:07', '350415212167'),
(35, 35, '/api/v1/member/insert/profile', 'memperbarui data profile', 'Google Chrome', NULL, '2021-04-15 00:04:49', '350415211698'),
(36, 36, '/api/v1/member/insert/profile', 'memperbarui data profile', 'Google Chrome', NULL, '2021-04-15 00:12:53', '3604152141581'),
(37, 36, '/api/v1/member/insert/profile', 'memperbarui data profile', 'Google Chrome', NULL, '2021-04-15 00:17:46', '3604152120117'),
(38, 36, '/api/v1/member/insert/profile', 'memperbarui data profile', 'Google Chrome', NULL, '2021-04-15 00:18:59', '3604152130199'),
(39, 36, '/api/v1/member/insert/profile', 'memperbarui data profile', 'Google Chrome', NULL, '2021-04-15 00:19:19', '3604152114357'),
(40, 36, '/api/v1/member/insert/profile', 'memperbarui data profile', 'Google Chrome', NULL, '2021-04-15 00:25:21', '360415213112'),
(41, 36, '/api/v1/member/insert/profile', 'memperbarui data profile', 'Google Chrome', NULL, '2021-04-15 00:25:34', '3604152127221'),
(42, 36, '/api/v1/member/insert/profile', 'memperbarui data profile', 'Google Chrome', NULL, '2021-04-15 00:25:52', '3604152133777'),
(43, 36, '/api/v1/member/delete/image/profile', 'menghapus data image profile', 'Google Chrome', NULL, '2021-04-15 00:25:58', '3604152114281'),
(44, 36, '/api/v1/member/insert/profile', 'memperbarui data profile', 'Google Chrome', NULL, '2021-04-15 00:26:08', '3604152130561'),
(45, 36, '/api/v1/member/insert/profile', 'memperbarui data profile', 'Google Chrome', NULL, '2021-04-15 00:26:42', '3604152123237'),
(46, 36, '/api/v1/member/delete/image/profile', 'menghapus data image profile', 'Google Chrome', NULL, '2021-04-15 00:27:16', '3604152135043'),
(47, 1, '/api/v1/member/precentages/test/update', 'Memperbaharui data test member', 'Google Chrome', NULL, '2021-04-18 04:19:26', '104182130466'),
(48, 1, '/api/v1/member/registration/reject', 'Reject new member', 'Google Chrome', NULL, '2021-04-18 06:42:30', '104182110830'),
(49, 1, '/api/v1/trash/section/recovery', 'merecovery data sampah section', 'Google Chrome', NULL, '2021-04-18 06:45:14', '104182137711'),
(50, 1, '/api/v1/member/insert/profile', 'memperbarui data profile', 'Google Chrome', NULL, '2021-04-18 07:06:24', '104182134741'),
(51, 1, '/api/v1/member/insert/profile', 'memperbarui data profile', 'Google Chrome', NULL, '2021-04-18 07:06:53', '10418219653'),
(52, 1, '/api/v1/member/delete/image/profile', 'menghapus data image profile', 'Google Chrome', NULL, '2021-04-18 07:07:07', '104182137374'),
(53, 1, '/api/v1/member/setting/changepassword', 'memperbarui data password', 'Google Chrome', NULL, '2021-04-18 07:20:07', '10418214039'),
(54, 1, '/api/v1/member/setting/changepassword', 'memperbarui data password', 'Google Chrome', NULL, '2021-04-18 07:20:09', '104182135853'),
(55, 1, '/api/v1/member/setting/changepassword', 'memperbarui data password', 'Google Chrome', NULL, '2021-04-18 07:20:10', '104182141069'),
(56, 1, '/api/v1/member/setting/changepassword', 'memperbarui data password', 'Google Chrome', NULL, '2021-04-18 07:20:12', '10418218673'),
(57, 1, '/api/v1/member/setting/changepassword', 'memperbarui data password', 'Google Chrome', NULL, '2021-04-18 07:20:12', '104182113137'),
(58, 1, '/api/v1/member/setting/changepassword', 'memperbarui data password', 'Google Chrome', NULL, '2021-04-18 07:20:14', '104182136052'),
(59, 1, '/api/v1/member/setting/changepassword', 'memperbarui data password', 'Google Chrome', NULL, '2021-04-18 07:20:19', '104182122824'),
(60, 1, '/api/v1/member/setting/changepassword', 'memperbarui data password', 'Google Chrome', NULL, '2021-04-18 07:20:20', '104182139373'),
(61, 1, '/api/v1/member/setting/changepassword', 'memperbarui data password', 'Google Chrome', NULL, '2021-04-18 07:20:21', '104182115069'),
(62, 1, '/api/v1/member/setting/changepassword', 'memperbarui data password', 'Google Chrome', NULL, '2021-04-18 07:20:22', '104182113172'),
(63, 1, '/api/v1/member/setting/changepassword', 'memperbarui data password', 'Google Chrome', NULL, '2021-04-18 08:55:15', '104182117901'),
(64, 1, '/api/v1/member/insert/profile', 'memperbarui data profile', 'Google Chrome', NULL, '2021-04-18 22:05:14', '104192116300'),
(65, 1, '/api/v1/user/update', 'Update user user_rifki', 'Google Chrome', NULL, '2021-04-19 14:46:46', '10419219172'),
(66, 1, '/api/v1/user/update', 'Update user user_rifki', 'Google Chrome', NULL, '2021-04-19 14:46:58', '104192110332'),
(67, 1, '/api/v1/user/update', 'Update user user_rifki', 'Google Chrome', NULL, '2021-04-19 14:47:02', '104192125562'),
(68, 1, '/api/v1/member/precentages/test/insert', 'Menambah data test member', 'Google Chrome', NULL, '2021-04-19 14:58:43', '104192112971'),
(69, 1, '/api/v1/access/users/change/menu', 'Menghapus access menu users', 'Google Chrome', NULL, '2021-04-20 08:41:49', '104202126721'),
(70, 1, '/api/v1/access/users/change/menu', 'Menambah access menu users', 'Google Chrome', NULL, '2021-04-20 08:41:52', '10420212431'),
(71, 1, '/api/v1/menu/update', 'Memperbaharui data menu', 'Google Chrome', NULL, '2021-04-20 13:50:45', '104202140549'),
(72, 1, '/api/v1/features/user_guide/insert', 'Menambah data user guide website', 'Google Chrome', NULL, '2021-04-20 15:01:29', '104202120260'),
(73, 1, '/api/v1/features/user_guide/insert', 'Menambah data user guide website', 'Google Chrome', NULL, '2021-04-20 15:01:43', '104202132425'),
(74, 1, '/api/v1/member/insert/profile', 'memperbarui data profile', 'Google Chrome', NULL, '2021-04-21 07:12:50', '104212118073'),
(75, 1, '/api/v1/member/insert/profile', 'memperbarui data profile', 'Google Chrome', NULL, '2021-04-21 07:12:53', '104212135097'),
(76, 1, '/api/v1/member/insert/profile', 'memperbarui data profile', 'Google Chrome', NULL, '2021-04-21 07:13:03', '104212119040'),
(77, 1, '/api/v1/member/insert/profile', 'memperbarui data profile', 'Google Chrome', NULL, '2021-04-21 07:13:21', '10421215601'),
(78, 1, '/api/v1/member/insert/profile', 'memperbarui data profile', 'Google Chrome', NULL, '2021-04-21 07:13:37', '10421212888'),
(79, 1, '/api/v1/member/insert/profile', 'memperbarui data profile', 'Google Chrome', NULL, '2021-04-21 07:14:02', '10421215762'),
(80, 1, '/api/v1/features/user_guide/list/insert', 'Menambah data list guide website', 'Google Chrome', NULL, '2021-04-22 16:31:21', '10422217851'),
(81, 1, '/api/v1/features/user_guide/list/insert', 'Menambah data list guide website', 'Google Chrome', NULL, '2021-04-22 21:16:37', '104232124086'),
(82, 1, '/api/v1/features/user_guide/list/update', 'Memperbaharui data list guide website', 'Google Chrome', NULL, '2021-04-22 22:14:20', '104232122417'),
(83, 1, '/api/v1/features/user_guide/list/update', 'Memperbaharui data list guide website', 'Google Chrome', NULL, '2021-04-22 22:14:40', '10423216311'),
(84, 1, '/api/v1/features/user_guide/list/update', 'Memperbaharui data list guide website', 'Google Chrome', NULL, '2021-04-22 22:15:22', '104232124923'),
(85, 1, '/api/v1/features/user_guide/list/update', 'Memperbaharui data list guide website', 'Google Chrome', NULL, '2021-04-22 22:15:28', '10423215026'),
(86, 1, '/api/v1/features/user_guide/list/update', 'Memperbaharui data list guide website', 'Google Chrome', NULL, '2021-04-22 22:15:41', '104232113141'),
(87, 1, '/api/v1/features/user_guide/list/update', 'Memperbaharui data list guide website', 'Google Chrome', NULL, '2021-04-22 22:15:59', '104232115719'),
(88, 1, '/api/v1/features/user_guide/list/delete', 'menghapus data list guide website', 'Google Chrome', NULL, '2021-04-22 22:23:27', '104232135084'),
(89, 1, '/api/v1/features/user_guide/list/delete', 'menghapus data list guide website', 'Google Chrome', NULL, '2021-04-22 22:23:54', '104232126790'),
(90, 1, '/api/v1/features/user_guide/list/insert', 'Menambah data list guide website', 'Google Chrome', NULL, '2021-04-23 03:01:42', '104232110288'),
(91, 1, '/api/v1/features/user_guide/delete', 'Menghapus data user guides website', 'Google Chrome', NULL, '2021-04-23 04:26:38', '104232118834'),
(92, 1, '/api/v1/features/user_guide/insert', 'Menambah data user guide website', 'Google Chrome', NULL, '2021-04-23 04:27:18', '104232115297'),
(93, 1, '/api/v1/features/user_guide/list/insert', 'Menambah data list guide website', 'Google Chrome', NULL, '2021-04-23 04:28:29', '104232112670'),
(94, 1, '/api/v1/features/user_guide/list/insert', 'Menambah data list guide website', 'Google Chrome', NULL, '2021-04-23 04:29:06', '104232118809'),
(95, 1, '/api/v1/features/user_guide/list/insert', 'Menambah data list guide website', 'Google Chrome', NULL, '2021-04-23 04:29:53', '104232120050'),
(96, 1, '/api/v1/features/user_guide/list/insert', 'Menambah data list guide website', 'Google Chrome', NULL, '2021-04-23 04:30:50', '104232130869'),
(97, 1, '/api/v1/features/user_guide/list/update', 'Memperbaharui data list guide website', 'Google Chrome', NULL, '2021-04-23 04:31:06', '104232113150'),
(98, 1, '/api/v1/features/user_guide/list/delete', 'menghapus data list guide website', 'Google Chrome', NULL, '2021-04-23 04:31:27', '104232140646'),
(99, 1, '/api/v1/member/insert/profile', 'memperbarui data profile', 'Google Chrome', NULL, '2021-05-01 06:49:02', '105012114739'),
(100, 1, '/api/v1/member/insert/profile', 'memperbarui data profile', 'Google Chrome', NULL, '2021-05-01 06:49:08', '10501212133'),
(101, 1, '/api/v1/member/insert/profile', 'memperbarui data profile', 'Google Chrome', NULL, '2021-05-01 06:49:13', '105012121158'),
(102, 1, '/api/v1/menu/insert', 'Menambah data menu', 'Mozilla Firefox', NULL, '2021-05-10 04:45:51', '105102148796'),
(103, 1, '/api/v1/submenu/insert', 'Menambah data submenu', 'Mozilla Firefox', NULL, '2021-05-10 04:46:55', '105102110917'),
(104, 1, '/api/v1/submenu/insert', 'Menambah data submenu', 'Mozilla Firefox', NULL, '2021-05-10 04:47:17', '105102146996'),
(105, 1, '/api/v1/access/users/change/menu', 'Menambah access menu users', 'Mozilla Firefox', NULL, '2021-05-10 04:47:47', '105102141375'),
(106, 1, '/api/v1/access/users/change/submenu', 'Menambah access submenu users', 'Mozilla Firefox', NULL, '2021-05-10 04:47:53', '105102136887'),
(107, 1, '/api/v1/access/users/change/submenu', 'Menambah access submenu users', 'Mozilla Firefox', NULL, '2021-05-10 04:47:57', '105102111329'),
(108, 1, '/api/v1/submenu/insert', 'Menambah data submenu', 'Mozilla Firefox', NULL, '2021-05-10 04:50:10', '105102110624'),
(109, 1, '/api/v1/submenu/insert', 'Menambah data submenu', 'Mozilla Firefox', NULL, '2021-05-10 04:50:27', '105102139225'),
(110, 1, '/api/v1/submenu/insert', 'Menambah data submenu', 'Mozilla Firefox', NULL, '2021-05-10 04:50:45', '105102131693'),
(111, 1, '/api/v1/submenu/insert', 'Menambah data submenu', 'Mozilla Firefox', NULL, '2021-05-10 04:51:04', '105102125190'),
(112, 1, '/api/v1/submenu/insert', 'Menambah data submenu', 'Mozilla Firefox', NULL, '2021-05-10 04:51:21', '10510214352'),
(113, 1, '/api/v1/submenu/insert', 'Menambah data submenu', 'Mozilla Firefox', NULL, '2021-05-10 04:51:39', '105102120134'),
(114, 1, '/api/v1/submenu/insert', 'Menambah data submenu', 'Mozilla Firefox', NULL, '2021-05-10 04:51:52', '105102110924'),
(115, 1, '/api/v1/submenu/insert', 'Menambah data submenu', 'Mozilla Firefox', NULL, '2021-05-10 04:52:01', '105102143642'),
(116, 1, '/api/v1/submenu/insert', 'Menambah data submenu', 'Mozilla Firefox', NULL, '2021-05-10 04:52:19', '105102151975'),
(117, 1, '/api/v1/submenu/insert', 'Menambah data submenu', 'Mozilla Firefox', NULL, '2021-05-10 04:52:37', '105102151240'),
(118, 1, '/api/v1/submenu/insert', 'Menambah data submenu', 'Mozilla Firefox', NULL, '2021-05-10 04:52:57', '105102142426'),
(119, 1, '/api/v1/submenu/insert', 'Menambah data submenu', 'Mozilla Firefox', NULL, '2021-05-10 04:53:36', '105102141081'),
(120, 1, '/api/v1/submenu/insert', 'Menambah data submenu', 'Mozilla Firefox', NULL, '2021-05-10 04:53:56', '105102129332'),
(121, 1, '/api/v1/access/users/change/submenu', 'Menambah access submenu users', 'Mozilla Firefox', NULL, '2021-05-10 04:54:18', '10510219407'),
(122, 1, '/api/v1/access/users/change/submenu', 'Menambah access submenu users', 'Mozilla Firefox', NULL, '2021-05-10 04:54:23', '105102142962'),
(123, 1, '/api/v1/access/users/change/submenu', 'Menambah access submenu users', 'Mozilla Firefox', NULL, '2021-05-10 04:54:27', '105102132858'),
(124, 1, '/api/v1/access/users/change/submenu', 'Menambah access submenu users', 'Mozilla Firefox', NULL, '2021-05-10 04:54:30', '105102122954'),
(125, 1, '/api/v1/access/users/change/submenu', 'Menambah access submenu users', 'Mozilla Firefox', NULL, '2021-05-10 04:54:34', '105102125423'),
(126, 1, '/api/v1/access/users/change/submenu', 'Menambah access submenu users', 'Mozilla Firefox', NULL, '2021-05-10 04:54:38', '105102120520'),
(127, 1, '/api/v1/access/users/change/submenu', 'Menambah access submenu users', 'Mozilla Firefox', NULL, '2021-05-10 04:54:42', '105102149009'),
(128, 1, '/api/v1/access/users/change/submenu', 'Menambah access submenu users', 'Mozilla Firefox', NULL, '2021-05-10 04:54:46', '105102143781'),
(129, 1, '/api/v1/access/users/change/submenu', 'Menambah access submenu users', 'Mozilla Firefox', NULL, '2021-05-10 04:54:49', '10510219390'),
(130, 1, '/api/v1/access/users/change/submenu', 'Menambah access submenu users', 'Mozilla Firefox', NULL, '2021-05-10 04:54:53', '105102142407'),
(131, 1, '/api/v1/access/users/change/submenu', 'Menambah access submenu users', 'Mozilla Firefox', NULL, '2021-05-10 04:54:56', '105102113307'),
(132, 1, '/api/v1/access/users/change/submenu', 'Menambah access submenu users', 'Mozilla Firefox', NULL, '2021-05-10 04:55:00', '105102149366'),
(133, 1, '/api/v1/access/users/change/submenu', 'Menambah access submenu users', 'Mozilla Firefox', NULL, '2021-05-10 04:55:03', '105102132248'),
(134, 1, '/api/v1/imageDivision/insert', 'menambah data image Division', 'Mozilla Firefox', NULL, '2021-05-10 04:59:13', '105102147747'),
(135, 1, '/api/v1/access/change/section', 'Menghapus access section', 'Google Chrome', NULL, '2021-05-20 05:17:46', '105202148069'),
(136, 1, '/api/v1/access/change/section', 'Menambah access section', 'Google Chrome', NULL, '2021-05-20 05:18:03', '105202126449'),
(137, 1, '/api/v1/access/change/menu', 'Menghapus access menu', 'Google Chrome', NULL, '2021-05-20 05:18:09', '105202149516'),
(138, 1, '/api/v1/access/change/section', 'Menghapus access section', 'Google Chrome', NULL, '2021-05-20 05:18:27', '105202138748'),
(139, 1, '/api/v1/features/article/delete', 'menghapus data article', 'Google Chrome', NULL, '2021-05-20 05:18:57', '105202112415'),
(140, 1, '/api/v1/menu/update', 'Memperbaharui data menu', 'Google Chrome', NULL, '2021-05-20 06:00:36', '105202133480'),
(141, 1, '/api/v1/menu/update', 'Memperbaharui data menu', 'Google Chrome', NULL, '2021-05-20 06:00:55', '105202126538'),
(142, 1, '/api/v1/menu/update', 'Memperbaharui data menu', 'Google Chrome', NULL, '2021-05-20 06:02:39', '105202146683'),
(143, 1, '/api/v1/menu/update', 'Memperbaharui data menu', 'Google Chrome', NULL, '2021-05-20 06:02:53', '105202151934'),
(144, 1, '/api/v1/menu/update', 'Memperbaharui data menu', 'Google Chrome', NULL, '2021-05-20 06:03:25', '105202128117'),
(145, 1, '/api/v1/menu/update', 'Memperbaharui data menu', 'Google Chrome', NULL, '2021-05-20 06:03:48', '105202113223'),
(146, 1, '/api/v1/menu/update', 'Memperbaharui data menu', 'Google Chrome', NULL, '2021-05-20 06:06:19', '10520213945'),
(147, 1, '/api/v1/menu/update', 'Memperbaharui data menu', 'Google Chrome', NULL, '2021-05-20 06:07:59', '105202125351'),
(148, 1, '/api/v1/menu/update', 'Memperbaharui data menu', 'Google Chrome', NULL, '2021-05-20 06:08:31', '10520218313'),
(149, 1, '/api/v1/menu/update', 'Memperbaharui data menu', 'Google Chrome', NULL, '2021-05-20 06:08:45', '105202144649'),
(150, 1, '/api/v1/menu/update', 'Memperbaharui data menu', 'Google Chrome', NULL, '2021-05-20 06:10:26', '105202147684'),
(151, 1, '/api/v1/submenu/update', 'Memperbaharui data submenu', 'Google Chrome', NULL, '2021-05-20 06:12:26', '105202145026'),
(152, 1, '/api/v1/submenu/update', 'Memperbaharui data submenu', 'Google Chrome', NULL, '2021-05-20 06:15:24', '105202113068'),
(153, 1, '/api/v1/submenu/update', 'Memperbaharui data submenu', 'Google Chrome', NULL, '2021-05-20 06:18:26', '105202145949'),
(154, 1, '/api/v1/submenu/update', 'Memperbaharui data submenu', 'Google Chrome', NULL, '2021-05-20 06:18:46', '10520217249'),
(155, 1, '/api/v1/submenu/update', 'Memperbaharui data submenu', 'Google Chrome', NULL, '2021-05-20 06:19:06', '105202140255'),
(156, 1, '/api/v1/submenu/update', 'Memperbaharui data submenu', 'Google Chrome', NULL, '2021-05-20 06:19:14', '105202118538'),
(157, 1, '/api/v1/submenu/update', 'Memperbaharui data submenu', 'Google Chrome', NULL, '2021-05-20 06:19:45', '105202127981'),
(158, 1, '/api/v1/submenu/update', 'Memperbaharui data submenu', 'Google Chrome', NULL, '2021-05-20 06:20:01', '105202121563'),
(159, 1, '/api/v1/submenu/update', 'Memperbaharui data submenu', 'Google Chrome', NULL, '2021-05-20 06:20:10', '105202117911'),
(160, 1, '/api/v1/submenu/update', 'Memperbaharui data submenu', 'Google Chrome', NULL, '2021-05-20 06:30:16', '105202117329'),
(161, 1, '/api/v1/submenu/update', 'Memperbaharui data submenu', 'Google Chrome', NULL, '2021-05-20 06:30:27', '105202128240'),
(162, 1, '/api/v1/submenu/update', 'Memperbaharui data submenu', 'Google Chrome', NULL, '2021-05-20 06:30:37', '105202146992'),
(163, 1, '/api/v1/submenu/update', 'Memperbaharui data submenu', 'Google Chrome', NULL, '2021-05-20 06:30:51', '105202143917'),
(164, 1, '/api/v1/submenu/update', 'Memperbaharui data submenu', 'Google Chrome', NULL, '2021-05-20 06:33:33', '105202140077'),
(165, 1, '/api/v1/submenu/update', 'Memperbaharui data submenu', 'Google Chrome', NULL, '2021-05-20 06:34:13', '105202138616'),
(166, 1, '/api/v1/submenu/update', 'Memperbaharui data submenu', 'Google Chrome', NULL, '2021-05-20 06:34:31', '10520217129'),
(167, 1, '/api/v1/submenu/update', 'Memperbaharui data submenu', 'Google Chrome', NULL, '2021-05-20 06:34:49', '105202137531'),
(168, 1, '/api/v1/submenu/update', 'Memperbaharui data submenu', 'Google Chrome', NULL, '2021-05-20 06:34:59', '105202148240'),
(169, 1, '/api/v1/submenu/update', 'Memperbaharui data submenu', 'Google Chrome', NULL, '2021-05-20 06:35:08', '105202124287'),
(170, 1, '/api/v1/submenu/update', 'Memperbaharui data submenu', 'Google Chrome', NULL, '2021-05-20 06:35:23', '105202147697'),
(171, 1, '/api/v1/submenu/update', 'Memperbaharui data submenu', 'Google Chrome', NULL, '2021-05-20 06:35:53', '105202142480'),
(172, 1, '/api/v1/submenu/update', 'Memperbaharui data submenu', 'Google Chrome', NULL, '2021-05-20 06:36:02', '105202128633'),
(173, 1, '/api/v1/submenu/update', 'Memperbaharui data submenu', 'Google Chrome', NULL, '2021-05-20 06:36:12', '10520214056'),
(174, 1, '/api/v1/submenu/update', 'Memperbaharui data submenu', 'Google Chrome', NULL, '2021-05-20 06:36:23', '105202149987'),
(175, 1, '/api/v1/submenu/update', 'Memperbaharui data submenu', 'Google Chrome', NULL, '2021-05-20 06:36:37', '105202126840'),
(176, 1, '/api/v1/submenu/update', 'Memperbaharui data submenu', 'Google Chrome', NULL, '2021-05-20 06:36:55', '105202116430'),
(177, 1, '/api/v1/submenu/update', 'Memperbaharui data submenu', 'Google Chrome', NULL, '2021-05-20 06:37:18', '105202129052'),
(178, 1, '/api/v1/division/update', 'mengedit data divisi', 'Google Chrome', NULL, '2021-05-20 06:44:16', '10520212370'),
(179, 1, '/api/v1/division/update', 'mengedit data divisi', 'Google Chrome', NULL, '2021-05-20 06:45:46', '105202110744'),
(180, 1, '/api/v1/imageDivision/insert', 'menambah data image Division', 'Google Chrome', NULL, '2021-05-20 06:46:33', '105202145702'),
(181, 1, '/api/v1/imageDivision/insert', 'menambah data image Division', 'Google Chrome', NULL, '2021-05-20 06:47:14', '105202124796'),
(182, 1, '/api/v1/imageDivision/insert', 'menambah data image Division', 'Google Chrome', NULL, '2021-05-20 06:48:05', '105202110308'),
(183, 1, '/api/v1/submenu/update', 'Memperbaharui data submenu', 'Google Chrome', NULL, '2021-05-20 06:48:49', '105202117841'),
(184, 1, '/api/v1/submenu/update', 'Memperbaharui data submenu', 'Google Chrome', NULL, '2021-05-20 06:48:56', '105202114184'),
(185, 1, '/api/v1/prestation/insert', 'menambah data prestasi', 'Google Chrome', NULL, '2021-05-20 07:14:37', '105202146716'),
(186, 1, '/api/v1/prestation/insert', 'menambah data prestasi', 'Google Chrome', NULL, '2021-05-20 07:15:08', '105202110596'),
(187, 1, '/api/v1/prestation/insert', 'menambah data prestasi', 'Google Chrome', NULL, '2021-05-20 07:15:43', '105202121815'),
(188, 1, '/api/v1/prestation/insert', 'menambah data prestasi', 'Google Chrome', NULL, '2021-05-20 07:16:10', '105202124897'),
(189, 1, '/api/v1/prestation/delete', 'menghapus data prestasi', 'Google Chrome', NULL, '2021-05-20 07:16:27', '105202111536'),
(190, 1, '/api/v1/division/update', 'mengedit data divisi', 'Google Chrome', NULL, '2021-05-20 07:17:19', '10520213603'),
(191, 1, '/api/v1/division/update', 'mengedit data divisi', 'Google Chrome', NULL, '2021-05-20 07:17:34', '105202140961'),
(192, 1, '/api/v1/division/update', 'mengedit data divisi', 'Google Chrome', NULL, '2021-05-20 07:18:19', '105202112609'),
(193, 1, '/api/v1/division/update', 'mengedit data divisi', 'Google Chrome', NULL, '2021-05-20 07:18:50', '105202113740'),
(194, 1, '/api/v1/division/update', 'mengedit data divisi', 'Google Chrome', NULL, '2021-05-20 07:19:17', '105202113418'),
(195, 1, '/api/v1/division/update', 'mengedit data divisi', 'Google Chrome', NULL, '2021-05-20 07:19:53', '105202137313'),
(196, 1, '/api/v1/division/delete', 'menghapus data divisi', 'Google Chrome', NULL, '2021-05-20 07:20:11', '105202128452'),
(197, 1, '/api/v1/division/insert', 'menambah data divisi', 'Google Chrome', NULL, '2021-05-20 07:21:22', '105202123690'),
(198, 1, '/api/v1/imageDivision/delete', 'menghapus data image Division', 'Google Chrome', NULL, '2021-05-20 07:21:51', '105202151760'),
(199, 1, '/api/v1/imageDivision/insert', 'menambah data image Division', 'Google Chrome', NULL, '2021-05-20 07:22:27', '10520217216'),
(200, 1, '/api/v1/imageDivision/insert', 'menambah data image Division', 'Google Chrome', NULL, '2021-05-20 07:22:42', '105202135192'),
(201, 1, '/api/v1/imageDivision/insert', 'menambah data image Division', 'Google Chrome', NULL, '2021-05-20 07:23:15', '105202148814'),
(202, 1, '/api/v1/imageDivision/insert', 'menambah data image Division', 'Google Chrome', NULL, '2021-05-20 07:23:28', '105202136880'),
(203, 1, '/api/v1/imageDivision/insert', 'menambah data image Division', 'Google Chrome', NULL, '2021-05-20 07:24:12', '105202111072'),
(204, 1, '/api/v1/imageDivision/insert', 'menambah data image Division', 'Google Chrome', NULL, '2021-05-20 07:24:31', '10520216063'),
(205, 1, '/api/v1/imageDivision/insert', 'menambah data image Division', 'Google Chrome', NULL, '2021-05-20 07:25:33', '105202128982'),
(206, 1, '/api/v1/imageDivision/delete', 'menghapus data image Division', 'Google Chrome', NULL, '2021-05-20 07:26:30', '105202132227'),
(207, 1, '/api/v1/imageDivision/insert', 'menambah data image Division', 'Google Chrome', NULL, '2021-05-20 07:27:09', '105202131793'),
(208, 1, '/api/v1/imageDivision/insert', 'menambah data image Division', 'Google Chrome', NULL, '2021-05-20 07:27:41', '105202123374'),
(209, 1, '/api/v1/imageDivision/insert', 'menambah data image Division', 'Google Chrome', NULL, '2021-05-20 07:27:52', '105202137860'),
(210, 1, '/api/v1/imageDivision/insert', 'menambah data image Division', 'Google Chrome', NULL, '2021-05-20 07:28:15', '105202122866'),
(211, 1, '/api/v1/imageDivision/insert', 'menambah data image Division', 'Google Chrome', NULL, '2021-05-20 07:28:22', '105202111744'),
(212, 1, '/api/v1/imageDivision/insert', 'menambah data image Division', 'Google Chrome', NULL, '2021-05-20 07:28:44', '105202110802'),
(213, 1, '/api/v1/menu/update', 'Memperbaharui data menu', 'Google Chrome', NULL, '2021-05-20 07:32:14', '105202131026'),
(214, 1, '/api/v1/gallery/insert', 'menambah data gallery', 'Google Chrome', NULL, '2021-05-20 07:41:38', '105202115658'),
(215, 1, '/api/v1/gallery/insert', 'menambah data gallery', 'Google Chrome', NULL, '2021-05-20 07:44:44', '105202145219'),
(216, 1, '/api/v1/gallery/insert', 'menambah data gallery', 'Google Chrome', NULL, '2021-05-20 07:46:00', '105202121878'),
(217, 1, '/api/v1/gallery/delete', 'menghapus data gallery', 'Google Chrome', NULL, '2021-05-20 07:46:12', '105202115168'),
(218, 1, '/api/v1/gallery/insert', 'menambah data gallery', 'Google Chrome', NULL, '2021-05-20 07:46:33', '105202143790'),
(219, 1, '/api/v1/submenu/update', 'Memperbaharui data submenu', 'Google Chrome', NULL, '2021-05-20 08:30:45', '10520216696'),
(220, 1, '/api/v1/submenu/update', 'Memperbaharui data submenu', 'Google Chrome', NULL, '2021-05-20 08:31:02', '10520214581'),
(221, 1, '/api/v1/submenu/update', 'Memperbaharui data submenu', 'Google Chrome', NULL, '2021-05-20 08:31:21', '105202122361'),
(222, 1, '/api/v1/submenu/update', 'Memperbaharui data submenu', 'Google Chrome', NULL, '2021-05-20 08:31:30', '105202133385'),
(223, 1, '/api/v1/submenu/update', 'Memperbaharui data submenu', 'Google Chrome', NULL, '2021-05-20 08:31:36', '105202145368'),
(224, 1, '/api/v1/submenu/update', 'Memperbaharui data submenu', 'Google Chrome', NULL, '2021-05-20 08:31:48', '105202130824'),
(225, 1, '/api/v1/submenu/update', 'Memperbaharui data submenu', 'Google Chrome', NULL, '2021-05-20 08:31:53', '105202135636'),
(226, 1, '/api/v1/submenu/update', 'Memperbaharui data submenu', 'Google Chrome', NULL, '2021-05-20 08:32:00', '105202151970'),
(227, 1, '/api/v1/submenu/update', 'Memperbaharui data submenu', 'Google Chrome', NULL, '2021-05-20 08:32:05', '105202126651'),
(228, 1, '/api/v1/submenu/update', 'Memperbaharui data submenu', 'Google Chrome', NULL, '2021-05-20 08:33:32', '105202125054'),
(229, 1, '/api/v1/gallery/update', 'mengedit data gallery', 'Google Chrome', NULL, '2021-05-20 10:11:17', '105202111789'),
(230, 1, '/api/v1/features/article/update', 'mengubah data article', 'Google Chrome', NULL, '2021-05-21 08:14:10', '105212118554'),
(231, 1, '/api/v1/features/article/update', 'mengubah data article', 'Google Chrome', NULL, '2021-05-21 08:14:11', '10521217762'),
(232, 1, '/api/v1/features/article/insert', 'menambah data article', 'Google Chrome', NULL, '2021-05-21 08:17:10', '105212130655'),
(233, 1, '/api/v1/features/article/insert', 'menambah data article', 'Google Chrome', NULL, '2021-05-21 08:22:43', '105212149494'),
(234, 1, '/api/v1/features/article/insert', 'menambah data article', 'Google Chrome', NULL, '2021-05-21 08:26:45', '10521213721'),
(235, 1, '/api/v1/features/article/insert', 'menambah data article', 'Google Chrome', NULL, '2021-05-21 08:29:41', '105212126001'),
(236, 1, '/api/v1/imageGallery/insert', 'menambah data image Gallery', 'Google Chrome', NULL, '2021-05-21 11:20:16', '105212120793'),
(237, 1, '/api/v1/imageGallery/insert', 'menambah data image Gallery', 'Google Chrome', NULL, '2021-05-21 11:20:43', '10521217293'),
(238, 1, '/api/v1/imageGallery/insert', 'menambah data image Gallery', 'Google Chrome', NULL, '2021-05-21 11:20:52', '10521215300'),
(239, 1, '/api/v1/imageGallery/insert', 'menambah data image Gallery', 'Google Chrome', NULL, '2021-05-21 11:21:07', '10521213988'),
(240, 1, '/api/v1/imageGallery/insert', 'menambah data image Gallery', 'Google Chrome', NULL, '2021-05-21 11:21:41', '105212115088'),
(241, 1, '/api/v1/imageGallery/insert', 'menambah data image Gallery', 'Google Chrome', NULL, '2021-05-21 11:21:43', '10521213958'),
(242, 1, '/api/v1/imageGallery/delete', 'menghapus data image Gallery', 'Google Chrome', NULL, '2021-05-21 11:21:49', '105212123250'),
(243, 1, '/api/v1/imageGallery/insert', 'menambah data image Gallery', 'Google Chrome', NULL, '2021-05-21 11:22:01', '105212123422'),
(244, 1, '/api/v1/imageGallery/insert', 'menambah data image Gallery', 'Google Chrome', NULL, '2021-05-21 11:22:11', '10521218053'),
(245, 1, '/api/v1/imageGallery/insert', 'menambah data image Gallery', 'Google Chrome', NULL, '2021-05-21 11:22:20', '105212117721'),
(246, 1, '/api/v1/imageGallery/insert', 'menambah data image Gallery', 'Google Chrome', NULL, '2021-05-21 11:22:33', '105212119718'),
(247, 1, '/api/v1/submenu/insert', 'Menambah data submenu', 'Google Chrome', NULL, '2021-06-02 05:58:42', '106022128987'),
(248, 1, '/api/v1/submenu/insert', 'Menambah data submenu', 'Google Chrome', NULL, '2021-06-02 05:59:28', '106022126853'),
(249, 1, '/api/v1/submenu/insert', 'Menambah data submenu', 'Google Chrome', NULL, '2021-06-02 05:59:41', '106022141651'),
(250, 1, '/api/v1/submenu/insert', 'Menambah data submenu', 'Google Chrome', NULL, '2021-06-02 05:59:47', '106022142180'),
(251, 1, '/api/v1/submenu/insert', 'Menambah data submenu', 'Google Chrome', NULL, '2021-06-02 05:59:48', '106022140732'),
(252, 1, '/api/v1/submenu/delete', 'Menghapus data submenu', 'Google Chrome', NULL, '2021-06-02 06:01:54', '10602216383'),
(253, 1, '/api/v1/submenu/update', 'Memperbaharui data submenu', 'Google Chrome', NULL, '2021-06-02 06:02:19', '10602214250'),
(254, 1, '/api/v1/submenu/update', 'Memperbaharui data submenu', 'Google Chrome', NULL, '2021-06-02 06:02:31', '106022133383'),
(255, 1, '/api/v1/menu/update', 'Memperbaharui data menu', 'Google Chrome', NULL, '2021-06-02 06:04:17', '106022119094'),
(256, 1, '/api/v1/menu/insert', 'Menambah data menu', 'Google Chrome', NULL, '2021-06-02 06:10:09', '106022143042'),
(257, 1, '/api/v1/access/users/change/menu', 'Menambah access menu users', 'Google Chrome', NULL, '2021-06-02 06:10:34', '10602219657'),
(258, 1, '/api/v1/access/users/change/submenu', 'Menambah access submenu users', 'Google Chrome', NULL, '2021-06-02 06:10:46', '10602212024'),
(259, 1, '/api/v1/member/delete', 'menghapus data member', 'Google Chrome', NULL, '2021-06-02 06:16:33', '106022119908'),
(260, 1, '/api/v1/member/member/delete', 'menghapus data member', 'Google Chrome', NULL, '2021-06-02 06:16:53', '106022154888'),
(261, 1, '/api/v1/division/update', 'mengedit data divisi', 'Google Chrome', NULL, '2021-06-02 09:13:36', '106022116879'),
(262, 1, '/api/v1/division/update', 'mengedit data divisi', 'Google Chrome', NULL, '2021-06-02 09:13:59', '10602211847'),
(263, 1, '/api/v1/division/update', 'mengedit data divisi', 'Google Chrome', NULL, '2021-06-02 09:14:16', '106022159834'),
(264, 1, '/api/v1/imageDivision/insert', 'menambah data image Division', 'Google Chrome', NULL, '2021-06-02 09:15:22', '106022142783'),
(265, 1, '/api/v1/imageDivision/insert', 'menambah data image Division', 'Google Chrome', NULL, '2021-06-02 09:15:33', '106022134562'),
(266, 1, '/api/v1/imageDivision/insert', 'menambah data image Division', 'Google Chrome', NULL, '2021-06-02 09:15:54', '106022157879'),
(267, 1, '/api/v1/division/update', 'mengedit data divisi', 'Google Chrome', NULL, '2021-06-02 12:18:52', '106022151321'),
(268, 1, '/api/v1/imageDivision/delete', 'menghapus data image divisi', 'Google Chrome', NULL, '2021-06-02 12:19:17', '106022161494'),
(269, 1, '/api/v1/imageDivision/delete', 'menghapus data image divisi', 'Google Chrome', NULL, '2021-06-02 12:19:27', '106022132122'),
(270, 1, '/api/v1/imageDivision/insert', 'menambah data image Division', 'Google Chrome', NULL, '2021-06-02 12:19:48', '106022128072'),
(271, 1, '/api/v1/imageDivision/insert', 'menambah data image Division', 'Google Chrome', NULL, '2021-06-02 12:20:15', '10602212554'),
(272, 1, '/api/v1/imageDivision/insert', 'menambah data image Division', 'Google Chrome', NULL, '2021-06-02 12:20:34', '10602212727'),
(273, 1, '/api/v1/features/article/update', 'mengubah data article', 'Google Chrome', NULL, '2021-06-02 14:04:33', '106022160432'),
(274, 1, '/api/v1/features/article/update', 'mengubah data article', 'Google Chrome', NULL, '2021-06-02 14:04:57', '106022135038'),
(275, 1, '/api/v1/features/article/delete', 'menghapus data article', 'Google Chrome', NULL, '2021-06-02 14:05:41', '106022115773'),
(276, 1, '/api/v1/features/article/update', 'mengubah data article', 'Google Chrome', NULL, '2021-06-02 14:06:11', '106022144708'),
(277, 1, '/api/v1/features/article/update', 'mengubah data article', 'Google Chrome', NULL, '2021-06-02 14:09:40', '106022137246'),
(278, 1, '/api/v1/features/article/update', 'mengubah data article', 'Google Chrome', NULL, '2021-06-02 14:10:37', '10602219152'),
(279, 1, '/api/v1/features/article/update', 'mengubah data article', 'Google Chrome', NULL, '2021-06-02 14:11:26', '106022158469'),
(280, 1, '/api/v1/features/article/update', 'mengubah data article', 'Google Chrome', NULL, '2021-06-02 14:11:31', '106022123873'),
(281, 1, '/api/v1/features/article/delete', 'menghapus data article', 'Google Chrome', NULL, '2021-06-02 14:12:24', '106022135534'),
(282, 1, '/api/v1/features/article/update', 'mengubah data article', 'Google Chrome', NULL, '2021-06-02 14:16:35', '106022117647'),
(283, 1, '/api/v1/features/article/update', 'mengubah data article', 'Google Chrome', NULL, '2021-06-02 14:16:49', '106022115966'),
(284, 1, '/api/v1/features/article/update', 'mengubah data article', 'Google Chrome', NULL, '2021-06-02 14:18:01', '106022124635'),
(285, 1, '/api/v1/features/article/update', 'mengubah data article', 'Google Chrome', NULL, '2021-06-02 14:18:16', '106022131719'),
(286, 1, '/api/v1/features/article/delete', 'menghapus data article', 'Google Chrome', NULL, '2021-06-02 14:18:35', '106022127882'),
(287, 1, '/api/v1/features/article/update', 'mengubah data article', 'Google Chrome', NULL, '2021-06-02 14:19:28', '106022131319'),
(288, 1, '/api/v1/features/article/update', 'mengubah data article', 'Google Chrome', NULL, '2021-06-02 14:20:24', '10602216167'),
(289, 1, '/api/v1/features/article/delete', 'menghapus data article', 'Google Chrome', NULL, '2021-06-02 14:20:48', '106022114420'),
(290, 1, '/api/v1/features/article/delete', 'menghapus data article', 'Google Chrome', NULL, '2021-06-02 14:20:50', '106022123834'),
(291, 1, '/api/v1/features/article/delete', 'menghapus data article', 'Google Chrome', NULL, '2021-06-02 14:20:53', '106022142917'),
(292, 1, '/api/v1/features/article/insert', 'menambah data article', 'Google Chrome', NULL, '2021-06-02 14:23:14', '106022117829'),
(293, 1, '/api/v1/features/article/insert', 'menambah data article', 'Google Chrome', NULL, '2021-06-02 14:25:58', '1060221301'),
(294, 1, '/api/v1/features/article/insert', 'menambah data article', 'Google Chrome', NULL, '2021-06-02 14:29:20', '106022156275'),
(295, 1, '/api/v1/gallery/update', 'mengedit data gallery', 'Google Chrome', NULL, '2021-06-02 14:31:12', '106022124277'),
(296, 1, '/api/v1/gallery/update', 'mengedit data gallery', 'Google Chrome', NULL, '2021-06-02 14:34:04', '106022142493'),
(297, 1, '/api/v1/gallery/update', 'mengedit data gallery', 'Google Chrome', NULL, '2021-06-02 14:34:30', '10602214696'),
(298, 1, '/api/v1/gallery/update', 'mengedit data gallery', 'Google Chrome', NULL, '2021-06-02 14:34:39', '106022124672'),
(299, 1, '/api/v1/imageGallery/delete', 'menghapus data image gallery', 'Google Chrome', NULL, '2021-06-02 14:38:47', '106022151716'),
(300, 1, '/api/v1/imageGallery/insert', 'menambah data image Gallery', 'Google Chrome', NULL, '2021-06-02 14:39:04', '106022111065'),
(301, 1, '/api/v1/imageGallery/insert', 'menambah data image Gallery', 'Google Chrome', NULL, '2021-06-02 14:39:27', '10602215693'),
(302, 1, '/api/v1/imageGallery/insert', 'menambah data image Gallery', 'Google Chrome', NULL, '2021-06-02 14:39:31', '106022149369'),
(303, 1, '/api/v1/imageGallery/delete', 'menghapus data image Gallery', 'Google Chrome', NULL, '2021-06-02 14:40:41', '106022152127'),
(304, 1, '/api/v1/imageGallery/delete', 'menghapus data image Gallery', 'Google Chrome', NULL, '2021-06-02 14:40:44', '106022140632'),
(305, 1, '/api/v1/imageGallery/insert', 'menambah data image Gallery', 'Google Chrome', NULL, '2021-06-02 14:41:20', '106022112258'),
(306, 1, '/api/v1/imageGallery/insert', 'menambah data image Gallery', 'Google Chrome', NULL, '2021-06-02 14:41:21', '106022112818'),
(307, 1, '/api/v1/imageGallery/delete', 'menghapus data image Gallery', 'Google Chrome', NULL, '2021-06-02 14:41:24', '106022122083'),
(308, 1, '/api/v1/imageGallery/insert', 'menambah data image Gallery', 'Google Chrome', NULL, '2021-06-02 14:41:31', '106022138849'),
(309, 1, '/api/v1/imageGallery/insert', 'menambah data image Gallery', 'Google Chrome', NULL, '2021-06-02 14:41:40', '106022156821'),
(310, 1, '/api/v1/imageGallery/insert', 'menambah data image Gallery', 'Google Chrome', NULL, '2021-06-02 14:41:48', '106022157385'),
(311, 1, '/api/v1/imageGallery/insert', 'menambah data image Gallery', 'Google Chrome', NULL, '2021-06-02 14:41:57', '106022143537'),
(312, 1, '/api/v1/imageGallery/insert', 'menambah data image Gallery', 'Google Chrome', NULL, '2021-06-02 14:42:06', '106022151772'),
(313, 1, '/api/v1/imageGallery/insert', 'menambah data image Gallery', 'Google Chrome', NULL, '2021-06-02 14:42:17', '10602214590'),
(314, 1, '/api/v1/imageGallery/insert', 'menambah data image Gallery', 'Google Chrome', NULL, '2021-06-02 14:43:01', '10602211939'),
(315, 1, '/api/v1/division/update', 'mengedit data divisi', 'Google Chrome', NULL, '2021-06-02 14:48:08', '106022135381'),
(316, 1, '/api/v1/division/update', 'mengedit data divisi', 'Google Chrome', NULL, '2021-06-02 14:48:30', '10602211167'),
(317, 1, '/api/v1/division/update', 'mengedit data divisi', 'Google Chrome', NULL, '2021-06-02 14:49:02', '106022151030'),
(318, 1, '/api/v1/imageDivision/delete', 'menghapus data image divisi', 'Google Chrome', NULL, '2021-06-02 14:50:58', '106022113995'),
(319, 1, '/api/v1/imageDivision/insert', 'menambah data image Division', 'Google Chrome', NULL, '2021-06-02 14:51:10', '106022137021'),
(320, 1, '/api/v1/imageDivision/delete', 'menghapus data image Division', 'Google Chrome', NULL, '2021-06-02 14:51:15', '106022148501'),
(321, 1, '/api/v1/imageDivision/insert', 'menambah data image Division', 'Google Chrome', NULL, '2021-06-02 14:51:30', '106022143431'),
(322, 1, '/api/v1/imageDivision/insert', 'menambah data image Division', 'Google Chrome', NULL, '2021-06-02 14:51:39', '106022119573'),
(323, 1, '/api/v1/imageDivision/insert', 'menambah data image Division', 'Google Chrome', NULL, '2021-06-02 14:52:13', '106022132896'),
(324, 1, '/api/v1/imageDivision/delete', 'menghapus data image divisi', 'Google Chrome', NULL, '2021-06-02 14:52:27', '1060221289'),
(325, 1, '/api/v1/imageDivision/insert', 'menambah data image Division', 'Google Chrome', NULL, '2021-06-02 14:52:36', '10602211979'),
(326, 1, '/api/v1/imageDivision/insert', 'menambah data image Division', 'Google Chrome', NULL, '2021-06-02 14:52:46', '106022139623'),
(327, 1, '/api/v1/imageDivision/insert', 'menambah data image Division', 'Google Chrome', NULL, '2021-06-02 14:52:52', '106022158047'),
(328, 1, '/api/v1/imageDivision/insert', 'menambah data image Division', 'Google Chrome', NULL, '2021-06-02 14:52:57', '10602218019'),
(329, 1, '/api/v1/imageDivision/insert', 'menambah data image Division', 'Google Chrome', NULL, '2021-06-02 14:53:06', '106022149545'),
(330, 1, '/api/v1/imageDivision/delete', 'menghapus data image Division', 'Google Chrome', NULL, '2021-06-02 14:53:14', '106022157519'),
(331, 1, '/api/v1/imageDivision/insert', 'menambah data image Division', 'Google Chrome', NULL, '2021-06-02 14:53:19', '106022158852'),
(332, 1, '/api/v1/imageDivision/insert', 'menambah data image Division', 'Google Chrome', NULL, '2021-06-02 14:53:25', '106022120708'),
(333, 1, '/api/v1/imageDivision/insert', 'menambah data image Division', 'Google Chrome', NULL, '2021-06-02 14:55:48', '106022117772'),
(334, 1, '/api/v1/imageDivision/insert', 'menambah data image Division', 'Google Chrome', NULL, '2021-06-02 14:56:02', '106022143058'),
(335, 1, '/api/v1/imageDivision/insert', 'menambah data image Division', 'Google Chrome', NULL, '2021-06-02 14:56:07', '106022158463'),
(336, 1, '/api/v1/imageDivision/insert', 'menambah data image Division', 'Google Chrome', NULL, '2021-06-02 14:56:21', '106022119861'),
(337, 1, '/api/v1/imageDivision/insert', 'menambah data image Division', 'Google Chrome', NULL, '2021-06-02 14:56:26', '106022161052'),
(338, 1, '/api/v1/imageDivision/insert', 'menambah data image Division', 'Google Chrome', NULL, '2021-06-02 14:57:32', '1060221697'),
(339, 1, '/api/v1/imageDivision/insert', 'menambah data image Division', 'Google Chrome', NULL, '2021-06-02 14:57:37', '10602217520'),
(340, 1, '/api/v1/division/update', 'mengedit data divisi', 'Google Chrome', NULL, '2021-06-02 14:58:18', '106022155059'),
(341, 1, '/api/v1/division/update', 'mengedit data divisi', 'Google Chrome', NULL, '2021-06-02 14:58:48', '106022121772'),
(342, 1, '/api/v1/imageDivision/insert', 'menambah data image Division', 'Google Chrome', NULL, '2021-06-02 14:59:46', '106022136598'),
(343, 1, '/api/v1/imageDivision/insert', 'menambah data image Division', 'Google Chrome', NULL, '2021-06-02 14:59:51', '10602219217'),
(344, 1, '/api/v1/imageDivision/insert', 'menambah data image Division', 'Google Chrome', NULL, '2021-06-02 14:59:56', '106022140292'),
(345, 1, '/api/v1/prestation/update', 'mengedit data prestasi', 'Google Chrome', NULL, '2021-06-02 15:08:22', '106022148348'),
(346, 1, '/api/v1/prestation/update', 'mengedit data prestasi', 'Google Chrome', NULL, '2021-06-03 03:36:07', '106032115144'),
(347, 1, '/api/v1/prestation/update', 'mengedit data prestasi', 'Google Chrome', NULL, '2021-06-03 04:08:24', '106032157753'),
(348, 1, '/api/v1/prestation/update', 'mengedit data prestasi', 'Google Chrome', NULL, '2021-06-03 04:10:00', '106032148447'),
(349, 1, '/api/v1/prestation/update', 'mengedit data prestasi', 'Google Chrome', NULL, '2021-06-03 04:10:50', '106032148282'),
(350, 1, '/api/v1/features/article/update', 'mengubah data article', 'Google Chrome', NULL, '2021-06-03 04:12:21', '106032119080'),
(351, 1, '/api/v1/features/article/update', 'mengubah data article', 'Google Chrome', NULL, '2021-06-03 04:12:33', '106032156947'),
(352, 1, '/api/v1/features/article/update', 'mengubah data article', 'Google Chrome', NULL, '2021-06-03 04:13:47', '106032153088'),
(353, 1, '/api/v1/features/article/update', 'mengubah data article', 'Google Chrome', NULL, '2021-06-03 04:14:02', '10603218023'),
(354, 1, '/api/v1/features/article/update', 'mengubah data article', 'Google Chrome', NULL, '2021-06-03 04:15:30', '106032156810'),
(355, 1, '/api/v1/features/article/update', 'mengubah data article', 'Google Chrome', NULL, '2021-06-03 04:15:55', '10603212213'),
(356, 1, '/api/v1/features/article/update', 'mengubah data article', 'Google Chrome', NULL, '2021-06-03 04:16:01', '106032136089'),
(357, 1, '/api/v1/features/article/update', 'mengubah data article', 'Google Chrome', NULL, '2021-06-03 04:16:04', '106032123743'),
(358, 1, '/api/v1/features/article/update', 'mengubah data article', 'Google Chrome', NULL, '2021-06-03 04:16:20', '106032149162'),
(359, 1, '/api/v1/features/article/update', 'mengubah data article', 'Google Chrome', NULL, '2021-06-03 04:16:35', '10603214455'),
(360, 1, '/api/v1/submenu/update', 'Memperbaharui data submenu', 'Google Chrome', NULL, '2021-06-03 04:17:35', '10603217283'),
(361, 1, '/api/v1/features/article/update', 'mengubah data article', 'Google Chrome', NULL, '2021-06-03 04:18:57', '106032144997'),
(362, 1, '/api/v1/features/article/update', 'mengubah data article', 'Google Chrome', NULL, '2021-06-03 04:19:32', '106032140449'),
(363, 1, '/api/v1/features/article/update', 'mengubah data article', 'Google Chrome', NULL, '2021-06-03 04:19:54', '106032154551'),
(364, 1, '/api/v1/features/article/update', 'mengubah data article', 'Google Chrome', NULL, '2021-06-03 04:20:10', '106032138313'),
(365, 1, '/api/v1/features/article/update', 'mengubah data article', 'Google Chrome', NULL, '2021-06-03 04:22:08', '106032159954'),
(366, 1, '/api/v1/features/article/update', 'mengubah data article', 'Google Chrome', NULL, '2021-06-03 04:22:34', '106032136714'),
(367, 1, '/api/v1/features/article/update', 'mengubah data article', 'Google Chrome', NULL, '2021-06-03 04:27:15', '10603213729'),
(368, 1, '/api/v1/features/article/update', 'mengubah data article', 'Google Chrome', NULL, '2021-06-03 04:27:27', '106032153699'),
(369, 1, '/api/v1/features/article/update', 'mengubah data article', 'Google Chrome', NULL, '2021-06-03 04:28:47', '106032113125'),
(370, 1, '/api/v1/features/article/update', 'mengubah data article', 'Google Chrome', NULL, '2021-06-03 04:29:00', '106032120604'),
(371, 1, '/api/v1/features/article/update', 'mengubah data article', 'Google Chrome', NULL, '2021-06-03 04:29:10', '106032159389'),
(372, 1, '/api/v1/features/article/delete', 'menghapus data article', 'Google Chrome', NULL, '2021-06-03 04:36:56', '106032152456'),
(373, 1, '/api/v1/features/article/update', 'mengubah data article', 'Google Chrome', NULL, '2021-06-03 04:37:07', '10603217504'),
(374, 1, '/api/v1/features/article/update', 'mengubah data article', 'Google Chrome', NULL, '2021-06-03 04:37:22', '106032153894'),
(375, 1, '/api/v1/features/article/update', 'mengubah data article', 'Google Chrome', NULL, '2021-06-03 04:37:47', '106032112251'),
(376, 1, '/api/v1/features/article/update', 'mengubah data article', 'Google Chrome', NULL, '2021-06-03 04:38:00', '106032135676'),
(377, 1, '/api/v1/features/article/update', 'mengubah data article', 'Google Chrome', NULL, '2021-06-03 04:38:11', '10603213594'),
(378, 1, '/api/v1/features/article/insert', 'menambah data article', 'Google Chrome', NULL, '2021-06-03 04:41:05', '106032126629'),
(379, 1, '/api/v1/features/article/update', 'mengubah data article', 'Google Chrome', NULL, '2021-06-03 04:42:13', '106032142207'),
(380, 1, '/api/v1/prestation/insert', 'menambah data prestasi', 'Google Chrome', NULL, '2021-06-03 04:43:47', '106032139028'),
(381, 1, '/api/v1/member/insert', 'menambah data member', 'Google Chrome', NULL, '2021-06-03 04:50:49', '106032138666'),
(382, 1, '/api/v1/alumni/insert', 'menambah data alumni', 'Google Chrome', NULL, '2021-06-03 04:52:37', '106032119645'),
(383, 1, '/api/v1/mentor/insert', 'menambah data mentor', 'Google Chrome', NULL, '2021-06-03 04:54:00', '10603214444'),
(384, 1, '/api/v1/mentor/update', 'mengedit data mentor', 'Google Chrome', NULL, '2021-06-03 04:54:47', '106032157387'),
(385, 1, '/api/v1/member/insert/profile', 'memperbarui data profile', 'Google Chrome', NULL, '2021-06-03 07:48:08', '10603211668'),
(386, 1, '/api/v1/mentor/update', 'mengedit data mentor', 'Google Chrome', NULL, '2021-06-03 07:53:00', '106032147291'),
(387, 1, '/api/v1/mentor/update', 'mengedit data mentor', 'Google Chrome', NULL, '2021-06-03 07:59:30', '106032121653'),
(388, 1, '/api/v1/mentor/update', 'mengedit data mentor', 'Google Chrome', NULL, '2021-06-03 07:59:44', '106032152966');
INSERT INTO `activities` (`id`, `user_id`, `url_access`, `description`, `browser`, `deleted_at`, `created_at`, `code_activity`) VALUES
(389, 1, '/api/v1/mentor/update', 'mengedit data mentor', 'Google Chrome', NULL, '2021-06-03 07:59:56', '106032147075'),
(390, 1, '/api/v1/mentor/update', 'mengedit data mentor', 'Google Chrome', NULL, '2021-06-03 07:59:58', '106032156999'),
(391, 1, '/api/v1/mentor/update', 'mengedit data mentor', 'Google Chrome', NULL, '2021-06-03 07:59:59', '106032149923'),
(392, 1, '/api/v1/features/article/update', 'mengubah data article', 'Google Chrome', NULL, '2021-06-03 08:58:44', '106032141767'),
(393, 1, '/api/v1/member/delete/image/profile', 'menghapus data image profile', 'Google Chrome', NULL, '2021-06-04 01:51:26', '106042117243'),
(394, 1, '/api/v1/alumni/delete', 'menghapus data alumni', 'Google Chrome', NULL, '2021-06-04 02:22:35', '106042160129'),
(395, 1, '/api/v1/alumni/insert', 'menambah data alumni', 'Google Chrome', NULL, '2021-06-04 02:23:13', '106042134502'),
(396, 1, '/api/v1/alumni/insert', 'menambah data alumni', 'Google Chrome', NULL, '2021-06-04 02:23:50', '106042129226'),
(397, 1, '/api/v1/alumni/insert', 'menambah data alumni', 'Google Chrome', NULL, '2021-06-04 02:25:23', '10604218261'),
(398, 1, '/api/v1/alumni/insert', 'menambah data alumni', 'Google Chrome', NULL, '2021-06-04 02:26:14', '106042111998'),
(399, 1, '/api/v1/alumni/insert', 'menambah data alumni', 'Google Chrome', NULL, '2021-06-04 02:26:40', '106042149112'),
(400, 1, '/api/v1/alumni/insert', 'menambah data alumni', 'Google Chrome', NULL, '2021-06-04 02:27:21', '106042159298'),
(401, 1, '/api/v1/alumni/insert', 'menambah data alumni', 'Google Chrome', NULL, '2021-06-04 02:28:00', '106042134142'),
(402, 1, '/api/v1/alumni/insert', 'menambah data alumni', 'Google Chrome', NULL, '2021-06-04 02:28:42', '10604218798'),
(403, 1, '/api/v1/prestation/update', 'mengedit data prestasi', 'Google Chrome', NULL, '2021-06-04 02:31:57', '106042138920'),
(404, 1, '/api/v1/prestation/update', 'mengedit data prestasi', 'Google Chrome', NULL, '2021-06-04 02:35:33', '10604214954'),
(405, 1, '/api/v1/prestation/update', 'mengedit data prestasi', 'Google Chrome', NULL, '2021-06-04 02:38:11', '10604215537'),
(406, 1, '/api/v1/prestation/update', 'mengedit data prestasi', 'Google Chrome', NULL, '2021-06-04 02:38:29', '106042128942'),
(407, 1, '/api/v1/prestation/update', 'mengedit data prestasi', 'Google Chrome', NULL, '2021-06-04 02:38:52', '106042161546'),
(408, 1, '/api/v1/prestation/insert', 'menambah data prestasi', 'Google Chrome', NULL, '2021-06-04 02:42:52', '106042116002'),
(409, 1, '/api/v1/prestation/delete', 'menghapus data prestasi', 'Google Chrome', NULL, '2021-06-04 02:43:10', '106042138070'),
(410, 1, '/api/v1/prestation/delete', 'menghapus data prestasi', 'Google Chrome', NULL, '2021-06-04 02:43:13', '106042127490'),
(411, 1, '/api/v1/prestation/delete', 'menghapus data prestasi', 'Google Chrome', NULL, '2021-06-04 02:43:26', '106042160144'),
(412, 1, '/api/v1/prestation/delete', 'menghapus data prestasi', 'Google Chrome', NULL, '2021-06-04 02:43:29', '106042156817'),
(413, 1, '/api/v1/prestation/insert', 'menambah data prestasi', 'Google Chrome', NULL, '2021-06-04 02:44:32', '10604216698'),
(414, 1, '/api/v1/gallery/update', 'mengedit data gallery', 'Google Chrome', NULL, '2021-06-04 02:53:35', '106042146876'),
(415, 1, '/api/v1/imageGallery/insert', 'menambah data image Gallery', 'Google Chrome', NULL, '2021-06-04 02:56:05', '106042112532'),
(416, 1, '/api/v1/imageGallery/delete', 'menghapus data image Gallery', 'Google Chrome', NULL, '2021-06-04 02:56:16', '106042147245'),
(417, 1, '/api/v1/imageGallery/insert', 'menambah data image Gallery', 'Google Chrome', NULL, '2021-06-04 02:56:40', '106042124695'),
(418, 1, '/api/v1/imageGallery/insert', 'menambah data image Gallery', 'Google Chrome', NULL, '2021-06-04 02:56:54', '10604211925'),
(419, 1, '/api/v1/imageGallery/insert', 'menambah data image Gallery', 'Google Chrome', NULL, '2021-06-04 02:57:05', '106042131392'),
(420, 1, '/api/v1/imageGallery/insert', 'menambah data image Gallery', 'Google Chrome', NULL, '2021-06-04 02:57:26', '10604212256'),
(421, 1, '/api/v1/imageGallery/insert', 'menambah data image Gallery', 'Google Chrome', NULL, '2021-06-04 02:57:37', '106042115237'),
(422, 1, '/api/v1/imageGallery/insert', 'menambah data image Gallery', 'Google Chrome', NULL, '2021-06-04 02:57:49', '106042110594'),
(423, 1, '/api/v1/imageGallery/delete', 'menghapus data image Gallery', 'Google Chrome', NULL, '2021-06-04 03:00:01', '10604217952'),
(424, 1, '/api/v1/imageGallery/insert', 'menambah data image Gallery', 'Google Chrome', NULL, '2021-06-04 03:00:36', '106042134865'),
(425, 1, '/api/v1/prestation/insert', 'menambah data prestasi', 'Google Chrome', NULL, '2021-06-04 03:08:03', '106042115618'),
(426, 1, '/api/v1/gallery/insert', 'menambah data gallery', 'Google Chrome', NULL, '2021-06-04 03:29:47', '106042119573'),
(427, 1, '/api/v1/imageGallery/insert', 'menambah data image Gallery', 'Google Chrome', NULL, '2021-06-04 03:31:36', '106042121206'),
(428, 1, '/api/v1/imageGallery/insert', 'menambah data image Gallery', 'Google Chrome', NULL, '2021-06-04 03:31:45', '106042122755'),
(429, 1, '/api/v1/imageGallery/insert', 'menambah data image Gallery', 'Google Chrome', NULL, '2021-06-04 03:31:56', '106042144953'),
(430, 1, '/api/v1/imageGallery/insert', 'menambah data image Gallery', 'Google Chrome', NULL, '2021-06-04 03:32:06', '10604218042'),
(431, 1, '/api/v1/imageGallery/insert', 'menambah data image Gallery', 'Google Chrome', NULL, '2021-06-04 03:32:13', '106042157622'),
(432, 1, '/api/v1/imageGallery/insert', 'menambah data image Gallery', 'Google Chrome', NULL, '2021-06-04 03:32:25', '106042141281'),
(433, 1, '/api/v1/imageGallery/insert', 'menambah data image Gallery', 'Google Chrome', NULL, '2021-06-04 03:32:45', '106042128377'),
(434, 1, '/api/v1/imageGallery/insert', 'menambah data image Gallery', 'Google Chrome', NULL, '2021-06-04 03:32:53', '106042139843'),
(435, 1, '/api/v1/imageGallery/insert', 'menambah data image Gallery', 'Google Chrome', NULL, '2021-06-04 03:33:03', '106042135156'),
(436, 1, '/api/v1/imageGallery/insert', 'menambah data image Gallery', 'Google Chrome', NULL, '2021-06-04 03:34:39', '106042113256'),
(437, 1, '/api/v1/imageGallery/insert', 'menambah data image Gallery', 'Google Chrome', NULL, '2021-06-04 03:34:47', '106042146931'),
(438, 1, '/api/v1/imageGallery/insert', 'menambah data image Gallery', 'Google Chrome', NULL, '2021-06-04 03:35:50', '106042116415'),
(439, 1, '/api/v1/imageGallery/insert', 'menambah data image Gallery', 'Google Chrome', NULL, '2021-06-04 03:36:53', '106042145546'),
(440, 1, '/api/v1/imageGallery/insert', 'menambah data image Gallery', 'Google Chrome', NULL, '2021-06-04 03:36:59', '106042154671'),
(441, 1, '/api/v1/imageGallery/insert', 'menambah data image Gallery', 'Google Chrome', NULL, '2021-06-04 03:37:16', '106042115554'),
(442, 1, '/api/v1/imageGallery/insert', 'menambah data image Gallery', 'Google Chrome', NULL, '2021-06-04 03:37:40', '106042140016'),
(443, 1, '/api/v1/imageGallery/insert', 'menambah data image Gallery', 'Google Chrome', NULL, '2021-06-04 03:37:47', '10604213812'),
(444, 1, '/api/v1/imageGallery/insert', 'menambah data image Gallery', 'Google Chrome', NULL, '2021-06-04 03:37:59', '1060421961'),
(445, 1, '/api/v1/imageGallery/insert', 'menambah data image Gallery', 'Google Chrome', NULL, '2021-06-04 03:38:09', '106042149100'),
(446, 1, '/api/v1/imageGallery/insert', 'menambah data image Gallery', 'Google Chrome', NULL, '2021-06-04 03:38:27', '10604217189'),
(447, 1, '/api/v1/imageGallery/insert', 'menambah data image Gallery', 'Google Chrome', NULL, '2021-06-04 03:38:34', '106042118967'),
(448, 1, '/api/v1/imageGallery/insert', 'menambah data image Gallery', 'Google Chrome', NULL, '2021-06-04 03:38:46', '106042117726'),
(449, 1, '/api/v1/gallery/insert', 'menambah data gallery', 'Google Chrome', NULL, '2021-06-04 03:48:04', '106042155129'),
(450, 1, '/api/v1/gallery/delete', 'menghapus data gallery', 'Google Chrome', NULL, '2021-06-04 03:48:12', '106042156741'),
(451, 1, '/api/v1/gallery/insert', 'menambah data gallery', 'Google Chrome', NULL, '2021-06-04 03:48:25', '106042143310'),
(452, 1, '/api/v1/imageGallery/insert', 'menambah data image Gallery', 'Google Chrome', NULL, '2021-06-04 03:49:27', '106042149026'),
(453, 1, '/api/v1/imageGallery/insert', 'menambah data image Gallery', 'Google Chrome', NULL, '2021-06-04 03:49:40', '106042116908'),
(454, 1, '/api/v1/imageGallery/insert', 'menambah data image Gallery', 'Google Chrome', NULL, '2021-06-04 03:49:52', '106042135468'),
(455, 1, '/api/v1/imageGallery/delete', 'menghapus data image Gallery', 'Google Chrome', NULL, '2021-06-04 03:50:12', '106042122483'),
(456, 1, '/api/v1/imageGallery/insert', 'menambah data image Gallery', 'Google Chrome', NULL, '2021-06-04 03:50:33', '106042132458'),
(457, 1, '/api/v1/imageGallery/insert', 'menambah data image Gallery', 'Google Chrome', NULL, '2021-06-04 03:50:44', '106042144850'),
(458, 1, '/api/v1/imageGallery/insert', 'menambah data image Gallery', 'Google Chrome', NULL, '2021-06-04 03:51:23', '106042126809'),
(459, 1, '/api/v1/imageGallery/insert', 'menambah data image Gallery', 'Google Chrome', NULL, '2021-06-04 03:51:42', '106042125038'),
(460, 1, '/api/v1/imageGallery/insert', 'menambah data image Gallery', 'Google Chrome', NULL, '2021-06-04 03:51:56', '1060421524'),
(461, 1, '/api/v1/imageGallery/insert', 'menambah data image Gallery', 'Google Chrome', NULL, '2021-06-04 03:52:23', '106042110581'),
(462, 1, '/api/v1/imageGallery/insert', 'menambah data image Gallery', 'Google Chrome', NULL, '2021-06-04 03:52:32', '106042137677'),
(463, 1, '/api/v1/imageGallery/delete', 'menghapus data image Gallery', 'Google Chrome', NULL, '2021-06-04 03:53:11', '106042126802'),
(464, 1, '/api/v1/imageGallery/insert', 'menambah data image Gallery', 'Google Chrome', NULL, '2021-06-04 03:53:51', '106042141542'),
(465, 1, '/api/v1/mentor/update', 'mengedit data mentor', 'Google Chrome', NULL, '2021-06-04 05:20:45', '10604218813'),
(466, 1, '/api/v1/prestation/update', 'mengedit data prestasi', 'Google Chrome', NULL, '2021-06-05 11:33:34', '106052135553'),
(467, 1, '/api/v1/member/update', 'mengedit data member', 'Google Chrome', NULL, '2021-06-05 15:01:20', '106052137840'),
(468, 1, '/api/v1/member/delete', 'menghapus data member', 'Google Chrome', NULL, '2021-06-05 15:03:35', '106052156064'),
(469, 1, '/api/v1/member/insert', 'menambah data member', 'Google Chrome', NULL, '2021-06-05 15:03:59', '106052126687'),
(470, 1, '/api/v1/gallery/insert', 'menambah data gallery', 'Google Chrome', NULL, '2021-06-06 03:37:04', '106062147648'),
(471, 1, '/api/v1/imageGallery/insert', 'menambah data image Gallery', 'Google Chrome', NULL, '2021-06-06 03:38:47', '106062117289'),
(472, 1, '/api/v1/imageGallery/insert', 'menambah data image Gallery', 'Google Chrome', NULL, '2021-06-06 03:38:56', '106062152596'),
(473, 1, '/api/v1/imageGallery/insert', 'menambah data image Gallery', 'Google Chrome', NULL, '2021-06-06 03:39:08', '106062150073'),
(474, 1, '/api/v1/imageGallery/insert', 'menambah data image Gallery', 'Google Chrome', NULL, '2021-06-06 03:39:15', '106062119458'),
(475, 1, '/api/v1/gallery/delete', 'menghapus data gallery', 'Google Chrome', NULL, '2021-06-06 03:42:31', '106062110061'),
(476, 1, '/api/v1/trash/section/delete', 'menghapus data sampah section', 'Google Chrome', NULL, '2021-06-06 03:42:55', '10606213245'),
(477, 1, '/api/v1/trash/gallery/delete', 'menghapus data sampah gallery', 'Google Chrome', NULL, '2021-06-06 03:43:10', '106062158324'),
(478, 1, '/api/v1/trash/imageGallery/delete', 'menghapus data sampah image gallery', 'Google Chrome', NULL, '2021-06-06 03:43:31', '106062145563'),
(479, 1, '/api/v1/trash/imageGallery/delete', 'menghapus data sampah image gallery', 'Google Chrome', NULL, '2021-06-06 03:43:37', '106062160114'),
(480, 1, '/api/v1/gallery/insert', 'menambah data gallery', 'Google Chrome', NULL, '2021-06-06 03:45:19', '106062115991'),
(481, 1, '/api/v1/gallery/update', 'mengedit data gallery', 'Google Chrome', NULL, '2021-06-06 03:46:27', '10606212491'),
(482, 1, '/api/v1/imageGallery/insert', 'menambah data image Gallery', 'Google Chrome', NULL, '2021-06-06 03:46:51', '106062130942'),
(483, 1, '/api/v1/imageGallery/insert', 'menambah data image Gallery', 'Google Chrome', NULL, '2021-06-06 03:46:58', '106062124483'),
(484, 1, '/api/v1/imageGallery/insert', 'menambah data image Gallery', 'Google Chrome', NULL, '2021-06-06 03:47:11', '106062140366'),
(485, 1, '/api/v1/gallery/insert', 'menambah data gallery', 'Google Chrome', NULL, '2021-06-06 03:52:36', '106062129482'),
(486, 1, '/api/v1/imageGallery/insert', 'menambah data image Gallery', 'Google Chrome', NULL, '2021-06-06 03:54:31', '106062158581'),
(487, 1, '/api/v1/imageGallery/insert', 'menambah data image Gallery', 'Google Chrome', NULL, '2021-06-06 03:54:39', '106062150833'),
(488, 1, '/api/v1/imageGallery/insert', 'menambah data image Gallery', 'Google Chrome', NULL, '2021-06-06 03:54:58', '106062142318'),
(489, 1, '/api/v1/imageGallery/insert', 'menambah data image Gallery', 'Google Chrome', NULL, '2021-06-06 03:55:05', '106062123612'),
(490, 1, '/api/v1/features/article/insert', 'menambah data article', 'Google Chrome', NULL, '2021-06-06 09:47:58', '106062149078'),
(491, 1, '/api/v1/features/article/insert', 'menambah data article', 'Google Chrome', NULL, '2021-06-06 09:48:56', '106062125475'),
(492, 1, '/api/v1/features/article/update', 'mengubah data article', 'Google Chrome', NULL, '2021-06-06 09:49:45', '106062150509'),
(493, 1, '/api/v1/features/article/delete', 'menghapus data article', 'Google Chrome', NULL, '2021-06-06 09:50:25', '106062139605'),
(494, 1, '/api/v1/features/article/delete', 'menghapus data article', 'Google Chrome', NULL, '2021-06-06 10:58:57', '106062136363'),
(495, 1, '/api/v1/features/article/delete', 'menghapus data article', 'Google Chrome', NULL, '2021-06-06 10:59:09', '10606216364'),
(496, 1, '/api/v1/features/article/delete', 'menghapus data article', 'Google Chrome', NULL, '2021-06-06 10:59:13', '106062114429'),
(497, 1, '/api/v1/features/article/delete', 'menghapus data article', 'Google Chrome', NULL, '2021-06-06 10:59:16', '106062124992'),
(498, 1, '/api/v1/features/article/insert', 'menambah data article', 'Google Chrome', NULL, '2021-06-06 11:01:39', '10606216181'),
(499, 1, '/api/v1/features/article/insert', 'menambah data article', 'Google Chrome', NULL, '2021-06-06 11:02:41', '10606215088'),
(500, 1, '/api/v1/features/article/update', 'mengubah data article', 'Google Chrome', NULL, '2021-06-06 11:04:23', '106062144331'),
(501, 1, '/api/v1/mentor/update', 'mengedit data mentor', 'Google Chrome', NULL, '2021-06-06 11:16:19', '106062133379'),
(502, 1, '/api/v1/prestation/update', 'mengedit data prestasi', 'Google Chrome', NULL, '2021-06-07 04:53:00', '106072154906'),
(503, 1, '/api/v1/prestation/update', 'mengedit data prestasi', 'Google Chrome', NULL, '2021-06-07 04:53:52', '10607212493'),
(504, 1, '/api/v1/prestation/update', 'mengedit data prestasi', 'Google Chrome', NULL, '2021-06-07 04:54:42', '106072146375'),
(505, 1, '/api/v1/prestation/update', 'mengedit data prestasi', 'Google Chrome', NULL, '2021-06-07 04:55:26', '106072115737'),
(506, 1, '/api/v1/prestation/insert', 'menambah data prestasi', 'Google Chrome', NULL, '2021-06-07 05:08:08', '10607216176'),
(507, 1, '/api/v1/prestation/update', 'mengedit data prestasi', 'Google Chrome', NULL, '2021-06-07 05:09:50', '106072141920'),
(508, 1, '/api/v1/prestation/update', 'mengedit data prestasi', 'Google Chrome', NULL, '2021-06-07 05:10:55', '106072148059'),
(509, 1, '/api/v1/prestation/update', 'mengedit data prestasi', 'Google Chrome', NULL, '2021-06-07 05:12:03', '10607218903'),
(510, 1, '/api/v1/prestation/update', 'mengedit data prestasi', 'Google Chrome', NULL, '2021-06-07 05:15:55', '106072157385'),
(511, 1, '/api/v1/prestation/update', 'mengedit data prestasi', 'Google Chrome', NULL, '2021-06-07 05:16:05', '106072112222'),
(512, 1, '/api/v1/prestation/update', 'mengedit data prestasi', 'Google Chrome', NULL, '2021-06-07 05:16:24', '106072146567'),
(513, 1, '/api/v1/prestation/delete', 'menghapus data prestasi', 'Google Chrome', NULL, '2021-06-07 05:19:39', '106072160251'),
(514, 1, '/api/v1/prestation/insert', 'menambah data prestasi', 'Google Chrome', NULL, '2021-06-07 05:29:44', '106072132475'),
(515, 1, '/api/v1/prestation/insert', 'menambah data prestasi', 'Google Chrome', NULL, '2021-06-07 05:30:29', '106072114976'),
(516, 1, '/api/v1/prestation/delete', 'menghapus data prestasi', 'Google Chrome', NULL, '2021-06-07 05:31:42', '106072138083'),
(517, 1, '/api/v1/prestation/update', 'mengedit data prestasi', 'Google Chrome', NULL, '2021-06-07 05:31:59', '106072153682'),
(518, 1, '/api/v1/trash/menu/delete', 'menghapus data sampah menu', 'Google Chrome', NULL, '2021-06-07 05:44:33', '106072132593'),
(519, 1, '/api/v1/trash/submenu/delete', 'menghapus data sampah submenu', 'Google Chrome', NULL, '2021-06-07 05:44:46', '106072116980'),
(520, 1, '/api/v1/trash/prestation/delete', 'menghapus data sampah prestation', 'Google Chrome', NULL, '2021-06-07 05:45:13', '106072137946'),
(521, 1, '/api/v1/prestation/update', 'mengedit data prestasi', 'Google Chrome', NULL, '2021-06-08 01:14:58', '106082153986'),
(522, 1, '/api/v1/prestation/update', 'mengedit data prestasi', 'Google Chrome', NULL, '2021-06-08 01:16:15', '106082142232'),
(523, 1, '/api/v1/gallery/update', 'mengedit data gallery', 'Google Chrome', NULL, '2021-06-08 01:51:07', '106082111662'),
(524, 1, '/api/v1/gallery/update', 'mengedit data gallery', 'Google Chrome', NULL, '2021-06-08 01:51:18', '106082147475'),
(525, 1, '/api/v1/imageGallery/insert', 'menambah data image Gallery', 'Google Chrome', NULL, '2021-06-08 01:51:55', '106082157943'),
(526, 1, '/api/v1/imageGallery/insert', 'menambah data image Gallery', 'Google Chrome', NULL, '2021-06-08 01:52:02', '106082132916'),
(527, 1, '/api/v1/imageGallery/insert', 'menambah data image Gallery', 'Google Chrome', NULL, '2021-06-08 01:52:07', '106082118213'),
(528, 1, '/api/v1/gallery/delete', 'menghapus data gallery', 'Google Chrome', NULL, '2021-06-10 02:09:55', '106102157010'),
(529, 1, '/api/v1/gallery/delete', 'menghapus data gallery', 'Google Chrome', NULL, '2021-06-10 02:09:58', '106102128693'),
(530, 1, '/api/v1/gallery/insert', 'menambah data gallery', 'Google Chrome', NULL, '2021-06-10 02:13:09', '10610217195'),
(531, 1, '/api/v1/imageGallery/insert', 'menambah data image Gallery', 'Google Chrome', NULL, '2021-06-10 02:14:42', '106102142741'),
(532, 1, '/api/v1/imageGallery/insert', 'menambah data image Gallery', 'Google Chrome', NULL, '2021-06-10 02:14:50', '106102131231'),
(533, 1, '/api/v1/imageGallery/insert', 'menambah data image Gallery', 'Google Chrome', NULL, '2021-06-10 02:14:54', '106102128833'),
(534, 1, '/api/v1/imageGallery/insert', 'menambah data image Gallery', 'Google Chrome', NULL, '2021-06-10 02:15:07', '10610218874'),
(535, 1, '/api/v1/imageGallery/insert', 'menambah data image Gallery', 'Google Chrome', NULL, '2021-06-10 02:15:17', '106102139823'),
(536, 1, '/api/v1/imageGallery/insert', 'menambah data image Gallery', 'Google Chrome', NULL, '2021-06-10 02:15:25', '106102126533'),
(537, 1, '/api/v1/imageGallery/insert', 'menambah data image Gallery', 'Google Chrome', NULL, '2021-06-10 02:15:30', '106102159165'),
(538, 1, '/api/v1/imageGallery/insert', 'menambah data image Gallery', 'Google Chrome', NULL, '2021-06-10 02:15:37', '106102152163'),
(539, 1, '/api/v1/imageGallery/insert', 'menambah data image Gallery', 'Google Chrome', NULL, '2021-06-10 02:15:43', '106102144903'),
(540, 1, '/api/v1/gallery/insert', 'menambah data gallery', 'Google Chrome', NULL, '2021-06-10 02:33:17', '106102154921'),
(541, 1, '/api/v1/imageGallery/insert', 'menambah data image Gallery', 'Google Chrome', NULL, '2021-06-10 02:34:33', '106102114386'),
(542, 1, '/api/v1/imageGallery/insert', 'menambah data image Gallery', 'Google Chrome', NULL, '2021-06-10 02:34:40', '106102141283'),
(543, 1, '/api/v1/imageGallery/insert', 'menambah data image Gallery', 'Google Chrome', NULL, '2021-06-10 02:34:45', '106102158956'),
(544, 1, '/api/v1/imageGallery/insert', 'menambah data image Gallery', 'Google Chrome', NULL, '2021-06-10 02:34:50', '106102113294'),
(545, 1, '/api/v1/imageGallery/insert', 'menambah data image Gallery', 'Google Chrome', NULL, '2021-06-10 02:34:59', '10610217678'),
(546, 1, '/api/v1/imageGallery/insert', 'menambah data image Gallery', 'Google Chrome', NULL, '2021-06-10 02:35:03', '10610219215'),
(547, 1, '/api/v1/imageGallery/insert', 'menambah data image Gallery', 'Google Chrome', NULL, '2021-06-10 02:35:10', '106102141935'),
(548, 1, '/api/v1/imageGallery/insert', 'menambah data image Gallery', 'Google Chrome', NULL, '2021-06-10 02:35:16', '106102134632'),
(549, 1, '/api/v1/imageGallery/insert', 'menambah data image Gallery', 'Google Chrome', NULL, '2021-06-10 02:35:25', '106102157967'),
(550, 1, '/api/v1/imageGallery/insert', 'menambah data image Gallery', 'Google Chrome', NULL, '2021-06-10 02:35:30', '106102114515'),
(551, 1, '/api/v1/imageGallery/delete', 'menghapus data image Gallery', 'Google Chrome', NULL, '2021-06-10 02:36:14', '106102138263'),
(552, 1, '/api/v1/imageGallery/delete', 'menghapus data image Gallery', 'Google Chrome', NULL, '2021-06-10 02:36:16', '106102115066'),
(553, 1, '/api/v1/imageGallery/delete', 'menghapus data image gallery', 'Google Chrome', NULL, '2021-06-10 02:39:27', '106102121874'),
(554, 1, '/api/v1/imageGallery/delete', 'menghapus data image Gallery', 'Google Chrome', NULL, '2021-06-10 02:39:48', '106102150164'),
(555, 1, '/api/v1/imageGallery/delete', 'menghapus data image Gallery', 'Google Chrome', NULL, '2021-06-10 02:39:57', '106102127096'),
(556, 1, '/api/v1/imageGallery/insert', 'menambah data image Gallery', 'Google Chrome', NULL, '2021-06-10 03:03:31', '106102156155'),
(557, 1, '/api/v1/imageGallery/insert', 'menambah data image Gallery', 'Google Chrome', NULL, '2021-06-10 03:03:39', '106102140610'),
(558, 1, '/api/v1/imageGallery/insert', 'menambah data image Gallery', 'Google Chrome', NULL, '2021-06-10 03:03:44', '106102142755'),
(559, 1, '/api/v1/imageGallery/insert', 'menambah data image Gallery', 'Google Chrome', NULL, '2021-06-10 03:03:49', '106102133725'),
(560, 1, '/api/v1/imageGallery/insert', 'menambah data image Gallery', 'Google Chrome', NULL, '2021-06-10 03:03:54', '10610214963'),
(561, 1, '/api/v1/imageGallery/insert', 'menambah data image Gallery', 'Google Chrome', NULL, '2021-06-10 03:03:59', '106102160678'),
(562, 1, '/api/v1/imageGallery/insert', 'menambah data image Gallery', 'Google Chrome', NULL, '2021-06-10 03:04:06', '106102123513'),
(563, 1, '/api/v1/imageGallery/insert', 'menambah data image Gallery', 'Google Chrome', NULL, '2021-06-10 03:04:13', '106102157549'),
(564, 1, '/api/v1/imageGallery/insert', 'menambah data image Gallery', 'Google Chrome', NULL, '2021-06-10 03:04:19', '106102126900'),
(565, 1, '/api/v1/gallery/insert', 'menambah data gallery', 'Google Chrome', NULL, '2021-06-14 02:32:11', '10614214592'),
(566, 1, '/api/v1/imageGallery/insert', 'menambah data image Gallery', 'Google Chrome', NULL, '2021-06-14 02:32:49', '106142138688'),
(567, 1, '/api/v1/imageGallery/insert', 'menambah data image Gallery', 'Google Chrome', NULL, '2021-06-14 02:33:13', '10614218903'),
(568, 1, '/api/v1/imageGallery/insert', 'menambah data image Gallery', 'Google Chrome', NULL, '2021-06-14 02:33:23', '106142145669'),
(569, 1, '/api/v1/imageGallery/insert', 'menambah data image Gallery', 'Google Chrome', NULL, '2021-06-14 02:33:50', '106142144343'),
(570, 1, '/api/v1/imageGallery/insert', 'menambah data image Gallery', 'Google Chrome', NULL, '2021-06-14 02:33:59', '106142119076'),
(571, 1, '/api/v1/imageGallery/insert', 'menambah data image Gallery', 'Google Chrome', NULL, '2021-06-14 02:34:55', '10614219420'),
(572, 1, '/api/v1/imageGallery/insert', 'menambah data image Gallery', 'Google Chrome', NULL, '2021-06-14 02:35:25', '10614218738'),
(573, 1, '/api/v1/imageGallery/insert', 'menambah data image Gallery', 'Google Chrome', NULL, '2021-06-14 02:35:36', '106142130370'),
(574, 1, '/api/v1/imageGallery/insert', 'menambah data image Gallery', 'Google Chrome', NULL, '2021-06-14 02:35:44', '106142138740'),
(575, 1, '/api/v1/trash/gallery/recovery', 'merecovery data sampah gallery', 'Google Chrome', NULL, '2021-06-14 02:44:32', '106142124199'),
(576, 1, '/api/v1/gallery/delete', 'menghapus data gallery', 'Google Chrome', NULL, '2021-06-14 02:45:36', '106142147956'),
(577, 1, '/api/v1/gallery/insert', 'menambah data gallery', 'Google Chrome', NULL, '2021-06-14 02:46:43', '106142138295'),
(578, 1, '/api/v1/imageGallery/insert', 'menambah data image Gallery', 'Google Chrome', NULL, '2021-06-14 02:48:30', '106142143970'),
(579, 1, '/api/v1/imageGallery/insert', 'menambah data image Gallery', 'Google Chrome', NULL, '2021-06-14 02:48:47', '106142149113'),
(580, 1, '/api/v1/imageGallery/insert', 'menambah data image Gallery', 'Google Chrome', NULL, '2021-06-14 02:48:57', '106142160234'),
(581, 1, '/api/v1/gallery/insert', 'menambah data gallery', 'Google Chrome', NULL, '2021-06-14 02:50:30', '106142110810'),
(582, 1, '/api/v1/imageGallery/insert', 'menambah data image Gallery', 'Google Chrome', NULL, '2021-06-14 02:50:47', '106142111008'),
(583, 1, '/api/v1/imageGallery/insert', 'menambah data image Gallery', 'Google Chrome', NULL, '2021-06-14 02:50:55', '106142132289'),
(584, 1, '/api/v1/imageGallery/insert', 'menambah data image Gallery', 'Google Chrome', NULL, '2021-06-14 02:51:01', '106142126268'),
(585, 1, '/api/v1/imageGallery/insert', 'menambah data image Gallery', 'Google Chrome', NULL, '2021-06-14 02:51:07', '106142133047'),
(586, 1, '/api/v1/imageGallery/insert', 'menambah data image Gallery', 'Google Chrome', NULL, '2021-06-14 02:51:13', '106142146786'),
(587, 1, '/api/v1/imageGallery/insert', 'menambah data image Gallery', 'Google Chrome', NULL, '2021-06-14 02:51:23', '106142111438'),
(588, 1, '/api/v1/imageGallery/insert', 'menambah data image Gallery', 'Google Chrome', NULL, '2021-06-14 02:51:28', '10614212721'),
(589, 1, '/api/v1/imageGallery/insert', 'menambah data image Gallery', 'Google Chrome', NULL, '2021-06-14 02:51:35', '106142153573'),
(590, 1, '/api/v1/imageGallery/insert', 'menambah data image Gallery', 'Google Chrome', NULL, '2021-06-14 02:52:16', '106142123111'),
(591, 1, '/api/v1/gallery/insert', 'menambah data gallery', 'Google Chrome', NULL, '2021-06-14 03:07:28', '106142138527'),
(592, 1, '/api/v1/imageGallery/insert', 'menambah data image Gallery', 'Google Chrome', NULL, '2021-06-14 03:08:31', '106142129705'),
(593, 1, '/api/v1/imageGallery/insert', 'menambah data image Gallery', 'Google Chrome', NULL, '2021-06-14 03:08:54', '106142119026'),
(594, 1, '/api/v1/imageGallery/insert', 'menambah data image Gallery', 'Google Chrome', NULL, '2021-06-14 03:09:12', '106142114512'),
(595, 1, '/api/v1/imageGallery/insert', 'menambah data image Gallery', 'Google Chrome', NULL, '2021-06-14 03:09:49', '106142158285'),
(596, 1, '/api/v1/imageGallery/insert', 'menambah data image Gallery', 'Google Chrome', NULL, '2021-06-14 03:10:13', '10614215492'),
(597, 1, '/api/v1/imageGallery/insert', 'menambah data image Gallery', 'Google Chrome', NULL, '2021-06-14 03:10:28', '106142153458'),
(598, 1, '/api/v1/imageGallery/insert', 'menambah data image Gallery', 'Google Chrome', NULL, '2021-06-14 03:10:36', '106142145126'),
(599, 1, '/api/v1/imageGallery/insert', 'menambah data image Gallery', 'Google Chrome', NULL, '2021-06-14 03:10:58', '106142160121'),
(600, 1, '/api/v1/imageGallery/insert', 'menambah data image Gallery', 'Google Chrome', NULL, '2021-06-14 03:11:20', '106142132020'),
(601, 1, '/api/v1/imageGallery/insert', 'menambah data image Gallery', 'Google Chrome', NULL, '2021-06-14 03:12:02', '106142149400'),
(602, 1, '/api/v1/imageGallery/insert', 'menambah data image Gallery', 'Google Chrome', NULL, '2021-06-14 03:12:13', '106142143832'),
(603, 1, '/api/v1/imageGallery/insert', 'menambah data image Gallery', 'Google Chrome', NULL, '2021-06-14 03:12:37', '10614219489'),
(604, 1, '/api/v1/gallery/update', 'mengedit data gallery', 'Google Chrome', NULL, '2021-06-14 03:15:10', '106142142688'),
(605, 1, '/api/v1/gallery/insert', 'menambah data gallery', 'Google Chrome', NULL, '2021-06-14 03:15:56', '106142141949'),
(606, 1, '/api/v1/imageGallery/insert', 'menambah data image Gallery', 'Google Chrome', NULL, '2021-06-14 03:18:25', '106142156738'),
(607, 1, '/api/v1/imageGallery/insert', 'menambah data image Gallery', 'Google Chrome', NULL, '2021-06-14 03:18:30', '106142161626'),
(608, 1, '/api/v1/imageGallery/insert', 'menambah data image Gallery', 'Google Chrome', NULL, '2021-06-14 03:18:37', '106142113363'),
(609, 1, '/api/v1/imageGallery/insert', 'menambah data image Gallery', 'Google Chrome', NULL, '2021-06-14 03:18:42', '106142155428'),
(610, 1, '/api/v1/imageGallery/insert', 'menambah data image Gallery', 'Google Chrome', NULL, '2021-06-14 03:18:47', '106142159938'),
(611, 1, '/api/v1/imageGallery/insert', 'menambah data image Gallery', 'Google Chrome', NULL, '2021-06-14 03:18:56', '106142143641'),
(612, 1, '/api/v1/imageGallery/insert', 'menambah data image Gallery', 'Google Chrome', NULL, '2021-06-14 03:19:01', '10614213153'),
(613, 1, '/api/v1/imageGallery/insert', 'menambah data image Gallery', 'Google Chrome', NULL, '2021-06-14 03:19:26', '10614212604'),
(614, 1, '/api/v1/gallery/insert', 'menambah data gallery', 'Google Chrome', NULL, '2021-06-14 03:21:43', '106142123967'),
(615, 1, '/api/v1/gallery/insert', 'menambah data gallery', 'Google Chrome', NULL, '2021-06-14 03:22:10', '106142111847'),
(616, 1, '/api/v1/gallery/delete', 'menghapus data gallery', 'Google Chrome', NULL, '2021-06-14 03:22:33', '106142123165'),
(617, 1, '/api/v1/imageGallery/insert', 'menambah data image Gallery', 'Google Chrome', NULL, '2021-06-14 03:23:10', '106142150415'),
(618, 1, '/api/v1/imageGallery/insert', 'menambah data image Gallery', 'Google Chrome', NULL, '2021-06-14 03:23:20', '106142145146'),
(619, 1, '/api/v1/imageGallery/insert', 'menambah data image Gallery', 'Google Chrome', NULL, '2021-06-14 03:23:25', '106142149547'),
(620, 1, '/api/v1/imageGallery/insert', 'menambah data image Gallery', 'Google Chrome', NULL, '2021-06-14 03:23:30', '106142110530'),
(621, 1, '/api/v1/imageGallery/insert', 'menambah data image Gallery', 'Google Chrome', NULL, '2021-06-14 03:23:35', '106142147438'),
(622, 1, '/api/v1/gallery/update', 'mengedit data gallery', 'Google Chrome', NULL, '2021-06-17 04:12:52', '106172151370'),
(623, 1, '/api/v1/features/article/insert', 'menambah data article', 'Google Chrome', NULL, '2021-06-17 04:31:20', '106172111284'),
(624, 1, '/api/v1/features/article/update', 'mengubah data article', 'Google Chrome', NULL, '2021-06-17 04:32:49', '106172116139'),
(625, 1, '/api/v1/gallery/update', 'mengedit data gallery', 'Google Chrome', NULL, '2021-06-17 04:33:13', '106172158170'),
(626, 1, '/api/v1/features/article/update', 'mengubah data article', 'Google Chrome', NULL, '2021-06-17 04:37:54', '10617216770'),
(627, 1, '/api/v1/member/insert/profile', 'memperbarui data profile', 'Google Chrome', NULL, '2021-06-28 02:22:28', '106282113642'),
(628, 1, '/api/v1/member/insert/profile', 'memperbarui data profile', 'Google Chrome', NULL, '2021-06-28 02:22:36', '106282114836'),
(629, 1, '/api/v1/menu/insert', 'Menambah data menu', 'Google Chrome', NULL, '2021-06-28 02:47:45', '106282154003'),
(630, 1, '/api/v1/access/users/change/menu', 'Menambah access menu users', 'Google Chrome', NULL, '2021-06-28 02:48:05', '106282122103'),
(631, 1, '/api/v1/features/article/insert', 'menambah data article', 'Google Chrome', NULL, '2021-07-08 03:49:49', '107082136110'),
(632, 1, '/api/v1/features/article/insert', 'menambah data article', 'Google Chrome', NULL, '2021-07-08 03:52:46', '107082111574'),
(633, 1, '/api/v1/features/article/update', 'mengubah data article', 'Google Chrome', NULL, '2021-07-08 04:49:53', '107082114416'),
(634, 1, '/api/v1/prestation/update', 'mengedit data prestasi', 'Google Chrome', NULL, '2021-07-08 04:56:45', '107082131722'),
(635, 1, '/api/v1/prestation/update', 'mengedit data prestasi', 'Google Chrome', NULL, '2021-07-08 04:58:50', '10708215085'),
(636, 1, '/api/v1/prestation/update', 'mengedit data prestasi', 'Google Chrome', NULL, '2021-07-08 04:59:02', '107082158661'),
(637, 1, '/api/v1/prestation/update', 'mengedit data prestasi', 'Google Chrome', NULL, '2021-07-08 04:59:57', '107082169053'),
(638, 1, '/api/v1/prestation/update', 'mengedit data prestasi', 'Google Chrome', NULL, '2021-07-08 05:03:18', '107082169297'),
(639, 1, '/api/v1/prestation/update', 'mengedit data prestasi', 'Google Chrome', NULL, '2021-07-08 05:05:17', '107082123047'),
(640, 1, '/api/v1/prestation/update', 'mengedit data prestasi', 'Google Chrome', NULL, '2021-07-08 05:05:20', '107082165029'),
(641, 1, '/api/v1/features/article/delete', 'menghapus data article', 'Google Chrome', NULL, '2021-07-08 05:08:12', '107082151075'),
(642, 1, '/api/v1/features/article/insert', 'menambah data article', 'Google Chrome', NULL, '2021-07-08 05:08:39', '107082166138'),
(643, 1, '/api/v1/mentor/insert', 'menambah data mentor', 'Mozilla Firefox', NULL, '2021-07-08 06:00:43', '107082168810'),
(644, 1, '/api/v1/prestation/insert', 'menambah data prestasi', 'Google Chrome', NULL, '2021-07-08 06:19:06', '107082123172'),
(645, 1, '/api/v1/prestation/insert', 'menambah data prestasi', 'Google Chrome', NULL, '2021-07-08 06:22:33', '107082145978'),
(646, 1, '/api/v1/prestation/insert', 'menambah data prestasi', 'Google Chrome', NULL, '2021-07-08 06:28:19', '10708212166'),
(647, 1, '/api/v1/prestation/insert', 'menambah data prestasi', 'Google Chrome', NULL, '2021-07-08 06:29:14', '107082117836'),
(648, 1, '/api/v1/prestation/insert', 'menambah data prestasi', 'Google Chrome', NULL, '2021-07-08 06:31:11', '107082132475'),
(649, 1, '/api/v1/prestation/delete', 'menghapus data prestasi', 'Google Chrome', NULL, '2021-07-08 06:32:10', '107082170664'),
(650, 1, '/api/v1/prestation/update', 'mengedit data prestasi', 'Google Chrome', NULL, '2021-07-08 06:32:50', '10708216518'),
(651, 1, '/api/v1/prestation/delete', 'menghapus data prestasi', 'Google Chrome', NULL, '2021-07-08 06:33:06', '107082124265'),
(652, 1, '/api/v1/prestation/delete', 'menghapus data prestasi', 'Google Chrome', NULL, '2021-07-08 06:33:11', '107082157428'),
(653, 1, '/api/v1/prestation/delete', 'menghapus data prestasi', 'Google Chrome', NULL, '2021-07-08 06:33:15', '107082146907'),
(654, 1, '/api/v1/prestation/update', 'mengedit data prestasi', 'Google Chrome', NULL, '2021-07-08 06:34:44', '107082142050'),
(655, 1, '/api/v1/gallery/insert', 'menambah data gallery', 'Google Chrome', NULL, '2021-07-08 06:36:23', '107082154483'),
(656, 1, '/api/v1/gallery/update', 'mengedit data gallery', 'Google Chrome', NULL, '2021-07-08 06:36:59', '107082154554'),
(657, 1, '/api/v1/gallery/update', 'mengedit data gallery', 'Google Chrome', NULL, '2021-07-08 06:38:08', '107082156766'),
(658, 1, '/api/v1/imageGallery/insert', 'menambah data image Gallery', 'Google Chrome', NULL, '2021-07-08 06:39:21', '10708213583'),
(659, 1, '/api/v1/imageGallery/insert', 'menambah data image Gallery', 'Google Chrome', NULL, '2021-07-08 06:39:39', '107082116336'),
(660, 1, '/api/v1/imageGallery/delete', 'menghapus data image Gallery', 'Google Chrome', NULL, '2021-07-08 06:41:59', '107082142087'),
(661, 1, '/api/v1/imageGallery/insert', 'menambah data image Gallery', 'Google Chrome', NULL, '2021-07-08 06:42:09', '10708216451'),
(662, 1, '/api/v1/imageGallery/insert', 'menambah data image Gallery', 'Google Chrome', NULL, '2021-07-08 06:42:34', '107082141754'),
(663, 1, '/api/v1/imageGallery/delete', 'menghapus data image Gallery', 'Google Chrome', NULL, '2021-07-08 06:44:26', '107082153046'),
(664, 1, '/api/v1/imageGallery/delete', 'menghapus data image Gallery', 'Google Chrome', NULL, '2021-07-08 06:44:32', '107082146028'),
(665, 1, '/api/v1/imageGallery/insert', 'menambah data image Gallery', 'Google Chrome', NULL, '2021-07-08 06:44:42', '107082129944'),
(666, 1, '/api/v1/imageGallery/insert', 'menambah data image Gallery', 'Google Chrome', NULL, '2021-07-08 06:45:07', '107082162033'),
(667, 1, '/api/v1/imageGallery/insert', 'menambah data image Gallery', 'Google Chrome', NULL, '2021-07-08 06:45:24', '107082133009'),
(668, 1, '/api/v1/imageGallery/insert', 'menambah data image Gallery', 'Google Chrome', NULL, '2021-07-08 06:45:34', '107082136640'),
(669, 1, '/api/v1/imageGallery/insert', 'menambah data image Gallery', 'Google Chrome', NULL, '2021-07-08 06:46:36', '107082161395'),
(670, 1, '/api/v1/gallery/insert', 'menambah data gallery', 'Google Chrome', NULL, '2021-07-08 07:26:23', '107082118685'),
(671, 1, '/api/v1/imageGallery/insert', 'menambah data image Gallery', 'Google Chrome', NULL, '2021-07-08 07:27:35', '107082132460'),
(672, 1, '/api/v1/imageGallery/insert', 'menambah data image Gallery', 'Google Chrome', NULL, '2021-07-08 07:27:50', '107082114519'),
(673, 1, '/api/v1/imageGallery/insert', 'menambah data image Gallery', 'Google Chrome', NULL, '2021-07-08 07:28:03', '107082158357'),
(674, 1, '/api/v1/imageGallery/delete', 'menghapus data image Gallery', 'Google Chrome', NULL, '2021-07-08 07:28:50', '107082147635'),
(675, 1, '/api/v1/imageGallery/delete', 'menghapus data image Gallery', 'Google Chrome', NULL, '2021-07-08 07:28:59', '107082130773'),
(676, 1, '/api/v1/imageGallery/insert', 'menambah data image Gallery', 'Google Chrome', NULL, '2021-07-08 07:29:20', '107082112896'),
(677, 1, '/api/v1/imageGallery/insert', 'menambah data image Gallery', 'Google Chrome', NULL, '2021-07-08 07:29:28', '10708219889'),
(678, 1, '/api/v1/imageGallery/delete', 'menghapus data image Gallery', 'Google Chrome', NULL, '2021-07-08 07:29:52', '107082160527'),
(679, 1, '/api/v1/imageGallery/insert', 'menambah data image Gallery', 'Google Chrome', NULL, '2021-07-08 07:30:09', '107082159373'),
(680, 1, '/api/v1/imageGallery/insert', 'menambah data image Gallery', 'Google Chrome', NULL, '2021-07-08 07:31:07', '107082147689'),
(681, 1, '/api/v1/imageGallery/insert', 'menambah data image Gallery', 'Google Chrome', NULL, '2021-07-08 07:31:25', '107082137196'),
(682, 1, '/api/v1/imageGallery/delete', 'menghapus data image Gallery', 'Google Chrome', NULL, '2021-07-08 07:31:49', '107082160884'),
(683, 1, '/api/v1/imageGallery/insert', 'menambah data image Gallery', 'Google Chrome', NULL, '2021-07-08 07:32:10', '107082158803'),
(684, 1, '/api/v1/imageGallery/delete', 'menghapus data image Gallery', 'Google Chrome', NULL, '2021-07-08 07:32:34', '10708218117'),
(685, 1, '/api/v1/imageGallery/insert', 'menambah data image Gallery', 'Google Chrome', NULL, '2021-07-08 07:32:50', '107082132692'),
(686, 1, '/api/v1/imageGallery/insert', 'menambah data image Gallery', 'Google Chrome', NULL, '2021-07-08 07:32:56', '107082136689'),
(687, 1, '/api/v1/imageGallery/delete', 'menghapus data image Gallery', 'Google Chrome', NULL, '2021-07-08 07:33:46', '107082141604'),
(688, 1, '/api/v1/imageGallery/insert', 'menambah data image Gallery', 'Google Chrome', NULL, '2021-07-08 07:33:58', '107082166249'),
(689, 1, '/api/v1/prestation/update', 'mengedit data prestasi', 'Google Chrome', NULL, '2021-07-08 13:47:58', '107082129278'),
(690, 1, '/api/v1/mentor/insert', 'menambah data mentor', 'Google Chrome', NULL, '2021-07-09 03:20:46', '107092148015'),
(691, 1, '/api/v1/mentor/insert', 'menambah data mentor', 'Google Chrome', NULL, '2021-07-09 03:21:54', '107092171086'),
(692, 1, '/api/v1/mentor/delete', 'menghapus data mentor', 'Google Chrome', NULL, '2021-07-09 03:22:16', '107092152144'),
(693, 1, '/api/v1/mentor/update', 'mengedit data mentor', 'Google Chrome', NULL, '2021-07-09 03:23:33', '107092127252'),
(694, 1, '/api/v1/mentor/update', 'mengedit data mentor', 'Google Chrome', NULL, '2021-07-09 03:23:56', '107092122756'),
(695, 1, '/api/v1/mentor/update', 'mengedit data mentor', 'Google Chrome', NULL, '2021-07-09 03:24:36', '107092151639'),
(696, 1, '/api/v1/mentor/update', 'mengedit data mentor', 'Google Chrome', NULL, '2021-07-09 03:24:48', '107092145990'),
(697, 1, '/api/v1/mentor/update', 'mengedit data mentor', 'Google Chrome', NULL, '2021-07-09 03:27:42', '107092162944'),
(698, 1, '/api/v1/mentor/update', 'mengedit data mentor', 'Google Chrome', NULL, '2021-07-09 03:33:48', '107092119109'),
(699, 1, '/api/v1/mentor/insert', 'menambah data mentor', 'Google Chrome', NULL, '2021-07-09 03:38:47', '107092170789'),
(700, 1, '/api/v1/mentor/insert', 'menambah data mentor', 'Google Chrome', NULL, '2021-07-09 03:39:32', '10709213630'),
(701, 1, '/api/v1/mentor/delete', 'menghapus data mentor', 'Google Chrome', NULL, '2021-07-09 03:39:37', '107092145919'),
(702, 1, '/api/v1/mentor/delete', 'menghapus data mentor', 'Google Chrome', NULL, '2021-07-09 03:39:50', '107092168757'),
(703, 1, '/api/v1/trash/division/delete', 'menghapus data sampah divisi', 'Google Chrome', NULL, '2021-07-09 03:41:32', '107092111492'),
(704, 1, '/api/v1/trash/gallery/delete', 'menghapus data sampah gallery', 'Google Chrome', NULL, '2021-07-09 03:41:45', '107092161098'),
(705, 1, '/api/v1/trash/imageGallery/delete', 'menghapus data sampah image gallery', 'Google Chrome', NULL, '2021-07-09 03:41:57', '107092168835'),
(706, 1, '/api/v1/trash/imageGallery/delete', 'menghapus data sampah image gallery', 'Google Chrome', NULL, '2021-07-09 03:42:05', '107092170776'),
(707, 1, '/api/v1/mentor/insert', 'menambah data mentor', 'Google Chrome', NULL, '2021-07-09 03:44:08', '107092123092'),
(708, 1, '/api/v1/mentor/insert', 'menambah data mentor', 'Google Chrome', NULL, '2021-07-09 03:47:02', '107092154241'),
(709, 1, '/api/v1/mentor/insert', 'menambah data mentor', 'Google Chrome', NULL, '2021-07-09 03:52:44', '10709218960'),
(710, 1, '/api/v1/mentor/update', 'mengedit data mentor', 'Google Chrome', NULL, '2021-07-09 03:53:02', '10709212886'),
(711, 1, '/api/v1/mentor/update', 'mengedit data mentor', 'Google Chrome', NULL, '2021-07-09 03:53:32', '107092142958'),
(712, 1, '/api/v1/mentor/update', 'mengedit data mentor', 'Google Chrome', NULL, '2021-07-09 03:54:05', '107092120342'),
(713, 1, '/api/v1/mentor/insert', 'menambah data mentor', 'Google Chrome', NULL, '2021-07-09 03:57:53', '107092136303'),
(714, 1, '/api/v1/mentor/update', 'mengedit data mentor', 'Google Chrome', NULL, '2021-07-09 03:58:09', '107092162845'),
(715, 1, '/api/v1/mentor/insert', 'menambah data mentor', 'Google Chrome', NULL, '2021-07-09 04:01:02', '107092113604'),
(716, 1, '/api/v1/mentor/update', 'mengedit data mentor', 'Google Chrome', NULL, '2021-07-09 04:01:54', '10709213467'),
(717, 1, '/api/v1/mentor/insert', 'menambah data mentor', 'Google Chrome', NULL, '2021-07-09 04:03:50', '107092134010'),
(718, 1, '/api/v1/mentor/update', 'mengedit data mentor', 'Google Chrome', NULL, '2021-07-09 04:08:30', '107092129706'),
(719, 1, '/api/v1/alumni/delete', 'menghapus data alumni', 'Google Chrome', NULL, '2021-07-09 05:07:59', '107092111245'),
(720, 1, '/api/v1/trash/user/delete', 'menghapus data sampah user', 'Google Chrome', NULL, '2021-07-09 05:08:55', '107092168289'),
(721, 53, '/api/v1/member/insert/profile', 'memperbarui data profile', 'Google Chrome', NULL, '2021-07-09 05:18:36', '5307092158076'),
(722, 53, '/api/v1/member/insert/profile', 'memperbarui data profile', 'Google Chrome', NULL, '2021-07-09 05:18:41', '5307092134473'),
(723, 1, '/api/v1/member/registration/accept', 'Accept new member', 'Google Chrome', NULL, '2021-07-09 05:19:59', '10709218943'),
(724, 1, '/api/v1/alumni/insert', 'menambah data alumni', 'Google Chrome', NULL, '2021-07-09 07:48:51', '10709213659'),
(725, 1, '/api/v1/alumni/delete', 'menghapus data alumni', 'Google Chrome', NULL, '2021-07-09 07:51:49', '107092118770'),
(726, 1, '/api/v1/trash/alumni/delete', 'menghapus data sampah alumni', 'Google Chrome', NULL, '2021-07-09 10:05:19', '107092113239'),
(727, 1, '/api/v1/alumni/insert', 'menambah data alumni', 'Google Chrome', NULL, '2021-07-09 10:06:20', '107092128931'),
(728, 1, '/api/v1/alumni/insert', 'menambah data alumni', 'Google Chrome', NULL, '2021-07-09 10:07:39', '107092164658'),
(729, 1, '/api/v1/alumni/delete', 'menghapus data alumni', 'Google Chrome', NULL, '2021-07-09 10:07:54', '107092116438'),
(730, 1, '/api/v1/alumni/delete', 'menghapus data alumni', 'Google Chrome', NULL, '2021-07-09 10:08:00', '107092151926'),
(731, 1, '/api/v1/alumni/insert', 'menambah data alumni', 'Google Chrome', NULL, '2021-07-09 10:08:19', '107092111510'),
(732, 1, '/api/v1/alumni/insert', 'menambah data alumni', 'Google Chrome', NULL, '2021-07-09 10:08:39', '107092126662'),
(733, 1, '/api/v1/alumni/insert', 'menambah data alumni', 'Google Chrome', NULL, '2021-07-09 10:09:10', '107092123350'),
(734, 1, '/api/v1/alumni/insert', 'menambah data alumni', 'Google Chrome', NULL, '2021-07-09 10:10:24', '107092155650'),
(735, 1, '/api/v1/alumni/insert', 'menambah data alumni', 'Google Chrome', NULL, '2021-07-09 10:11:20', '107092136042'),
(736, 1, '/api/v1/alumni/insert', 'menambah data alumni', 'Google Chrome', NULL, '2021-07-09 10:13:44', '107092163181'),
(737, 1, '/api/v1/alumni/insert', 'menambah data alumni', 'Google Chrome', NULL, '2021-07-09 10:14:46', '107092148248'),
(738, 1, '/api/v1/alumni/insert', 'menambah data alumni', 'Google Chrome', NULL, '2021-07-09 10:15:00', '107092120499'),
(739, 1, '/api/v1/alumni/insert', 'menambah data alumni', 'Google Chrome', NULL, '2021-07-09 10:15:14', '10709217308'),
(740, 1, '/api/v1/alumni/insert', 'menambah data alumni', 'Google Chrome', NULL, '2021-07-09 10:15:27', '107092135165'),
(741, 1, '/api/v1/alumni/insert', 'menambah data alumni', 'Google Chrome', NULL, '2021-07-09 10:16:33', '107092110669'),
(742, 1, '/api/v1/alumni/delete', 'menghapus data alumni', 'Google Chrome', NULL, '2021-07-09 10:16:52', '107092153222'),
(743, 1, '/api/v1/alumni/insert', 'menambah data alumni', 'Google Chrome', NULL, '2021-07-09 10:17:44', '107092134885'),
(744, 1, '/api/v1/alumni/insert', 'menambah data alumni', 'Google Chrome', NULL, '2021-07-09 10:17:55', '107092126606'),
(745, 1, '/api/v1/alumni/insert', 'menambah data alumni', 'Google Chrome', NULL, '2021-07-09 10:18:20', '107092153825'),
(746, 1, '/api/v1/alumni/insert', 'menambah data alumni', 'Google Chrome', NULL, '2021-07-09 10:18:40', '107092120959'),
(747, 1, '/api/v1/alumni/insert', 'menambah data alumni', 'Google Chrome', NULL, '2021-07-09 10:18:52', '107092139358'),
(748, 1, '/api/v1/alumni/insert', 'menambah data alumni', 'Google Chrome', NULL, '2021-07-09 10:19:14', '107092159172'),
(749, 1, '/api/v1/alumni/insert', 'menambah data alumni', 'Google Chrome', NULL, '2021-07-09 10:19:25', '107092135398'),
(750, 1, '/api/v1/alumni/insert', 'menambah data alumni', 'Google Chrome', NULL, '2021-07-09 10:19:37', '107092149493'),
(751, 1, '/api/v1/alumni/update', 'mengedit data alumni', 'Google Chrome', NULL, '2021-07-09 10:33:14', '107092123947'),
(752, 1, '/api/v1/alumni/update', 'mengedit data alumni', 'Google Chrome', NULL, '2021-07-09 10:53:13', '107092128955'),
(753, 1, '/api/v1/features/article/insert', 'menambah data article', 'Google Chrome', NULL, '2021-07-16 03:40:14', '107162159503'),
(754, 1, '/api/v1/features/article/update', 'mengubah data article', 'Google Chrome', NULL, '2021-07-16 03:41:36', '107162171266'),
(755, 1, '/api/v1/features/article/insert', 'menambah data article', 'Google Chrome', NULL, '2021-07-16 03:52:55', '107162135873'),
(756, 1, '/api/v1/features/article/insert', 'menambah data article', 'Google Chrome', NULL, '2021-07-16 03:52:55', '107162116795'),
(757, 1, '/api/v1/features/article/delete', 'menghapus data article', 'Google Chrome', NULL, '2021-07-16 03:53:17', '107162135992'),
(758, 1, '/api/v1/features/article/update', 'mengubah data article', 'Google Chrome', NULL, '2021-07-16 04:04:40', '10716213139'),
(759, 1, '/api/v1/features/article/update', 'mengubah data article', 'Google Chrome', NULL, '2021-07-16 04:05:15', '107162121329'),
(760, 1, '/api/v1/features/article/insert', 'menambah data article', 'Google Chrome', NULL, '2021-07-16 04:05:38', '107162143567'),
(761, 1, '/api/v1/features/article/update', 'mengubah data article', 'Google Chrome', NULL, '2021-07-16 04:06:25', '107162170032'),
(762, 1, '/api/v1/features/article/insert', 'menambah data article', 'Google Chrome', NULL, '2021-07-16 04:22:32', '107162142375'),
(763, 1, '/api/v1/gallery/insert', 'menambah data gallery', 'Google Chrome', NULL, '2021-07-16 04:35:03', '107162142965'),
(764, 1, '/api/v1/imageGallery/insert', 'menambah data image Gallery', 'Google Chrome', NULL, '2021-07-16 04:36:15', '107162139526'),
(765, 1, '/api/v1/imageGallery/insert', 'menambah data image Gallery', 'Google Chrome', NULL, '2021-07-16 04:36:36', '107162149914'),
(766, 1, '/api/v1/imageGallery/insert', 'menambah data image Gallery', 'Google Chrome', NULL, '2021-07-16 04:36:42', '107162154686'),
(767, 1, '/api/v1/imageGallery/insert', 'menambah data image Gallery', 'Google Chrome', NULL, '2021-07-16 04:36:47', '10716214986'),
(768, 1, '/api/v1/imageGallery/insert', 'menambah data image Gallery', 'Google Chrome', NULL, '2021-07-16 04:36:58', '107162114566'),
(769, 1, '/api/v1/imageGallery/insert', 'menambah data image Gallery', 'Google Chrome', NULL, '2021-07-16 04:37:04', '107162131143'),
(770, 1, '/api/v1/imageGallery/insert', 'menambah data image Gallery', 'Google Chrome', NULL, '2021-07-16 04:39:24', '107162126422'),
(771, 1, '/api/v1/prestation/insert', 'menambah data prestasi', 'Google Chrome', NULL, '2021-07-16 04:42:43', '107162164957'),
(772, 1, '/api/v1/prestation/insert', 'menambah data prestasi', 'Google Chrome', NULL, '2021-07-16 04:43:29', '107162166217'),
(773, 1, '/api/v1/prestation/delete', 'menghapus data prestasi', 'Google Chrome', NULL, '2021-07-16 04:43:50', '107162134580'),
(774, 1, '/api/v1/prestation/update', 'mengedit data prestasi', 'Google Chrome', NULL, '2021-07-16 04:44:08', '107162146521'),
(775, 1, '/api/v1/prestation/update', 'mengedit data prestasi', 'Google Chrome', NULL, '2021-07-16 04:44:53', '107162112344'),
(776, 1, '/api/v1/features/article/update', 'mengubah data article', 'Google Chrome', NULL, '2021-07-16 04:47:48', '107162139927'),
(777, 1, '/api/v1/prestation/insert', 'menambah data prestasi', 'Google Chrome', NULL, '2021-07-16 05:36:28', '107162112438'),
(778, 1, '/api/v1/prestation/update', 'mengedit data prestasi', 'Google Chrome', NULL, '2021-07-16 05:37:42', '107162140364');
INSERT INTO `activities` (`id`, `user_id`, `url_access`, `description`, `browser`, `deleted_at`, `created_at`, `code_activity`) VALUES
(779, 1, '/api/v1/gallery/insert', 'menambah data gallery', 'Google Chrome', NULL, '2021-07-16 05:38:49', '107162150258'),
(780, 1, '/api/v1/gallery/update', 'mengedit data gallery', 'Google Chrome', NULL, '2021-07-16 05:42:40', '107162112998'),
(781, 1, '/api/v1/features/article/insert', 'menambah data article', 'Google Chrome', NULL, '2021-07-16 05:44:28', '107162130215'),
(782, 1, '/api/v1/imageGallery/insert', 'menambah data image Gallery', 'Google Chrome', NULL, '2021-07-16 06:09:21', '107162162087'),
(783, 1, '/api/v1/imageGallery/insert', 'menambah data image Gallery', 'Google Chrome', NULL, '2021-07-16 06:09:21', '107162137112'),
(784, 1, '/api/v1/imageGallery/insert', 'menambah data image Gallery', 'Google Chrome', NULL, '2021-07-16 06:35:59', '10716213895'),
(785, 1, '/api/v1/imageGallery/insert', 'menambah data image Gallery', 'Google Chrome', NULL, '2021-07-16 06:35:59', '107162151374'),
(786, 1, '/api/v1/imageGallery/insert', 'menambah data image Gallery', 'Google Chrome', NULL, '2021-07-16 06:36:16', '107162124021'),
(787, 1, '/api/v1/imageGallery/insert', 'menambah data image Gallery', 'Google Chrome', NULL, '2021-07-16 06:36:26', '10716218019'),
(788, 1, '/api/v1/prestation/update', 'mengedit data prestasi', 'Google Chrome', NULL, '2021-07-16 08:12:57', '107162128692'),
(789, 1, '/api/v1/prestation/update', 'mengedit data prestasi', 'Google Chrome', NULL, '2021-07-16 08:13:44', '107162162012'),
(790, 1, '/api/v1/features/article/update', 'mengubah data article', 'Google Chrome', NULL, '2021-07-16 08:55:40', '107162134625'),
(791, 1, '/api/v1/features/article/insert', 'menambah data article', 'Google Chrome', NULL, '2021-07-17 14:15:22', '107172121141'),
(792, 1, '/api/v1/features/article/delete', 'menghapus data article', 'Google Chrome', NULL, '2021-07-17 14:15:45', '107172167801'),
(793, 1, '/api/v1/gallery/insert', 'menambah data gallery', 'Google Chrome', NULL, '2021-07-17 14:16:34', '107172152002'),
(794, 1, '/api/v1/imageGallery/insert', 'menambah data image Gallery', 'Google Chrome', NULL, '2021-07-17 14:17:31', '107172125111'),
(795, 1, '/api/v1/imageGallery/insert', 'menambah data image Gallery', 'Google Chrome', NULL, '2021-07-17 14:18:14', '107172121070'),
(796, 1, '/api/v1/imageGallery/insert', 'menambah data image Gallery', 'Google Chrome', NULL, '2021-07-17 14:18:24', '107172110923'),
(797, 1, '/api/v1/imageGallery/insert', 'menambah data image Gallery', 'Google Chrome', NULL, '2021-07-17 14:18:34', '107172164085'),
(798, 1, '/api/v1/imageGallery/insert', 'menambah data image Gallery', 'Google Chrome', NULL, '2021-07-17 14:18:39', '10717216989'),
(799, 1, '/api/v1/imageGallery/insert', 'menambah data image Gallery', 'Google Chrome', NULL, '2021-07-17 14:18:49', '107172119417'),
(800, 1, '/api/v1/imageGallery/insert', 'menambah data image Gallery', 'Google Chrome', NULL, '2021-07-17 14:18:54', '107172148678'),
(801, 1, '/api/v1/imageGallery/insert', 'menambah data image Gallery', 'Google Chrome', NULL, '2021-07-17 14:19:02', '10717215416'),
(802, 1, '/api/v1/imageGallery/insert', 'menambah data image Gallery', 'Google Chrome', NULL, '2021-07-17 14:19:08', '107172119800'),
(803, 1, '/api/v1/features/article/insert', 'menambah data article', 'Google Chrome', NULL, '2021-07-17 14:35:46', '107172113951'),
(804, 1, '/api/v1/features/article/insert', 'menambah data article', 'Google Chrome', NULL, '2021-07-17 14:35:50', '10717215095'),
(805, 1, '/api/v1/features/article/delete', 'menghapus data article', 'Google Chrome', NULL, '2021-07-17 14:36:00', '107172139876'),
(806, 1, '/api/v1/features/article/update', 'mengubah data article', 'Google Chrome', NULL, '2021-07-17 14:37:29', '107172137616'),
(807, 1, '/api/v1/features/article/insert', 'menambah data article', 'Google Chrome', NULL, '2021-07-17 14:56:25', '107172161481'),
(808, 1, '/api/v1/gallery/insert', 'menambah data gallery', 'Google Chrome', NULL, '2021-07-17 14:58:49', '107172123139'),
(809, 1, '/api/v1/gallery/update', 'mengedit data gallery', 'Google Chrome', NULL, '2021-07-17 15:03:58', '107172142638'),
(810, 1, '/api/v1/imageGallery/insert', 'menambah data image Gallery', 'Google Chrome', NULL, '2021-07-17 15:06:08', '107172120992'),
(811, 1, '/api/v1/imageGallery/insert', 'menambah data image Gallery', 'Google Chrome', NULL, '2021-07-17 15:06:14', '107172163205'),
(812, 1, '/api/v1/imageGallery/insert', 'menambah data image Gallery', 'Google Chrome', NULL, '2021-07-17 15:06:21', '107172125660'),
(813, 1, '/api/v1/imageGallery/insert', 'menambah data image Gallery', 'Google Chrome', NULL, '2021-07-17 15:06:28', '107172136767'),
(814, 1, '/api/v1/imageGallery/insert', 'menambah data image Gallery', 'Google Chrome', NULL, '2021-07-17 15:06:33', '107172111365'),
(815, 1, '/api/v1/imageGallery/insert', 'menambah data image Gallery', 'Google Chrome', NULL, '2021-07-17 15:06:45', '107172158405'),
(816, 1, '/api/v1/imageGallery/insert', 'menambah data image Gallery', 'Google Chrome', NULL, '2021-07-17 15:07:30', '107172127024'),
(817, 1, '/api/v1/imageGallery/insert', 'menambah data image Gallery', 'Google Chrome', NULL, '2021-07-17 15:07:35', '107172124316'),
(818, 1, '/api/v1/imageGallery/insert', 'menambah data image Gallery', 'Google Chrome', NULL, '2021-07-17 15:07:39', '107172124409'),
(819, 1, '/api/v1/gallery/insert', 'menambah data gallery', 'Google Chrome', NULL, '2021-07-17 15:09:19', '107172131097'),
(820, 1, '/api/v1/imageGallery/insert', 'menambah data image Gallery', 'Google Chrome', NULL, '2021-07-17 15:09:45', '107172160334'),
(821, 1, '/api/v1/imageGallery/insert', 'menambah data image Gallery', 'Google Chrome', NULL, '2021-07-17 15:09:51', '107172123242'),
(822, 1, '/api/v1/imageGallery/insert', 'menambah data image Gallery', 'Google Chrome', NULL, '2021-07-17 15:10:04', '107172114895'),
(823, 1, '/api/v1/imageGallery/insert', 'menambah data image Gallery', 'Google Chrome', NULL, '2021-07-17 15:10:16', '107172147771'),
(824, 1, '/api/v1/imageGallery/insert', 'menambah data image Gallery', 'Google Chrome', NULL, '2021-07-17 15:10:20', '107172127335'),
(825, 1, '/api/v1/imageGallery/insert', 'menambah data image Gallery', 'Google Chrome', NULL, '2021-07-17 15:10:25', '107172151976'),
(826, 1, '/api/v1/gallery/delete', 'menghapus data gallery', 'Google Chrome', NULL, '2021-07-17 15:12:11', '107172163267'),
(827, 1, '/api/v1/gallery/insert', 'menambah data gallery', 'Google Chrome', NULL, '2021-07-17 15:28:47', '107172116169'),
(828, 1, '/api/v1/gallery/update', 'mengedit data gallery', 'Google Chrome', NULL, '2021-07-17 15:32:00', '107172171725'),
(829, 1, '/api/v1/imageGallery/insert', 'menambah data image Gallery', 'Google Chrome', NULL, '2021-07-17 15:32:51', '107172130523'),
(830, 1, '/api/v1/imageGallery/insert', 'menambah data image Gallery', 'Google Chrome', NULL, '2021-07-17 15:32:58', '107172165523'),
(831, 1, '/api/v1/imageGallery/insert', 'menambah data image Gallery', 'Google Chrome', NULL, '2021-07-17 15:33:05', '107172161386'),
(832, 1, '/api/v1/imageGallery/insert', 'menambah data image Gallery', 'Google Chrome', NULL, '2021-07-17 15:33:12', '107172156962'),
(833, 1, '/api/v1/gallery/update', 'mengedit data gallery', 'Google Chrome', NULL, '2021-07-17 15:33:31', '107172111751'),
(834, 1, '/api/v1/gallery/insert', 'menambah data gallery', 'Google Chrome', NULL, '2021-07-17 15:36:14', '107172140382'),
(835, 1, '/api/v1/gallery/update', 'mengedit data gallery', 'Google Chrome', NULL, '2021-07-17 15:36:49', '107172144939'),
(836, 1, '/api/v1/imageGallery/insert', 'menambah data image Gallery', 'Google Chrome', NULL, '2021-07-17 15:37:07', '107172123348'),
(837, 1, '/api/v1/imageGallery/insert', 'menambah data image Gallery', 'Google Chrome', NULL, '2021-07-17 15:37:13', '107172148680'),
(838, 1, '/api/v1/imageGallery/insert', 'menambah data image Gallery', 'Google Chrome', NULL, '2021-07-17 15:37:18', '107172135835'),
(839, 1, '/api/v1/imageGallery/insert', 'menambah data image Gallery', 'Google Chrome', NULL, '2021-07-17 15:37:23', '107172139674'),
(840, 1, '/api/v1/imageGallery/insert', 'menambah data image Gallery', 'Google Chrome', NULL, '2021-07-17 15:37:29', '107172147439'),
(841, 1, '/api/v1/imageGallery/insert', 'menambah data image Gallery', 'Google Chrome', NULL, '2021-07-17 15:37:35', '107172156406'),
(842, 1, '/api/v1/gallery/insert', 'menambah data gallery', 'Google Chrome', NULL, '2021-07-17 16:02:20', '107172171188'),
(843, 1, '/api/v1/imageGallery/insert', 'menambah data image Gallery', 'Google Chrome', NULL, '2021-07-17 16:08:32', '107172155166'),
(844, 1, '/api/v1/imageGallery/insert', 'menambah data image Gallery', 'Google Chrome', NULL, '2021-07-17 16:08:41', '107172113881'),
(845, 1, '/api/v1/imageGallery/insert', 'menambah data image Gallery', 'Google Chrome', NULL, '2021-07-17 16:08:49', '107172151677'),
(846, 1, '/api/v1/imageGallery/insert', 'menambah data image Gallery', 'Google Chrome', NULL, '2021-07-17 16:08:57', '107172139906'),
(847, 1, '/api/v1/imageGallery/insert', 'menambah data image Gallery', 'Google Chrome', NULL, '2021-07-17 16:09:06', '10717218625'),
(848, 1, '/api/v1/imageGallery/insert', 'menambah data image Gallery', 'Google Chrome', NULL, '2021-07-17 16:09:45', '107172124647'),
(849, 1, '/api/v1/imageGallery/insert', 'menambah data image Gallery', 'Google Chrome', NULL, '2021-07-17 16:10:04', '107172113271'),
(850, 1, '/api/v1/imageGallery/insert', 'menambah data image Gallery', 'Google Chrome', NULL, '2021-07-17 16:10:14', '107172170482'),
(851, 1, '/api/v1/imageGallery/insert', 'menambah data image Gallery', 'Google Chrome', NULL, '2021-07-17 16:10:27', '107172111752'),
(852, 1, '/api/v1/imageGallery/insert', 'menambah data image Gallery', 'Google Chrome', NULL, '2021-07-17 16:10:43', '107172162600'),
(853, 1, '/api/v1/imageGallery/insert', 'menambah data image Gallery', 'Google Chrome', NULL, '2021-07-17 16:11:29', '107172144062'),
(854, 1, '/api/v1/imageGallery/insert', 'menambah data image Gallery', 'Google Chrome', NULL, '2021-07-17 16:12:05', '107172140170'),
(855, 1, '/api/v1/imageGallery/insert', 'menambah data image Gallery', 'Google Chrome', NULL, '2021-07-17 16:12:24', '107172153508'),
(856, 1, '/api/v1/imageGallery/insert', 'menambah data image Gallery', 'Google Chrome', NULL, '2021-07-17 16:13:06', '107172114868'),
(857, 1, '/api/v1/imageGallery/insert', 'menambah data image Gallery', 'Google Chrome', NULL, '2021-07-17 16:13:16', '107172151560'),
(858, 1, '/api/v1/imageGallery/insert', 'menambah data image Gallery', 'Google Chrome', NULL, '2021-07-17 16:13:24', '107172156311'),
(859, 1, '/api/v1/imageGallery/insert', 'menambah data image Gallery', 'Google Chrome', NULL, '2021-07-17 16:14:13', '107172142987'),
(860, 1, '/api/v1/imageGallery/insert', 'menambah data image Gallery', 'Google Chrome', NULL, '2021-07-17 16:14:24', '107172131828'),
(861, 1, '/api/v1/imageGallery/insert', 'menambah data image Gallery', 'Google Chrome', NULL, '2021-07-17 16:14:32', '107172133939'),
(862, 1, '/api/v1/imageGallery/insert', 'menambah data image Gallery', 'Google Chrome', NULL, '2021-07-17 16:15:23', '107172115207'),
(863, 1, '/api/v1/imageGallery/insert', 'menambah data image Gallery', 'Google Chrome', NULL, '2021-07-17 16:15:35', '107172147603'),
(864, 1, '/api/v1/imageGallery/insert', 'menambah data image Gallery', 'Google Chrome', NULL, '2021-07-17 16:16:20', '107172111948'),
(865, 1, '/api/v1/imageGallery/insert', 'menambah data image Gallery', 'Google Chrome', NULL, '2021-07-17 16:16:34', '107172123457'),
(866, 1, '/api/v1/imageGallery/insert', 'menambah data image Gallery', 'Google Chrome', NULL, '2021-07-17 16:17:58', '10717217115'),
(867, 1, '/api/v1/imageGallery/delete', 'menghapus data image Gallery', 'Google Chrome', NULL, '2021-07-17 16:19:28', '107172161427'),
(868, 1, '/api/v1/imageGallery/insert', 'menambah data image Gallery', 'Google Chrome', NULL, '2021-07-17 16:19:47', '107172120281'),
(869, 1, '/api/v1/gallery/update', 'mengedit data gallery', 'Google Chrome', NULL, '2021-07-17 16:20:52', '107172117049'),
(870, 1, '/api/v1/features/article/update', 'mengubah data article', 'Google Chrome', NULL, '2021-07-19 05:37:08', '107192132679'),
(871, 1, '/api/v1/member/delete', 'menghapus data member', 'Google Chrome', NULL, '2021-07-19 05:58:36', '10719216287'),
(872, 1, '/api/v1/mentor/update', 'mengedit data mentor', 'Google Chrome', NULL, '2021-07-20 02:45:25', '107202119829'),
(873, 1, '/api/v1/mentor/update', 'mengedit data mentor', 'Google Chrome', NULL, '2021-07-20 02:46:25', '10720214675'),
(874, 1, '/api/v1/mentor/update', 'mengedit data mentor', 'Google Chrome', NULL, '2021-07-20 02:49:07', '107202155339'),
(875, 1, '/api/v1/division/update', 'mengedit data divisi', 'Google Chrome', NULL, '2021-07-20 03:12:20', '107202133181'),
(876, 1, '/api/v1/division/update', 'mengedit data divisi', 'Google Chrome', NULL, '2021-07-20 03:12:45', '107202140516'),
(877, 1, '/api/v1/division/update', 'mengedit data divisi', 'Google Chrome', NULL, '2021-07-20 03:13:15', '10720215936'),
(878, 1, '/api/v1/division/update', 'mengedit data divisi', 'Google Chrome', NULL, '2021-07-20 03:18:32', '107202134646'),
(879, 1, '/api/v1/division/update', 'mengedit data divisi', 'Google Chrome', NULL, '2021-07-20 03:26:25', '107202165361'),
(880, 1, '/api/v1/division/update', 'mengedit data divisi', 'Google Chrome', NULL, '2021-07-20 03:44:16', '107202126355'),
(881, 1, '/api/v1/division/update', 'mengedit data divisi', 'Google Chrome', NULL, '2021-07-20 03:45:05', '107202150488'),
(882, 1, '/api/v1/division/update', 'mengedit data divisi', 'Google Chrome', NULL, '2021-07-20 04:15:23', '107202134225'),
(883, 1, '/api/v1/division/update', 'mengedit data divisi', 'Google Chrome', NULL, '2021-07-20 04:17:40', '107202126425'),
(884, 54, '/api/v1/member/insert/profile', 'memperbarui data profile', 'Google Chrome', NULL, '2021-07-20 09:01:57', '5407202111856'),
(885, 54, '/api/v1/member/insert/profile', 'memperbarui data profile', 'Google Chrome', NULL, '2021-07-20 09:02:20', '5407202137231'),
(886, 54, '/api/v1/member/insert/profile', 'memperbarui data profile', 'Google Chrome', NULL, '2021-07-20 09:02:44', '5407202111118'),
(887, 1, '/api/v1/user/delete', 'Delete user Herdian18', 'Google Chrome', NULL, '2021-07-20 09:08:01', '107202163676'),
(888, 1, '/api/v1/user/delete', 'Delete user Setting', 'Google Chrome', NULL, '2021-07-20 09:08:04', '107202140966'),
(889, 1, '/api/v1/user/delete', 'Delete user rizkanfirmansyah', 'Google Chrome', NULL, '2021-07-20 09:08:06', '107202144464'),
(890, 1, '/api/v1/user/delete', 'Delete user user', 'Google Chrome', NULL, '2021-07-20 09:08:10', '107202149687'),
(891, 1, '/api/v1/user/delete', 'Delete user itclub5', 'Google Chrome', NULL, '2021-07-20 09:08:15', '107202121859'),
(892, 1, '/api/v1/user/delete', 'Delete user Herdian188', 'Google Chrome', NULL, '2021-07-20 09:08:21', '107202139272'),
(893, 56, '/api/v1/member/insert/profile', 'memperbarui data profile', 'Google Chrome', NULL, '2021-07-20 09:30:25', '5607202120985'),
(894, 56, '/api/v1/member/delete/image/profile', 'menghapus data image profile', 'Google Chrome', NULL, '2021-07-20 09:30:36', '5607202156897'),
(895, 56, '/api/v1/member/delete/image/profile', 'menghapus data image profile', 'Google Chrome', NULL, '2021-07-20 09:30:40', '5607202132135'),
(896, 56, '/api/v1/member/insert/profile', 'memperbarui data profile', 'Google Chrome', NULL, '2021-07-20 09:31:08', '5607202120439'),
(897, 55, '/api/v1/member/insert/profile', 'memperbarui data profile', 'Google Chrome', NULL, '2021-07-20 09:47:43', '5507202123860'),
(898, 50, '/api/v1/member/insert/profile', 'memperbarui data profile', 'Google Chrome', NULL, '2021-07-20 13:29:47', '500720218856'),
(899, 50, '/api/v1/member/insert/profile', 'memperbarui data profile', 'Google Chrome', NULL, '2021-07-20 13:29:50', '5007202113054'),
(900, 50, '/api/v1/member/insert/profile', 'memperbarui data profile', 'Google Chrome', NULL, '2021-07-20 13:29:55', '500720218991'),
(901, 1, '/api/v1/user/delete', 'Delete user rizkan', 'Google Chrome', NULL, '2021-07-20 14:03:07', '107202153389'),
(902, 1, '/api/v1/user/delete', 'Delete user firmansyah', 'Google Chrome', NULL, '2021-07-20 14:03:10', '107202127287'),
(903, 1, '/api/v1/user/delete', 'Delete user nenes', 'Google Chrome', NULL, '2021-07-20 14:03:12', '107202155165'),
(904, 1, '/api/v1/user/delete', 'Delete user username-contoh', 'Google Chrome', NULL, '2021-07-20 14:03:18', '107202146674'),
(905, 1, '/api/v1/user/delete', 'Delete user user_rifki', 'Google Chrome', NULL, '2021-07-20 14:03:21', '107202142755'),
(906, 1, '/api/v1/user/delete', 'Delete user sulthonadammaulana', 'Google Chrome', NULL, '2021-07-20 14:03:29', '107202131258'),
(907, 1, '/api/v1/role/insert', 'menambah data role', 'Google Chrome', NULL, '2021-07-20 14:04:10', '107202129737'),
(908, 1, '/api/v1/access/change/section', 'Menambah access section', 'Google Chrome', NULL, '2021-07-20 14:07:38', '107202114151'),
(909, 1, '/api/v1/access/change/section', 'Menambah access section', 'Google Chrome', NULL, '2021-07-20 14:08:15', '107202115547'),
(910, 1, '/api/v1/access/change/section', 'Menambah access section', 'Google Chrome', NULL, '2021-07-20 14:09:16', '107202135183'),
(911, 1, '/api/v1/access/change/section', 'Menambah access section', 'Google Chrome', NULL, '2021-07-20 14:09:26', '107202147319'),
(912, 1, '/api/v1/access/change/menu', 'Menambah access menu', 'Google Chrome', NULL, '2021-07-20 14:09:48', '107202143935'),
(913, 1, '/api/v1/access/change/menu', 'Menambah access menu', 'Google Chrome', NULL, '2021-07-20 14:10:07', '107202111395'),
(914, 1, '/api/v1/access/change/menu', 'Menambah access menu', 'Google Chrome', NULL, '2021-07-20 14:10:13', '107202165504'),
(915, 1, '/api/v1/access/change/menu', 'Menambah access menu', 'Google Chrome', NULL, '2021-07-20 14:10:19', '107202111534'),
(916, 1, '/api/v1/access/change/menu', 'Menambah access menu', 'Google Chrome', NULL, '2021-07-20 14:10:37', '107202160235'),
(917, 1, '/api/v1/access/change/menu', 'Menambah access menu', 'Google Chrome', NULL, '2021-07-20 14:10:50', '107202137920'),
(918, 1, '/api/v1/access/change/menu', 'Menambah access menu', 'Google Chrome', NULL, '2021-07-20 14:11:17', '107202166991'),
(919, 1, '/api/v1/access/change/menu', 'Menambah access menu', 'Google Chrome', NULL, '2021-07-20 14:12:26', '107202154490'),
(920, 1, '/api/v1/access/change/menu', 'Menambah access menu', 'Google Chrome', NULL, '2021-07-20 14:12:29', '10720219791'),
(921, 1, '/api/v1/access/change/submenu', 'Menambah access submenu', 'Google Chrome', NULL, '2021-07-20 14:13:20', '107202124995'),
(922, 1, '/api/v1/access/change/submenu', 'Menghapus access submenu', 'Google Chrome', NULL, '2021-07-20 14:13:25', '107202123532'),
(923, 1, '/api/v1/access/change/submenu', 'Menambah access submenu', 'Google Chrome', NULL, '2021-07-20 14:13:36', '107202168707'),
(924, 1, '/api/v1/access/change/submenu', 'Menambah access submenu', 'Google Chrome', NULL, '2021-07-20 14:13:42', '107202127934'),
(925, 1, '/api/v1/access/change/submenu', 'Menambah access submenu', 'Google Chrome', NULL, '2021-07-20 14:13:44', '107202151273'),
(926, 1, '/api/v1/access/change/submenu', 'Menambah access submenu', 'Google Chrome', NULL, '2021-07-20 14:13:49', '107202170064'),
(927, 1, '/api/v1/access/change/submenu', 'Menambah access submenu', 'Google Chrome', NULL, '2021-07-20 14:14:01', '10720219703'),
(928, 1, '/api/v1/access/change/submenu', 'Menambah access submenu', 'Google Chrome', NULL, '2021-07-20 14:14:09', '107202162125'),
(929, 1, '/api/v1/access/change/submenu', 'Menambah access submenu', 'Google Chrome', NULL, '2021-07-20 14:14:13', '107202144559'),
(930, 1, '/api/v1/access/change/submenu', 'Menambah access submenu', 'Google Chrome', NULL, '2021-07-20 14:14:16', '107202123335'),
(931, 1, '/api/v1/access/change/submenu', 'Menambah access submenu', 'Google Chrome', NULL, '2021-07-20 14:14:35', '107202110693'),
(932, 1, '/api/v1/access/change/section', 'Menambah access section', 'Google Chrome', NULL, '2021-07-20 14:18:00', '107202157402'),
(933, 1, '/api/v1/access/change/menu', 'Menghapus access menu', 'Google Chrome', NULL, '2021-07-20 14:18:12', '107202124111'),
(934, 1, '/api/v1/access/change/menu', 'Menambah access menu', 'Google Chrome', NULL, '2021-07-20 14:18:20', '107202147689'),
(935, 1, '/api/v1/access/change/menu', 'Menambah access menu', 'Google Chrome', NULL, '2021-07-20 14:18:32', '107202110848'),
(936, 1, '/api/v1/access/change/menu', 'Menambah access menu', 'Google Chrome', NULL, '2021-07-20 14:18:41', '107202152941'),
(937, 1, '/api/v1/access/change/menu', 'Menambah access menu', 'Google Chrome', NULL, '2021-07-20 14:18:45', '10720217388'),
(938, 1, '/api/v1/access/change/submenu', 'Menambah access submenu', 'Google Chrome', NULL, '2021-07-20 14:19:04', '107202157617'),
(939, 1, '/api/v1/access/change/submenu', 'Menambah access submenu', 'Google Chrome', NULL, '2021-07-20 14:19:07', '107202135507'),
(940, 1, '/api/v1/access/change/section', 'Menambah access section', 'Google Chrome', NULL, '2021-07-20 14:19:50', '107202139084'),
(941, 1, '/api/v1/access/change/section', 'Menghapus access section', 'Google Chrome', NULL, '2021-07-20 14:19:57', '107202161869'),
(942, 1, '/api/v1/access/change/section', 'Menambah access section', 'Google Chrome', NULL, '2021-07-20 14:20:02', '107202165173'),
(943, 1, '/api/v1/access/change/section', 'Menambah access section', 'Google Chrome', NULL, '2021-07-20 14:20:04', '107202159494'),
(944, 1, '/api/v1/access/change/section', 'Menambah access section', 'Google Chrome', NULL, '2021-07-20 14:20:07', '10720219062'),
(945, 1, '/api/v1/access/change/section', 'Menambah access section', 'Google Chrome', NULL, '2021-07-20 14:20:11', '107202151654'),
(946, 1, '/api/v1/access/change/section', 'Menambah access section', 'Google Chrome', NULL, '2021-07-20 14:20:12', '107202147534'),
(947, 1, '/api/v1/access/change/menu', 'Menambah access menu', 'Google Chrome', NULL, '2021-07-20 14:20:39', '107202121083'),
(948, 1, '/api/v1/access/change/menu', 'Menambah access menu', 'Google Chrome', NULL, '2021-07-20 14:20:44', '107202163446'),
(949, 1, '/api/v1/access/change/menu', 'Menambah access menu', 'Google Chrome', NULL, '2021-07-20 14:20:47', '107202151136'),
(950, 1, '/api/v1/access/change/menu', 'Menambah access menu', 'Google Chrome', NULL, '2021-07-20 14:20:50', '107202130935'),
(951, 1, '/api/v1/access/change/menu', 'Menambah access menu', 'Google Chrome', NULL, '2021-07-20 14:20:51', '107202116203'),
(952, 1, '/api/v1/access/change/menu', 'Menambah access menu', 'Google Chrome', NULL, '2021-07-20 14:20:54', '107202168959'),
(953, 1, '/api/v1/access/change/menu', 'Menambah access menu', 'Google Chrome', NULL, '2021-07-20 14:20:56', '107202161181'),
(954, 1, '/api/v1/access/change/menu', 'Menambah access menu', 'Google Chrome', NULL, '2021-07-20 14:20:59', '107202118613'),
(955, 1, '/api/v1/access/change/menu', 'Menambah access menu', 'Google Chrome', NULL, '2021-07-20 14:21:07', '107202152728'),
(956, 1, '/api/v1/access/change/menu', 'Menambah access menu', 'Google Chrome', NULL, '2021-07-20 14:21:11', '107202116617'),
(957, 1, '/api/v1/access/change/menu', 'Menambah access menu', 'Google Chrome', NULL, '2021-07-20 14:21:15', '107202125151'),
(958, 1, '/api/v1/access/change/menu', 'Menambah access menu', 'Google Chrome', NULL, '2021-07-20 14:21:18', '107202120456'),
(959, 1, '/api/v1/access/change/menu', 'Menambah access menu', 'Google Chrome', NULL, '2021-07-20 14:21:21', '107202164029'),
(960, 1, '/api/v1/access/change/menu', 'Menambah access menu', 'Google Chrome', NULL, '2021-07-20 14:21:24', '10720216950'),
(961, 1, '/api/v1/access/change/menu', 'Menambah access menu', 'Google Chrome', NULL, '2021-07-20 14:21:27', '107202154897'),
(962, 1, '/api/v1/access/change/menu', 'Menambah access menu', 'Google Chrome', NULL, '2021-07-20 14:21:33', '107202149170'),
(963, 1, '/api/v1/access/change/menu', 'Menghapus access menu', 'Google Chrome', NULL, '2021-07-20 14:21:52', '107202119125'),
(964, 1, '/api/v1/access/change/submenu', 'Menambah access submenu', 'Google Chrome', NULL, '2021-07-20 14:22:20', '107202147368'),
(965, 1, '/api/v1/access/change/submenu', 'Menambah access submenu', 'Google Chrome', NULL, '2021-07-20 14:22:22', '107202127760'),
(966, 1, '/api/v1/access/change/submenu', 'Menambah access submenu', 'Google Chrome', NULL, '2021-07-20 14:22:24', '107202147487'),
(967, 1, '/api/v1/access/change/submenu', 'Menambah access submenu', 'Google Chrome', NULL, '2021-07-20 14:22:28', '107202110371'),
(968, 1, '/api/v1/access/change/submenu', 'Menambah access submenu', 'Google Chrome', NULL, '2021-07-20 14:22:32', '107202157815'),
(969, 1, '/api/v1/access/change/submenu', 'Menambah access submenu', 'Google Chrome', NULL, '2021-07-20 14:22:32', '10720218212'),
(970, 1, '/api/v1/access/change/submenu', 'Menambah access submenu', 'Google Chrome', NULL, '2021-07-20 14:22:36', '107202117392'),
(971, 1, '/api/v1/access/change/submenu', 'Menambah access submenu', 'Google Chrome', NULL, '2021-07-20 14:22:41', '107202127937'),
(972, 1, '/api/v1/access/change/submenu', 'Menambah access submenu', 'Google Chrome', NULL, '2021-07-20 14:22:44', '107202113097'),
(973, 1, '/api/v1/access/change/submenu', 'Menambah access submenu', 'Google Chrome', NULL, '2021-07-20 14:22:48', '10720214124'),
(974, 1, '/api/v1/access/change/submenu', 'Menambah access submenu', 'Google Chrome', NULL, '2021-07-20 14:23:00', '107202138076'),
(975, 1, '/api/v1/access/change/submenu', 'Menambah access submenu', 'Google Chrome', NULL, '2021-07-20 14:23:05', '107202140809'),
(976, 1, '/api/v1/access/change/submenu', 'Menambah access submenu', 'Google Chrome', NULL, '2021-07-20 14:23:11', '107202122072'),
(977, 1, '/api/v1/access/change/submenu', 'Menambah access submenu', 'Google Chrome', NULL, '2021-07-20 14:23:16', '107202171916'),
(978, 1, '/api/v1/access/change/submenu', 'Menambah access submenu', 'Google Chrome', NULL, '2021-07-20 14:23:19', '107202112212'),
(979, 1, '/api/v1/access/change/submenu', 'Menambah access submenu', 'Google Chrome', NULL, '2021-07-20 14:23:23', '107202130509'),
(980, 1, '/api/v1/access/change/submenu', 'Menambah access submenu', 'Google Chrome', NULL, '2021-07-20 14:23:26', '107202164036'),
(981, 1, '/api/v1/access/change/submenu', 'Menambah access submenu', 'Google Chrome', NULL, '2021-07-20 14:23:32', '107202117142'),
(982, 1, '/api/v1/access/change/submenu', 'Menambah access submenu', 'Google Chrome', NULL, '2021-07-20 14:23:35', '107202127251'),
(983, 1, '/api/v1/access/change/submenu', 'Menambah access submenu', 'Google Chrome', NULL, '2021-07-20 14:23:38', '107202145408'),
(984, 1, '/api/v1/access/change/submenu', 'Menambah access submenu', 'Google Chrome', NULL, '2021-07-20 14:23:42', '107202154351'),
(985, 1, '/api/v1/access/change/submenu', 'Menambah access submenu', 'Google Chrome', NULL, '2021-07-20 14:23:45', '107202155861'),
(986, 1, '/api/v1/access/change/submenu', 'Menambah access submenu', 'Google Chrome', NULL, '2021-07-20 14:23:48', '107202144088'),
(987, 1, '/api/v1/access/change/submenu', 'Menambah access submenu', 'Google Chrome', NULL, '2021-07-20 14:24:19', '107202110260'),
(988, 1, '/api/v1/access/change/submenu', 'Menambah access submenu', 'Google Chrome', NULL, '2021-07-20 14:24:23', '107202159755'),
(989, 1, '/api/v1/access/change/submenu', 'Menambah access submenu', 'Google Chrome', NULL, '2021-07-20 14:24:27', '107202132037'),
(990, 1, '/api/v1/access/change/submenu', 'Menambah access submenu', 'Google Chrome', NULL, '2021-07-20 14:24:30', '107202120491'),
(991, 1, '/api/v1/user/delete', 'Delete user teguhh', 'Google Chrome', NULL, '2021-07-20 14:25:38', '107202114367'),
(992, 1, '/api/v1/user/update', 'Update user herdian1998', 'Google Chrome', NULL, '2021-07-20 14:25:57', '107202134668'),
(993, 1, '/api/v1/user/update', 'Update user sulthonadamm', 'Google Chrome', NULL, '2021-07-20 14:26:03', '10720213974'),
(994, 1, '/api/v1/user/update', 'Update user Riru', 'Google Chrome', NULL, '2021-07-20 14:26:11', '107202145117'),
(995, 1, '/api/v1/user/update', 'Update user ikhsanmaer', 'Google Chrome', NULL, '2021-07-20 14:26:19', '107202162255'),
(996, 1, '/api/v1/user/update', 'Update user Rifqi Ahmad Abiyyi', 'Google Chrome', NULL, '2021-07-20 14:26:26', '107202162025'),
(997, 1, '/api/v1/user/update', 'Update user Hengki Hermansyah', 'Google Chrome', NULL, '2021-07-20 14:26:34', '107202163598'),
(998, 1, '/api/v1/user/update', 'Update user Rifqi Ahmad Abiyyi', 'Google Chrome', NULL, '2021-07-20 14:37:31', '107202144543'),
(999, 1, '/api/v1/access/change/section', 'Menghapus access section', 'Google Chrome', NULL, '2021-07-20 14:39:28', '107202151169'),
(1000, 1, '/api/v1/user/update', 'Update user Yayan', 'Google Chrome', NULL, '2021-07-20 14:47:24', '107202140518'),
(1001, 1, '/api/v1/prestation/update', 'mengedit data prestasi', 'Google Chrome', NULL, '2021-07-21 03:54:26', '107212115913'),
(1002, 1, '/api/v1/prestation/update', 'mengedit data prestasi', 'Google Chrome', NULL, '2021-07-21 03:56:36', '107212135308'),
(1003, 66, '/api/v1/member/delete/image/profile', 'menghapus data image profile', 'Google Chrome', NULL, '2021-07-21 04:50:21', '660721213295'),
(1004, 66, '/api/v1/member/delete/image/profile', 'menghapus data image profile', 'Google Chrome', NULL, '2021-07-21 04:50:23', '6607212118896'),
(1005, 66, '/api/v1/member/delete/image/profile', 'menghapus data image profile', 'Google Chrome', NULL, '2021-07-21 04:50:25', '6607212158513'),
(1006, 66, '/api/v1/member/delete/image/profile', 'menghapus data image profile', 'Google Chrome', NULL, '2021-07-21 04:50:26', '6607212153471'),
(1007, 1, '/api/v1/member/setting/changepassword', 'memperbarui data password', 'Google Chrome', NULL, '2021-07-22 14:36:14', '10722219769'),
(1008, 1, '/api/v1/menu/delete', 'Menghapus data menu', 'Google Chrome', NULL, '2021-07-24 16:27:50', '107242121974'),
(1009, 1, '/api/v1/trash/menu/delete', 'menghapus data sampah menu', 'Google Chrome', NULL, '2021-07-24 16:28:09', '107242112664'),
(1010, 69, '/api/v1/member/insert/profile', 'memperbarui data profile', 'Google Chrome', NULL, '2021-07-26 08:29:21', '6907262168173'),
(1011, 69, '/api/v1/member/insert/profile', 'memperbarui data profile', 'Google Chrome', NULL, '2021-07-26 08:29:24', '6907262120454'),
(1012, 69, '/api/v1/member/insert/profile', 'memperbarui data profile', 'Google Chrome', NULL, '2021-07-26 08:29:24', '6907262143251'),
(1013, 66, '/api/v1/member/insert/profile', 'memperbarui data profile', 'Google Chrome', NULL, '2021-07-26 23:16:38', '6607272123702'),
(1014, 1, '/api/v1/features/article/update', 'mengubah data article', 'Google Chrome', NULL, '2021-08-09 06:11:22', '108092172088'),
(1015, 1, '/api/v1/features/article/update', 'mengubah data article', 'Google Chrome', NULL, '2021-08-09 06:12:03', '108092113245'),
(1016, 1, '/api/v1/user/insert', 'Create new user rizkanfirmansyah', 'Google Chrome', NULL, '2021-08-18 06:16:49', '108182126605'),
(1017, 1, '/api/v1/user/delete', 'Delete user rizkanfirmansyah', 'Google Chrome', NULL, '2021-08-18 06:18:07', '108182158001'),
(1018, 1, '/api/v1/trash/user/delete', 'menghapus data sampah user', 'Google Chrome', NULL, '2021-08-18 06:19:55', '108182161066'),
(1019, 1, '/api/v1/user/update', 'Update user rizkanfirmansyah', 'Google Chrome', NULL, '2021-08-18 06:34:55', '108182137467'),
(1020, 1, '/api/v1/member/precentages/test/insert', 'Menambah data test member', 'Mozilla Firefox', NULL, '2021-08-21 16:12:34', '108212135879'),
(1021, 1, '/api/v1/member/precentages/test/delete', 'Menghapus data test member', 'Mozilla Firefox', NULL, '2021-08-21 16:15:07', '108212136372'),
(1022, 1, '/api/v1/member/schedule/insert', 'Menambahkan jadwal member', 'Google Chrome', NULL, '2021-09-29 02:03:10', '109292161930'),
(1023, 1, '/api/v1/member/schedule/delete', 'Menghapus jadwal member', 'Google Chrome', NULL, '2021-09-29 02:03:21', '10929217321'),
(1024, 1, '/api/v1/member/insert/profile', 'memperbarui data profile', 'Google Chrome', NULL, '2021-12-11 12:24:47', '112112168718'),
(1025, 1, '/api/v1/member/insert/profile', 'memperbarui data profile', 'Google Chrome', NULL, '2021-12-11 12:25:10', '11211217818'),
(1026, 1, '/api/v1/section/status/update', 'memperbaharui status data section', 'Google Chrome', NULL, '2021-12-11 12:38:22', '112112131300'),
(1027, 1, '/api/v1/section/status/update', 'memperbaharui status data section', 'Google Chrome', NULL, '2021-12-11 12:38:45', '112112129725'),
(1028, 1, '/api/v1/prestation/insert', 'menambah data prestasi', 'Google Chrome', NULL, '2021-12-13 07:39:12', '112132177709'),
(1029, 1, '/api/v1/prestation/insert', 'menambah data prestasi', 'Google Chrome', NULL, '2021-12-13 07:39:12', '1121321107155'),
(1030, 1, '/api/v1/prestation/insert', 'menambah data prestasi', 'Google Chrome', NULL, '2021-12-13 07:39:12', '112132179560'),
(1031, 1, '/api/v1/prestation/insert', 'menambah data prestasi', 'Google Chrome', NULL, '2021-12-13 07:39:12', '112132172032'),
(1032, 1, '/api/v1/prestation/insert', 'menambah data prestasi', 'Google Chrome', NULL, '2021-12-13 07:39:12', '112132177028'),
(1033, 1, '/api/v1/prestation/insert', 'menambah data prestasi', 'Google Chrome', NULL, '2021-12-13 07:39:12', '11213211738'),
(1034, 1, '/api/v1/prestation/insert', 'menambah data prestasi', 'Google Chrome', NULL, '2021-12-13 07:39:12', '1121321103126'),
(1035, 1, '/api/v1/prestation/insert', 'menambah data prestasi', 'Google Chrome', NULL, '2021-12-13 07:39:13', '1121321109315'),
(1036, 1, '/api/v1/prestation/insert', 'menambah data prestasi', 'Google Chrome', NULL, '2021-12-13 07:39:14', '1121321114793'),
(1037, 1, '/api/v1/prestation/delete', 'menghapus data prestasi', 'Google Chrome', NULL, '2021-12-13 07:39:24', '112132161445'),
(1038, 1, '/api/v1/prestation/delete', 'menghapus data prestasi', 'Google Chrome', NULL, '2021-12-13 07:39:28', '1121321119417'),
(1039, 1, '/api/v1/prestation/delete', 'menghapus data prestasi', 'Google Chrome', NULL, '2021-12-13 07:39:31', '112132161350'),
(1040, 1, '/api/v1/prestation/delete', 'menghapus data prestasi', 'Google Chrome', NULL, '2021-12-13 07:39:34', '112132168966'),
(1041, 1, '/api/v1/prestation/delete', 'menghapus data prestasi', 'Google Chrome', NULL, '2021-12-13 07:39:44', '112132171538'),
(1042, 1, '/api/v1/prestation/delete', 'menghapus data prestasi', 'Google Chrome', NULL, '2021-12-13 07:39:55', '112132150291'),
(1043, 1, '/api/v1/gallery/insert', 'menambah data gallery', 'Google Chrome', NULL, '2022-02-02 13:29:49', '102022214510'),
(1044, 1, '/api/v1/gallery/update', 'mengedit data gallery', 'Google Chrome', NULL, '2022-02-02 13:32:51', '102022220796'),
(1045, 1, '/api/v1/imageGallery/insert', 'menambah data image Gallery', 'Google Chrome', NULL, '2022-02-02 13:33:43', '10202224887'),
(1046, 1, '/api/v1/imageGallery/insert', 'menambah data image Gallery', 'Google Chrome', NULL, '2022-02-02 13:33:54', '10202222632'),
(1047, 1, '/api/v1/imageGallery/insert', 'menambah data image Gallery', 'Google Chrome', NULL, '2022-02-02 13:34:01', '102022217897'),
(1048, 1, '/api/v1/imageGallery/insert', 'menambah data image Gallery', 'Google Chrome', NULL, '2022-02-02 13:34:20', '102022220971'),
(1049, 1, '/api/v1/imageGallery/insert', 'menambah data image Gallery', 'Google Chrome', NULL, '2022-02-02 13:35:18', '10202221765'),
(1050, 1, '/api/v1/imageGallery/insert', 'menambah data image Gallery', 'Google Chrome', NULL, '2022-02-02 13:35:27', '1020222621'),
(1051, 1, '/api/v1/imageGallery/insert', 'menambah data image Gallery', 'Google Chrome', NULL, '2022-02-02 13:35:40', '10202223725'),
(1052, 1, '/api/v1/imageGallery/insert', 'menambah data image Gallery', 'Google Chrome', NULL, '2022-02-02 13:35:50', '10202229893'),
(1053, 1, '/api/v1/imageGallery/insert', 'menambah data image Gallery', 'Google Chrome', NULL, '2022-02-02 13:36:21', '10202224478'),
(1054, 1, '/api/v1/user/insert', 'Create new user bruh', 'Google Chrome', NULL, '2022-06-11 04:30:48', '106112245300');

-- --------------------------------------------------------

--
-- Table structure for table `alumnies`
--

CREATE TABLE `alumnies` (
  `id` bigint(20) UNSIGNED NOT NULL,
  `name` varchar(255) COLLATE utf8mb4_unicode_ci NOT NULL,
  `work` varchar(255) COLLATE utf8mb4_unicode_ci DEFAULT NULL,
  `study` varchar(255) COLLATE utf8mb4_unicode_ci DEFAULT NULL,
  `place` varchar(255) COLLATE utf8mb4_unicode_ci NOT NULL,
  `created_at` timestamp NULL DEFAULT NULL,
  `updated_at` timestamp NULL DEFAULT NULL,
  `image` varchar(255) COLLATE utf8mb4_unicode_ci DEFAULT NULL,
  `deleted_at` timestamp NULL DEFAULT NULL
) ENGINE=InnoDB DEFAULT CHARSET=utf8mb4 COLLATE=utf8mb4_unicode_ci;

--
-- Dumping data for table `alumnies`
--

INSERT INTO `alumnies` (`id`, `name`, `work`, `study`, `place`, `created_at`, `updated_at`, `image`, `deleted_at`) VALUES
(11, 'Sigit', 'Backend', NULL, 'Aspirasi', '2021-07-09 10:06:20', '2021-07-09 10:07:54', 'images/alumni/0TfnEh4hV8OoxXhcizaW19GEucmeWNvghb8MRxhU.png', '2021-07-09 10:07:54'),
(12, 'Lukman', 'Adroid', NULL, 'Happyfresh', '2021-07-09 10:07:39', '2021-07-09 10:08:00', 'images/alumni/4o8bhIqXGXdre7g564foX08dDniK5lFgT5aJuuMJ.png', '2021-07-09 10:08:00'),
(13, 'Maulana', 'Adroid', NULL, 'Happyfresh', '2021-07-09 10:08:19', '2021-07-09 10:08:19', 'images/alumni/KGP90XUNvpNgJCgpTq2Z6wivPUeUTwl5Ukk9eF8g.png', NULL),
(14, 'Sigit', 'Backend', NULL, 'pt', '2021-07-09 10:08:39', '2021-07-09 10:08:39', 'images/alumni/zmsPzxsa1gTzhQ8MtOeYGFl1SdtXYTnfTdt0MvCa.png', NULL),
(15, 'Lukman', 'Android', NULL, 'HappyFresh', '2021-07-09 10:09:10', '2021-07-09 10:09:10', 'images/alumni/bxRbKWLW9DU8vFIz3f7jg0utvFVA7iiPKTuNgpY3.png', NULL),
(16, 'Rudi', 'Frelance', NULL, 'HappyFreshzz', '2021-07-09 10:10:24', '2021-07-09 10:10:24', 'images/alumni/CUOSd0yfZvbpmguGnJgSogMWX3p038sN2HPzhC0K.png', NULL),
(17, 'Deden', NULL, 'zs', 'HappyFreshzz', '2021-07-09 10:11:20', '2021-07-09 10:11:20', 'images/alumni/zpXYGuDa7hLbz3O1wWVxlPOslg6FaOLiPsLrFzMC.png', NULL),
(18, 'Dini', NULL, 'zs', 'HappyFreshzz', '2021-07-09 10:13:44', '2021-07-09 10:13:44', 'images/alumni/HRYyL0oVZhy4OvwyjjIwDEWfhJc4PnOeoCjR2daA.png', NULL),
(19, 'Rija', NULL, 'zs', 'HappyFreshzz', '2021-07-09 10:14:46', '2021-07-09 10:14:46', 'images/alumni/qfomiEuNKgxhAcaeozDjsyLWostroSCwkKnlE1Co.png', NULL),
(20, 'Iwan', NULL, 'zs', 'HappyFreshzz', '2021-07-09 10:15:00', '2021-07-09 10:33:14', 'images/alumni/JxqN6oXMhVbGMpEOttmZ9k62cSpSwxYCnvtU0F9O.png', NULL),
(21, 'Pebi', NULL, 'zs', 'HappyFreshzz', '2021-07-09 10:15:14', '2021-07-09 10:15:14', 'images/alumni/3xoHHn9byHJqeM5SuaBz1Jwm3IaMUJBskTigm4aA.png', NULL),
(22, 'Ferdy', NULL, 'zs', 'HappyFreshzz', '2021-07-09 10:15:27', '2021-07-09 10:16:52', 'images/alumni/iMx4Mn2DoHSLHICykr2og59ROgqj5bwvJIlmcr1F.png', '2021-07-09 10:16:52'),
(23, 'Ferdy', NULL, 'zs', 'HappyFreshzz', '2021-07-09 10:16:33', '2021-07-09 10:16:33', 'images/alumni/bGuTVldGkJ6heHtXIPpJLQovR5Stq77xf8lD8okp.png', NULL),
(24, 'Rival', NULL, 'zs', 'HappyFreshzz', '2021-07-09 10:17:44', '2021-07-09 10:17:44', 'images/alumni/a0WlhRDdVTv92SbNSQbsoHAoRvKw3mSnvYVFFJLO.png', NULL),
(25, 'Yusuf', NULL, 'zs', 'HappyFreshzz', '2021-07-09 10:17:55', '2021-07-09 10:17:55', 'images/alumni/4ro2xtxPgQwWrtDuCof3ssEdVJy7iBzLLgGaXndG.png', NULL),
(26, 'Rifqi', NULL, 'zs', 'HappyFreshzz', '2021-07-09 10:18:20', '2021-07-09 10:18:20', 'images/alumni/uilzwTwE8XnTr2c3CXip4NxUggN1Of9pdKQc4BJV.png', NULL),
(27, 'Hasan', NULL, 'zs', 'HappyFreshzz', '2021-07-09 10:18:40', '2021-07-09 10:18:40', 'images/alumni/Te9zcKZPY59iSRIcx9NlSSo9byrEfpKTOEhieNx6.png', NULL),
(28, 'Fajri', NULL, 'zs', 'HappyFreshzz', '2021-07-09 10:18:52', '2021-07-09 10:18:52', 'images/alumni/aXV6VuThobe1y2pjq6uUooss8gSz1U32dffbQvC3.png', NULL),
(29, 'Adi', NULL, 'zs', 'HappyFreshzz', '2021-07-09 10:19:14', '2021-07-09 10:19:14', 'images/alumni/VKnmT18QhtbUYYYyEFXfojFYmiDrE6KxJBuDdoTy.png', NULL),
(30, 'Rafly', NULL, 'zs', 'HappyFreshzz', '2021-07-09 10:19:25', '2021-07-09 10:19:25', 'images/alumni/2Wi61OWIBs3d1AaAdSet7hxTGgrA0vxO0mQl5H7f.png', NULL),
(31, 'Riskan', NULL, 'zs', 'HappyFreshzz', '2021-07-09 10:19:37', '2021-07-09 10:53:13', 'images/alumni/2MJwKxx0qkxtLcAMnctqv1mCIbggzepaYd5SoKfP.png', NULL);

-- --------------------------------------------------------

--
-- Table structure for table `blogs`
--

CREATE TABLE `blogs` (
  `id` bigint(20) UNSIGNED NOT NULL,
  `user_id` bigint(20) UNSIGNED NOT NULL,
  `title` varchar(255) COLLATE utf8mb4_unicode_ci NOT NULL,
  `content` longtext COLLATE utf8mb4_unicode_ci DEFAULT NULL,
  `thumbnail` varchar(255) COLLATE utf8mb4_unicode_ci DEFAULT NULL,
  `slug` varchar(255) COLLATE utf8mb4_unicode_ci NOT NULL,
  `status` enum('100','200','300','400','500','000') COLLATE utf8mb4_unicode_ci DEFAULT '100',
  `deleted_at` timestamp NULL DEFAULT NULL,
  `created_at` timestamp NULL DEFAULT current_timestamp(),
  `updated_at` timestamp NULL DEFAULT NULL ON UPDATE current_timestamp()
) ENGINE=InnoDB DEFAULT CHARSET=utf8mb4 COLLATE=utf8mb4_unicode_ci;

--
-- Dumping data for table `blogs`
--

INSERT INTO `blogs` (`id`, `user_id`, `title`, `content`, `thumbnail`, `slug`, `status`, `deleted_at`, `created_at`, `updated_at`) VALUES
(4, 1, '\"Cyber Security Awareness: How Phising Works?\" in Data Digital', '<h2>Selamat Datang di Ekstrakulikuler IT Club</h2><p>Selamat Datang di Ekstrakulikuler IT Club</p><p>Selamat Datang di Ekstrakulikuler IT Club</p><p>Selamat Datang di Ekstrakulikuler IT Club</p><p>Selamat Datang di Ekstrakulikuler IT Club</p><p>Selamat Datang di Ekstrakulikuler IT Club</p><p>Selamat Datang di Ekstrakulikuler IT Club</p><p>Selamat Datang di Ekstrakulikuler IT Club</p><p>Selamat Datang di Ekstrakulikuler IT Club</p><p>&lt;xmp&gt;&lt;h1&gt;hahahahahahahaha&lt;/h1&gt;&lt;/xmp&gt;</p><p>&nbsp;</p>', 'admin-202103231746-0.png', 'cyber-security', '200', '2021-05-20 05:18:56', '2021-03-23 10:46:05', '2021-05-20 05:18:56'),
(6, 1, 'Membuat Kue', NULL, NULL, 'Membuat-Kue', '100', '2021-03-24 04:53:35', '2021-03-24 04:53:09', '2021-03-24 04:53:35'),
(7, 1, 'awdwd', NULL, NULL, 'awdwd', '100', '2021-03-24 04:54:12', '2021-03-24 04:54:09', '2021-03-24 04:54:12'),
(8, 1, 'awdwd', NULL, NULL, 'awdwd', '100', '2021-03-24 04:54:37', '2021-03-24 04:54:31', '2021-03-24 04:54:37'),
(9, 1, 'Webinar Dunia Kerja&Kuliah', NULL, 'images/article/admin-202106022104-0.png', 'webinar-dunia-kerjakuliah', '400', '2021-06-02 14:05:41', '2021-03-24 05:47:30', '2021-06-02 14:05:41'),
(10, 1, 'Sertijab 2019-2020', '<p>Webinar hari ini kita akan membahasa topik tentang dunia kerja dan kuliah, pemateri nya adalah alumni IT Club yaitu kang rival dan kang Yusuf yang insyallah ak .</p>', 'images/article/admin-202106022120-0.jpg', 'sertijab-2019-2020', '200', '2021-06-02 14:20:48', '2021-04-11 15:33:33', '2021-06-02 14:20:48'),
(11, 1, 'Webinar Dunia Kerja&Kuliah', '<p>Webinar hari ini kita akan membahas topik tentang dunia kerja dan kuliah, pemateri nya adalah alumni IT Club yaitu kang rival dan kang Yusuf yang insyallah akan memberikan ilmu nya sebaik mungkin kepada teman-teman semua agar siap di dunia kerja dan perkuliahan agar tidak kaget pada saat lulus nanti, banyak materi yang didapatkan pada saat seminar. Seminar ini di adakan karena masih banyaknya siswa/siswi SMK yang masih bingung arah untuk menentukan pilihannya setelah lulus, apakah harus bekerja, harus berkuliah atau bahkan harus kuliah sambil kerja, mana sih pilihan terbaik yang harus diambil? agar tidak bingung maka kita datangkan para narasumber yang tentunya bisa membuat anak-anak IT Club menjadi paham mana tujuan yang harus diambil nanti ketika lulus. Kesimpulan dari seminar hari ini adalah kita boleh bekerja tapi jangan lupakan cita-cita untuk berkuliah, karena kuliah sangatlah penting untuk nanti prospek kerja, agar bisa mendapatkan jenjang karir yang lebih baik lagi, \"Investasi terbaik adalah Ilmu\".</p>', 'images/article/admin-202106022111-0.jpeg', 'webinar-dunia-kerjakuliah', '200', '2021-06-02 14:12:24', '2021-05-21 08:17:10', '2021-06-02 14:12:24'),
(12, 1, 'Webinar Dunia Kerja&Kuliah', '<p>Webinar hari ini kita akan membahasa topik tentang dunia kerja dan kuliah, pemateri nya adalah alumni IT Club yaitu kang rival dan kang Yusuf yang insyallah ak .</p>', 'images/article/admin-202106022118-0.jpg', 'webinar-dunia-kerjakuliah', '200', '2021-06-02 14:18:35', '2021-05-21 08:22:41', '2021-06-02 14:18:35'),
(13, 1, 'Sertijab 2019-2020', '<p>Ekstrakurikuler IT Club melaksanakan Serah Terima Jabatan (Sertijab) Pengurus Organisasi Mahasiswa periode 2019 yang dilaksanakan pada Sabtu, 26 Januari 2019 di ruang kelas RC.1.1. Sertijab dibuka dengan sambutan oleh pembimbing yaitu Bapak Herdian Nuryansyah Penandatangan sertijab diwakili oleh Ketua ...</p>', 'images/article/admin-202105211526-0.png', 'sertijab-2019-2020', '200', '2021-06-02 14:20:50', '2021-05-21 08:26:44', '2021-06-02 14:20:50'),
(14, 1, 'Perkenalan Ekskul IT Club', '<p>Ekstrakurikuler IT Club melaksanakan Serah Terima Jabatan (Sertijab) Pengurus Organisasi Mahasiswa periode 2019 yang dilaksanakan pada Sabtu, 26 Januari 2019 di ruang kelas RC.1.1. Sertijab dibuka dengan sambutan oleh pembimbing yaitu Bapak Herdian Nuryansyah Penandatangan sertijab diwakili oleh Ketua ...</p>', 'images/article/admin-202105211529-0.png', 'perkenalan-ekskul-it-club', '200', '2021-06-02 14:20:53', '2021-05-21 08:29:41', '2021-06-02 14:20:53'),
(15, 1, 'Sertijab 2019-2020 uuyu', '<p>Webinar hari ini kita akan membahas topik tentang dunia kerja dan kuliah, pemateri nya adalah&nbsp; alumni IT Club yaitu kang rival dan kang Yusuf yang insyallah akan memberikan ilmu nya sebaik&nbsp;mungkin kepada teman-teman semua agar siap di dunia kerja dan perkuliahan agar tidak kaget pada&nbsp; saat lulus nanti, banyak materi yang didapatkan pada saat seminar.</p><p>Seminar ini di adakan karena masih banyaknya siswa/siswi SMK yang masih bingung arah untuk&nbsp; menentukan pilihannya setelah lulus, apakah harus bekerja, harus berkuliah atau bahkan harus&nbsp; kuliah sambil kerja, mana sih pilihan terbaik yang harus diambil? agar tidak bingung maka kita&nbsp; datangkan para narasumber yang tentunya bisa membuat anak-anak IT Club menjadi paham mana&nbsp; tujuan yang harus diambil nanti ketika lulus.</p><p>Kesimpulan dari seminar hari ini adalah kita boleh bekerja tapi jangan lupakan cita-cita untuk&nbsp; berkuliah, karena kuliah sangatlah penting untuk nanti prospek kerja, agar bisa mendapatkan jenjang&nbsp; karir yang lebih baik lagi, \"Investasi terbaik adalah Ilmu\".</p>', 'images/article/admin-202106031116-0.JPG', 'sertijab-2019-2020-uuyu', '200', '2021-06-03 04:36:56', '2021-06-02 14:23:14', '2021-06-03 04:36:56'),
(16, 1, 'Sertijab 2019', '<p>Webinar hari ini kita akan membahas topik tentang dunia kerja dan kuliah, pemateri nya adalah&nbsp; alumni IT Club yaitu kang rival dan kang Yusuf yang insyallah akan memberikan ilmu nya sebaik&nbsp;mungkin kepada teman-teman semua agar siap di dunia kerja dan perkuliahan agar tidak kaget pada&nbsp; saat lulus nanti, banyak materi yang didapatkan pada saat seminar.</p><p>Seminar ini di adakan karena masih banyaknya siswa/siswi SMK yang masih bingung arah untuk&nbsp; menentukan pilihannya setelah lulus, apakah harus bekerja, harus berkuliah atau bahkan harus&nbsp; kuliah sambil kerja, mana sih pilihan terbaik yang harus diambil? agar tidak bingung maka kita&nbsp; datangkan para narasumber yang tentunya bisa membuat anak-anak IT Club menjadi paham mana&nbsp; tujuan yang harus diambil nanti ketika lulus.</p><p>Kesimpulan dari seminar hari ini adalah kita boleh bekerja tapi jangan lupakan cita-cita untuk&nbsp; berkuliah, karena kuliah sangatlah penting untuk nanti prospek kerja, agar bisa mendapatkan jenjang&nbsp; karir yang lebih baik lagi, \"Investasi terbaik adalah Ilmu\".</p>', 'images/article/admin-202106022125-0.jpg', 'sertijab-2019', '200', '2021-06-06 10:58:57', '2021-06-02 14:25:58', '2021-06-06 10:58:57'),
(17, 1, 'Sertijab 2021', '<p>Coba lagi</p>', 'images/article/admin-202106031558-0.jpg', 'sertijab-2021', '200', '2021-06-06 10:59:09', '2021-06-02 14:29:20', '2021-06-06 10:59:09'),
(18, 1, 'Juara 2 Lomba Networking Support', '<p>Juara 2 lomba</p><p>&nbsp;</p>', 'images/article/admin-202106031142-0.jpg', 'juara-2-lomba-networking-support', '200', '2021-06-06 10:59:13', '2021-06-03 04:41:05', '2021-06-06 10:59:13'),
(19, 1, 'Ujian Kenaikan Level', NULL, 'images/article/admin-202106061647-0.jpg', 'ujian-kenaikan-level', '100', '2021-06-06 09:50:25', '2021-06-06 09:47:58', '2021-06-06 09:50:25'),
(20, 1, 'Ujian Kenaikan Level 2018', '<p>IT CLUB adalah salah satu Ekstrakurikuler yang berfokus pada bidang IT di SMK Negeri 5 Bandung yang sangat serius dalam menciptakan dan mendidik anggotanya agar bisa berada di level yang cukup untuk nanti bisa Berkuliah ataupun bersaing di dunia Kerja setelah lulus nanti di SMK Negeri 5 Bandung. Untuk meningkatkan level yang cukup maka IT CLUB memiliki sebuah tingkatan level untuk menilai kemampuan setiap anggotanya, tingkatan level itu di antaranya adalah :</p><p>Beginner adalah sebuah tingkatan level pemula yang baru mengenal IT, di level ini nanti kita akan belajar basic/dasar dari IT sesuai dengan divisi yang akan dipilih.</p><p>Intermediate adalah sebuah tingkatan level menengah bagi kalian yang lulus di level Beginner, di level ini nanti kalian akan belajar IT yang tingkatannya lebih susah dari level Beginner, contohnya nanti kalian akan belajar bagamaina caranya membuat sebuah Website untuk sebuah Startup atau E-commerce, membuat Server internet, membuat Desain Logo untuk sebuah Startup atau E-commerce, membuat Desain 3d dan masih banyak lainnya.</p><p>Expert adalah sebuah tingkatan level ahli bagi kalian yang lulus di level Intermediate, di level ini nanti kalian akan belajar IT yang tingkatannya lebih susah dari level Beginner dan Intermediate, di level ini kalian akan di fokuskan untuk siap bekerja dan berkuliah, sehingga kalian akan diberikan sebuah studi kasus yang ada di tempat kerja ataupun kuliah.</p><p>Untuk bisa lulus atau naik ke level selanjutnya maka kalian nanti akan mengikuti sebuah ujian kenaikan level di setiap semester akhir.</p>', 'images/article/admin-202106061648-0.jpg', 'ujian-kenaikan-level-2018', '200', '2021-06-06 10:59:16', '2021-06-06 09:48:56', '2021-06-06 10:59:16'),
(21, 1, 'Pembekalan Dunia Kerja dan Kuliah', '<p>Seminar hari ini kita akan membahas topik tentang dunia kerja dan kuliah, pemateri nya adalah&nbsp; alumni IT Club yaitu kang rival dan kang Yusuf yang insyallah akan memberikan ilmu nya sebaik&nbsp;mungkin kepada teman-teman semua agar siap di dunia kerja dan perkuliahan agar tidak kaget pada&nbsp; saat lulus nanti, banyak materi yang didapatkan pada saat seminar.</p><p>Seminar ini di adakan karena masih banyaknya siswa/siswi SMK yang masih bingung arah untuk&nbsp; menentukan pilihannya setelah lulus, apakah harus bekerja, harus berkuliah atau bahkan harus&nbsp; kuliah sambil kerja, mana sih pilihan terbaik yang harus diambil? agar tidak bingung maka kita&nbsp; datangkan para narasumber yang tentunya bisa membuat anak-anak IT Club menjadi paham mana&nbsp; tujuan yang harus diambil nanti ketika lulus.</p><p>Kesimpulan dari seminar hari ini adalah kita boleh bekerja tapi jangan lupakan cita-cita untuk&nbsp; berkuliah, karena kuliah sangatlah penting untuk nanti prospek kerja, agar bisa mendapatkan jenjang&nbsp; karir yang lebih baik lagi, \"Investasi terbaik adalah Ilmu\".</p>', 'images/article/admin-202106171137-0.jpeg', 'pembekalan-dunia-kerja-dan-kuliah', '200', '2021-07-08 05:08:12', '2021-06-06 11:01:39', '2021-07-08 05:08:12'),
(22, 1, 'Ujian Kenaikan Level 2018', '<p>IT CLUB adalah salah satu Ekstrakurikuler yang berfokus pada bidang IT di SMK Negeri 5 Bandung yang sangat serius dalam menciptakan dan mendidikan anggotanya agar bisa berada di level yang cukup untuk nanti bisa Berkuliah ataupun bersaing di dunia Kerja setelah lulus nanti di SMK Negeri 5 Bandung. Untuk meningkatkan level yang cukup maka IT CLUB memiliki sebuah tingkatan level untuk menilai kemampuan setiap anggotanya, tingkatan level itu di antaranya adalah :</p><p>Beginner adalah sebuah tingkatan level pemula yang baru mengenal IT, di level ini nanti kita akan belajar basic/dasar dari IT sesuai dengan divisi yang akan dipilih.</p><p>Intermediate adalah sebuah tingkatan level menengah bagi kalian yang lulus di level Beginner, di level ini nanti kalian akan belajar IT yang tingkatannya lebih susah dari level Beginner, contohnya nanti kalian akan belajar bagamaina caranya membuat sebuah Website untuk sebuah Startup atau E-commerce, membuat Server internet, membuat Desain Logo untuk sebuah Startup atau E-commerce, membuat Desain 3d dan masih banyak lainnya.</p><p>Expert adalah sebuah tingkatan level ahli bagi kalian yang lulus di level Intermediate, di level ini nanti kalian akan belajar IT yang tingkatannya lebih susah dari level Beginner dan Intermediate, di level ini kalian akan di fokuskan untuk siap bekerja dan berkuliah, sehingga kalian akan diberikan sebuah studi kasus yang ada di tempat kerja ataupun kuliah.</p><p>Untuk bisa lulus atau naik ke level selanjutnya maka kalian nanti akan mengikuti sebuah ujian kenaikan level di setiap semester akhir.</p>', 'images/article/admin-202106061802-0.jpg', 'ujian-kenaikan-level-2018', '200', NULL, '2021-06-06 11:02:41', '2021-06-06 11:03:19'),
(23, 1, 'CPD angkatan 2019-2021', '<p>CPD adalah suatu kegiatan pendidikan karakter dan kepemipinan tingkat SMK Negeri 5 Bandung yang dimulai dari, Jumat 21 Juni 2019. &nbsp;Acara yang direncanakan berlangsung selama 2 hari di hari Jumat dan Sabtu dan dibuka secara resmi oleh Wakil kepala Sekolah Bidang Kesiswaan dan pembimbing Ekstrakurikuler IT CLUB.</p><p>Di hari pertama setelah pembukaan dilanjutkan dengan kegiatan-kegiatan yang telah dibuat oleh Ekstrakurikuler IT CLUB, seperti belajar bersama, Fun Games, menonton film bersama tentang Teknologi IT untuk menambah wawasan, pelatihan pendidikan karakter, pemilihan ketua dan wakil ketua angkatan 2019-2021.&nbsp;</p><p>Dihari kedua dilanjutkan dengan olahraga/senam pagi untuk menyegarkan badan agar tidak kaku karena kegiatan panjanga dihari pertama, lalu setelah itu kita memberikan semuah pesan kepada angkatan baru untuk tetap semangat di Ekstrakurikuler IT CLUB dan kegiatan ditutup oleh Pembimbing Ekstrakurikuler IT CLUB.</p><p>Acara CPD seperti ini sangat bermanfaat untuk menumbuhkan mental dan karakter yang kuat agar nanti didalam ekskul siswa tidak merasa tertekan dengan kegiatan-kegiatan yang ada di dalam ekskul tersebut. Acara ini juga bermanfaat untuk menjalin tali silaturahmi satu sama lain atau antar angkatan sehingga pembimbing berharap acara seperti ini rutin diadakan minimal 1 tahun sekali.</p><p>&nbsp;</p>', 'images/article/admin-202106171131-0.jpg', 'cpd-angkatan-2019-2021', '200', NULL, '2021-06-17 04:31:20', '2021-06-17 04:32:49'),
(24, 1, 'Pameran Jurusan', '<p>SMK Negeri 5 bandung kembali menggelar kegiatan Pameran Jurusan. Pameran untuk kedua kalinya ini melibatkan 5 jurusan yaitu DPIB (Desain Pemodelan dan Informasi Bangunan), GEOMATIKA (Geodesi dan Informatika), KGSP (Konstruksi Gedung Sanitasi dan Perawatan), KA (Kimia Analisis), TKJ (Teknik Komputer Jaringan) dan PROFIL (Produksi Film).</p><p>Kegiatan ini diselenggarakan untuk semua jurusan yang ada di SMK Negeri 5 Bandung agar bisa show up hasil karya jurusan masing-masing yang bertujuan untuk memikat siswa/siswi yang ingin masuk ke SMK Negeri 5 Bandung supaya tidak bingung atau bimbang ingin masuk jurusan mana.&nbsp;</p><p>IT Club sebagai Ekstrakurikuler yang berkaitan dengan IT ditunjuk mewakili jurusan TKJ untuk memamerkan karya-karyanya seperti Games 2d, Games 3d, Website, Desain Grafis, IoT (Internet of Things) dan Desain 3d. Kegiatan berjalan dengan lancar tidak ada kendala sedikitpun, semoga di tahun selanjutnya akan ada pameran-pameran lain yang tentunya bisa lebih baik dari pada pameran yang sekarang.</p>', 'images/article/admin-202107081049-0.jpg', 'pameran-jurusan', '200', NULL, '2021-07-08 03:49:49', '2021-07-08 03:50:51'),
(25, 1, 'Seminar Desain Grafis', '<p>Sebagai Ekstrakurikuler, IT Club tentunya memerlukan upgrade/update ilmu dan wawasan untuk menunjang setiap anggotanya, sehingga kita mengadakan event atau seminar dengan mendatangkan narasumber dari pihak luar yang tentunya berpengalaman dibidangnya. &nbsp;</p><p>Sehingga kita mengadakan seminar bertema Perkenalan Desain Grafis sebagai narasumbernya yaitu kang Pebi Ferdiantoro yang bekerja di Tawakal Animation Studio. Banyak ilmu yang di share oleh kang Pebi, bukan hanya ilmu tentang desain tapi juga pengalaman yang harus dimiliki oleh seorang desain grafis di dunia kerja nanti seperti apa.</p><p>So buat teman-teman kami tunggu kalian di Ekstrakurikuler IT Club yah.</p>', 'images/article/admin-202107081052-0.jpg', 'seminar-desain-grafis', '200', NULL, '2021-07-08 03:52:46', '2021-07-08 04:49:53'),
(26, 1, 'Pembekalan Dunia Kerja dan Kuliah', '<p>Seminar hari ini kita akan membahas topik tentang dunia kerja dan kuliah, pemateri nya adalah&nbsp; alumni IT Club yaitu kang Rival dan kang Yusuf yang insyallah akan memberikan ilmu nya sebaik&nbsp;mungkin kepada teman-teman semua agar siap di dunia kerja dan perkuliahan agar tidak kaget pada&nbsp; saat lulus nanti, banyak materi yang didapatkan pada saat seminar.</p><p>Seminar ini di adakan karena masih banyaknya siswa/siswi SMK yang masih bingung arah untuk&nbsp; menentukan pilihannya setelah lulus, apakah harus bekerja, harus berkuliah atau bahkan harus&nbsp; kuliah sambil kerja, mana sih pilihan terbaik yang harus diambil? agar tidak bingung maka kita&nbsp; datangkan para narasumber yang tentunya bisa membuat anak-anak IT Club menjadi paham mana&nbsp; tujuan yang harus diambil nanti ketika lulus.</p><p>Kesimpulan dari seminar hari ini adalah kita boleh bekerja tapi jangan lupakan cita-cita untuk&nbsp; berkuliah, karena kuliah sangatlah penting untuk nanti prospek kerja, agar bisa mendapatkan jenjang&nbsp; karir yang lebih baik lagi, \"Investasi terbaik adalah Ilmu\".</p>', 'images/article/admin-202107081208-0.jpeg', 'pembekalan-dunia-kerja-dan-kuliah', '200', NULL, '2021-07-08 05:08:39', '2021-07-08 05:09:05'),
(27, 1, 'Juara 1 Lomba Poster Spectrum 2021', '<p>Poster adalah salah satu bentuk seni grafis dua dimensi yang didalamnya terdapat gambar dan kata-kata yang isinya memuat informasi dan biasanya ditempel di tempat-tempat umum. Suatu poster haruslah menarik pembaca sehingga poster berisikan paduan tulisan dan gambar yang indah jika dilihat. Hasil karya poster diharapkan dapat memberikan informasi, mengajak dan menghimbau banyak orang untuk melakukan sesuatu seperti apa yang digambarkan atau dituliskan pada poster tersebut terutama pada kesesuaian tema yaitu \"Kebebasan Berekspresi\".<br><br>IT CLUB menurunkan Teguh Iqbal Prayoga dari divisi Programming untuk mengikuti lomba poster spectrum 2021 ini, walaupun berasal dari divisi Programming tapi Teguh mampu memberikan hasil terbaik dengan meraih Juara 1 Tingkat Nasional Lomba Poster Spectrum 2021 di SMA Negeri 1 Godean dengan mengalahkan beberapa sekolah yang lebih di unggulkan dari pada SMK Negeri 5 Bandung. Semoga prestasi dari kang teguh ini bisa terus berlanjut ke angkatan-angkatan lainnya agar nama &nbsp;Ekstrakurikuler IT CLUB khususnya SMK Negeri 5 Bandung bisa terkenal diseluruh Indonesia.</p>', 'images/article/admin-202107161041-0.jpg', 'juara-1-lomba-poster-spectrum-2021', '200', NULL, '2021-07-16 03:40:14', '2021-07-16 03:49:56'),
(28, 1, 'Juara 1 Lomba Web Design InTech', NULL, 'images/article/admin-202107161052-0.jpg', 'juara-1-lomba-web-design-intech', '100', '2021-07-16 03:53:17', '2021-07-16 03:52:55', '2021-07-16 03:53:17'),
(29, 1, 'Juara 1 Lomba Poster InTech', '<p>InTech merupakan suatu acara perlombaan bertemakan Artificial Intelligence yang diadakan oleh Prodi Rekayasa Perangkat Lunak Institut Teknologi Telkom Surabaya guna menumbuhkan minat dan bakat para generasi muda dalam bidang AI. Pada era industri 4.0 seperti ini, banyak sistem yang telah menggunakan AI sebagai suatu sistem yang dapat mempermudah pekerjaan manusia, AI didefinisikan sebagai kecerdasan yang ditunjukkan oleh suatu entitas buatan, sistem seperti ini umumnya dimasukkan ke dalam suatu mesin (komputer) agar dapat melakukan pekerjaan seperti yang dapat dilakukan manusia. Oleh karena itu sangatlah penting untuk memperkenalkan teknologi AI agar dapat membuka wawasan generasi muda sejak dini.</p><p>Lomba InTech 2021 IT CLUB mengambil 2 bidang lomba yaitu Web Design dan Poster yang bertemakan Artificial Intelligence. Lomba Poster InTech 2021 ini IT CLUB menurunkan Aditia Fauzi dari divisi Networking dan mampu meraih Juara 1 Nasional Lomba Poster InTech 2021 dengan mengalahkan beberapa sekolah yang ada di seluruh Indonesia. Semoga prestasi dari Aditia Fauzi ini bisa terus berlanjut ke angkatan-angkatan lainnya agar nama &nbsp;Ekstrakurikuler IT CLUB khususnya SMK Negeri 5 Bandung bisa terkenal diseluruh Indonesia.</p>', 'images/article/admin-202107161106-0.jpg', 'juara-1-lomba-poster-intech', '200', NULL, '2021-07-16 03:52:55', '2021-07-16 04:06:25'),
(30, 1, 'Juara 1 Lomba Web Design InTech', '<p>InTech merupakan suatu acara perlombaan bertemakan Artificial Intelligence yang diadakan oleh Prodi Rekayasa Perangkat Lunak Institut Teknologi Telkom Surabaya guna menumbuhkan minat dan bakat para generasi muda dalam bidang AI. Pada era industri 4.0 seperti ini, banyak sistem yang telah menggunakan AI sebagai suatu sistem yang dapat mempermudah pekerjaan manusia, AI didefinisikan sebagai kecerdasan yang ditunjukkan oleh suatu entitas buatan, sistem seperti ini umumnya dimasukkan ke dalam suatu mesin (komputer) agar dapat melakukan pekerjaan seperti yang dapat dilakukan manusia. Oleh karena itu sangatlah penting untuk memperkenalkan teknologi AI agar dapat membuka wawasan generasi muda sejak dini.</p><p>Lomba InTech 2021 IT CLUB mengambil 2 bidang lomba yaitu Web Design dan Poster yang bertemakan Artificial Intelligence. Lomba Web Design ini IT CLUB menurunkan Teguh Iqbal Prayoga, Rifqi Ahmad Abiyyi dan Rian Alfazri K dari divisi Programming dan mampu meraih Juara 1 Nasional Lomba Web Design InTech 2021 dengan mengalahkan beberapa sekolah yang ada di seluruh Indonesia. Semoga prestasi dari akang-akang divisi Programming ini bisa terus berlanjut ke angkatan-angkatan lainnya agar nama &nbsp;Ekstrakurikuler IT CLUB khususnya SMK Negeri 5 Bandung bisa terkenal diseluruh Indonesia.</p>', 'images/article/admin-202107161147-0.jpg', 'juara-1-lomba-web-design-intech', '200', NULL, '2021-07-16 04:05:38', '2021-07-16 04:47:48'),
(31, 1, 'Juara 1 Lomba TechDev OlymTIK', '<p>Tech Dev OlimTIK Merupakan Kompetisi Tingkat Wilayah Jabodetabek Yang Diselenggarakan Oleh Program Studi Teknik Informatika Universitas Trilogi Bekerjasama Dengan Bisa.AI Academy. Kompetisi Ini Sebagai Sarana Untuk Menyalurkan Pengetahuan Dan Kreatifitas Siswa/Siswi SMA/SMK/MA/Sederajat Dalam Bidang Artificial Intelligence, Augmented Reality, UI/UX, Internet Of Things Dan IT Security Yang Merupakan Beberapa Diantara Teknologi Penopang Dan Entertain Di Era Revolusi Industri 4.0. Melalui Kompetisi Ini Diharapkan Mampu Meningkatkan Pengetahuan Siswa/Siswi Dalam Teknologi ITsehingga Bisa Memberi Kesiapan Dan Meningkatkan Daya Saing Masyarakat Indonesia Dalam Menghadapi Revolusi Industri 4.0.</p><p>Lomba Tech Dev OlymTIK ini IT CLUB menurunkan semua Divisi dan mampu meraih Juara 1 Nasional Lomba Tech Dev OlymTIK dan meraih 10 Peserta Terbaik dengan mengalahkan 20 Sekolah yang ada di seluruh Indonesia, ini adalah lomba Terbesar yang pernah diikuti oleh IT CLUB. Semoga prestasi dari akang-akang ini bisa terus berlanjut ke angkatan-angkatan lainnya agar nama &nbsp;Ekstrakurikuler IT CLUB khususnya SMK Negeri 5 Bandung bisa terkenal diseluruh Indonesia.</p>', 'images/article/admin-202107161122-0.jpeg', 'juara-1-lomba-techdev-olymtik', '200', NULL, '2021-07-16 04:22:32', '2021-07-16 04:34:08'),
(32, 1, 'Juara 2 Lomba Networking Support SWF', '<p>SWF (Study With Forum Asisten) adalah kegiatan belajar bersama yang diberikan Forum Asisten Universitas AMIKOM Purwokerto kepada para peserta SMK untuk menambah skill sebagai pengetahuan tambahan di bidang IT yang mungkin belum didapat di SMK. SWF 2021 hadir dengan rangkaian kegiatan workshop dan mengerjakan materi yang dilakukan secara online melalui platform Zoom dan G-MOOC.&nbsp;</p><p>IT CLUB mengikuti bidang Lomba Networking Support yang diwakilkan oleh Meylani Putri dari Divisi Networking yang mampu meraih Juara 2 tingkat Nasional Lomba Networking Support SWF dan meraih Sekolah Terbaik tingkat Nasional, sehingga Ekstrakurikuler IT CLUB SMK Negeri 5 Bandung mampu membawa pulang 2 penghargaan.&nbsp;</p><p>Semoga prestasi dari Meylani Putri ini bisa terus berlanjut ke angkatan-angkatan lainnya agar nama &nbsp;Ekstrakurikuler IT CLUB khususnya SMK Negeri 5 Bandung bisa terkenal diseluruh Indonesia.</p>', 'images/article/admin-202107161244-0.jpg', 'juara-2-lomba-networking-support-swf', '200', NULL, '2021-07-16 05:44:28', '2021-07-16 08:55:40'),
(33, 1, 'Lomba ITNSA 2021', NULL, 'images/article/admin-202107172115-0.jpeg', 'lomba-itnsa-2021', '100', '2021-07-17 14:15:45', '2021-07-17 14:15:22', '2021-07-17 14:15:45'),
(34, 1, 'Lomba ITNSA 2020', NULL, 'images/article/admin-202107172135-0.jpeg', 'lomba-itnsa-2020', '100', '2021-07-17 14:36:00', '2021-07-17 14:35:46', '2021-07-17 14:36:00'),
(35, 1, 'Juara 1 Lomba LKS IT Network System Administration 2021', '<p>SMK Negeri 5 Bandung yang di wakilkan oleh Ekstrakurikuler IT Club mengikuti Lomba IT Networking System Administration, dimana siswa terbaiknya berhasil menjuarai 1 Lomba Kompetensi Siswa (LKS) Sekolah Menengah Kejuruan (SMK) Tingkat Kota pada 27 Mei 2021 di Bandung. Rahman Fadwahudin keluar sebagai juara dan mewakili kota Bandung hingga tingkat Provinsi</p><p>Ikut bersaing diantara seluruh perwakilan sekolah yang ada di kota bandung. Alhamdulilah SMKN 5 Bandung berhasil meraih juara 1 dibidang IT Network System Administration.</p><p>Rahman Fadwahudin siswa kelas 11 SMKN 5 Bandung mengatakan perjalanan menjadi juara tingkat Kota Bandung tidaklah berjalanan mulus. Banyak rintangan yang dilalui seperti misal uji materi lomba atau modul yang berubah-ubah</p><p>Semoga prestasi dari Rahman Fadwahudin ini bisa terus berlanjut ke angkatan-angkatan lainnya agar nama &nbsp;Ekstrakurikuler IT CLUB khususnya SMK Negeri 5 Bandung bisa terkenal diseluruh Indonesia.</p><p>Harapan selalu ada bibit  bibit baru dari jurusan teknik komputer jaringan</p>', 'images/article/admin-202107172135-0.jpeg', 'juara-1-lomba-lks-it-network-system-administration-2021', '200', NULL, '2021-07-17 14:35:50', '2021-08-09 06:12:03'),
(36, 1, 'Beasiswa Kuliah di STMIK AMIK Bandung', '<p>SMK Negeri 5 Bandung Jurusan Teknik Komputer Jaringan (TKJ) dan Produksi Film (Profil) menjalin kerja sama dengan STMIK AMIK Bandung untuk membantu para alumninya agar bisa berkuliah secara gratis tanpa biaya sepeserpun atau diberikan Beasiswa berkuliah di STMIK AMIK Bandung.</p><p>Ekstrakurikuler IT Club yang di naungi oleh Jurusan TKJ mendapatkan tempat untuk mengisi beasiswa tersebut, sehingga lulusan dari Ekstrakurikuler IT Club Alhamdulillah bisa tersalurkan berkuliah secara gratis di STMIK AMIK Bandung tanpa biaya sepeserpun.&nbsp;</p><p>IT Club mempunyai moto yaitu Siap Kuliah Siap Kerja sehingga lulusannya akan benar-benar disalurkan sesuai dengan minta mereka, jika berminat untuk bekerja maka akan disalurkan untuk bekerja, jika berminat untuk berkuliah, maka akan disalurkan untuk berkuliah. So buat tema-teman semua ayo buruan join dengan Ekstrakurikuler IT Club.</p>', 'images/article/admin-202107172156-0.jpeg', 'beasiswa-kuliah-di-stmik-amik-bandung', '200', NULL, '2021-07-17 14:56:25', '2021-07-19 05:37:08');

-- --------------------------------------------------------

--
-- Table structure for table `blog_category`
--

CREATE TABLE `blog_category` (
  `blog_id` bigint(20) UNSIGNED NOT NULL,
  `category_id` bigint(20) UNSIGNED NOT NULL,
  `created_at` timestamp NULL DEFAULT current_timestamp(),
  `updated_at` timestamp NULL DEFAULT NULL ON UPDATE current_timestamp()
) ENGINE=InnoDB DEFAULT CHARSET=utf8mb4 COLLATE=utf8mb4_unicode_ci;

--
-- Dumping data for table `blog_category`
--

INSERT INTO `blog_category` (`blog_id`, `category_id`, `created_at`, `updated_at`) VALUES
(4, 1, '2021-03-24 04:16:15', '2021-03-24 04:16:15'),
(4, 2, '2021-03-24 04:16:08', '2021-03-24 04:16:08'),
(4, 3, '2021-03-24 04:16:22', '2021-03-24 04:16:22'),
(4, 4, '2021-03-24 04:16:18', '2021-03-24 04:16:18'),
(4, 5, '2021-03-24 04:16:20', '2021-03-24 04:16:20'),
(4, 10, '2021-03-24 04:16:25', '2021-03-24 04:16:25'),
(4, 11, '2021-03-24 04:16:29', '2021-03-24 04:16:29'),
(9, 1, '2021-03-24 12:47:30', NULL),
(9, 2, '2021-03-24 12:47:30', NULL),
(10, 1, '2021-04-11 15:33:33', NULL),
(10, 2, '2021-04-11 15:33:33', NULL),
(10, 3, '2021-04-11 15:33:33', NULL),
(10, 4, '2021-04-11 15:33:33', NULL),
(10, 5, '2021-04-11 15:33:33', NULL),
(10, 6, '2021-04-11 15:33:33', NULL),
(11, 3, '2021-05-21 08:17:10', NULL),
(11, 5, '2021-05-21 08:17:10', NULL),
(11, 9, '2021-05-21 08:17:10', NULL),
(12, 1, '2021-05-21 08:22:42', NULL),
(12, 3, '2021-05-21 08:22:42', NULL),
(12, 5, '2021-05-21 08:22:42', NULL),
(12, 9, '2021-05-21 08:22:42', NULL),
(13, 1, '2021-05-21 08:26:45', NULL),
(13, 3, '2021-05-21 08:26:45', NULL),
(13, 5, '2021-05-21 08:26:45', NULL),
(13, 9, '2021-05-21 08:26:45', NULL),
(14, 1, '2021-05-21 08:29:41', NULL),
(14, 3, '2021-05-21 08:29:41', NULL),
(14, 5, '2021-05-21 08:29:41', NULL),
(14, 9, '2021-05-21 08:29:41', NULL),
(15, 1, '2021-06-03 04:28:14', '2021-06-03 04:28:14'),
(15, 3, '2021-06-03 04:28:05', '2021-06-03 04:28:05'),
(15, 4, '2021-06-02 14:23:14', NULL),
(15, 8, '2021-06-03 04:28:09', '2021-06-03 04:28:09'),
(15, 10, '2021-06-03 04:28:07', '2021-06-03 04:28:07'),
(15, 15, '2021-06-03 04:27:57', '2021-06-03 04:27:57'),
(16, 1, '2021-06-02 14:25:58', NULL),
(17, 1, '2021-06-02 14:29:20', NULL),
(17, 4, '2021-06-02 14:29:20', NULL),
(18, 1, '2021-06-03 04:41:05', NULL),
(19, 1, '2021-06-06 09:47:58', NULL),
(19, 4, '2021-06-06 09:47:58', NULL),
(19, 10, '2021-06-06 09:47:58', NULL),
(20, 1, '2021-06-06 09:48:56', NULL),
(20, 4, '2021-06-06 09:48:56', NULL),
(21, 1, '2021-06-06 11:01:39', NULL),
(22, 3, '2021-06-06 11:02:41', NULL),
(23, 1, '2021-06-17 04:31:20', NULL),
(23, 2, '2021-06-17 04:31:20', NULL),
(24, 2, '2021-07-08 03:49:49', NULL),
(24, 3, '2021-07-08 03:49:49', NULL),
(25, 2, '2021-07-08 03:52:46', NULL),
(26, 4, '2021-07-08 05:08:39', NULL),
(27, 2, '2021-07-16 03:40:14', NULL),
(28, 1, '2021-07-16 03:52:55', NULL),
(29, 1, '2021-07-16 03:52:55', NULL),
(30, 1, '2021-07-16 04:05:38', NULL),
(30, 2, '2021-07-16 04:05:38', NULL),
(31, 1, '2021-07-16 04:22:32', NULL),
(32, 1, '2021-07-16 05:44:28', NULL),
(33, 1, '2021-07-17 14:15:22', NULL),
(35, 3, '2021-07-17 14:35:50', NULL),
(36, 3, '2021-07-17 14:56:25', NULL);

-- --------------------------------------------------------

--
-- Table structure for table `blog_suspended`
--

CREATE TABLE `blog_suspended` (
  `id` bigint(20) UNSIGNED NOT NULL,
  `blog_id` int(11) NOT NULL,
  `description` varchar(255) COLLATE utf8mb4_unicode_ci DEFAULT NULL,
  `suspended` date DEFAULT NULL,
  `created_at` timestamp NOT NULL DEFAULT current_timestamp(),
  `updated_at` timestamp NULL DEFAULT NULL ON UPDATE current_timestamp()
) ENGINE=InnoDB DEFAULT CHARSET=utf8mb4 COLLATE=utf8mb4_unicode_ci;

--
-- Dumping data for table `blog_suspended`
--

INSERT INTO `blog_suspended` (`id`, `blog_id`, `description`, `suspended`, `created_at`, `updated_at`) VALUES
(9, 9, 'Menggunakan kata kasar, article terpaksa di block. Silahkan hubungi admin jika ada keluhan!!', NULL, '2021-03-24 07:16:15', '2021-03-24 07:16:15');

-- --------------------------------------------------------

--
-- Table structure for table `categories`
--

CREATE TABLE `categories` (
  `id` bigint(20) UNSIGNED NOT NULL,
  `name` varchar(255) COLLATE utf8mb4_unicode_ci NOT NULL,
  `created_by` int(11) DEFAULT NULL,
  `deleted_at` timestamp NULL DEFAULT NULL,
  `created_at` timestamp NULL DEFAULT current_timestamp(),
  `updated_at` timestamp NULL DEFAULT NULL ON UPDATE current_timestamp()
) ENGINE=InnoDB DEFAULT CHARSET=utf8mb4 COLLATE=utf8mb4_unicode_ci;

--
-- Dumping data for table `categories`
--

INSERT INTO `categories` (`id`, `name`, `created_by`, `deleted_at`, `created_at`, `updated_at`) VALUES
(1, 'Teknologi', 1, NULL, '2021-03-23 17:05:03', NULL),
(2, 'Website', 1, NULL, '2021-03-23 17:05:04', NULL),
(3, 'Sekolah', 1, NULL, '2021-03-23 17:05:05', NULL),
(4, 'Informasi', 1, NULL, '2021-03-23 17:05:06', NULL),
(5, 'IT', 1, NULL, '2021-03-23 17:05:07', NULL),
(6, '2021', 1, NULL, '2021-03-23 17:05:07', NULL),
(7, '2020', 1, NULL, '2021-03-23 17:05:07', NULL),
(8, 'Kesehatan', 1, NULL, '2021-03-23 17:05:08', NULL),
(9, 'Esktrakuikuler', 1, NULL, '2021-03-23 17:05:08', NULL),
(10, 'Networking', 1, NULL, '2021-03-23 17:05:58', NULL),
(11, 'Programming', 1, NULL, '2021-03-23 17:06:04', NULL),
(12, 'Multimedia', 1, NULL, '2021-03-23 17:06:13', NULL),
(13, 'Internet of Things', 1, NULL, '2021-03-23 17:06:23', NULL),
(14, 'First', 1, NULL, '2021-03-23 17:06:46', NULL),
(15, 'Coding', 1, NULL, '2021-04-10 20:05:26', '2021-04-10 20:05:26'),
(16, 'PHP', 1, NULL, '2021-04-10 20:05:31', '2021-04-10 20:05:31'),
(17, 'Javascript', 1, NULL, '2021-04-10 20:05:36', '2021-04-10 20:05:36');

-- --------------------------------------------------------

--
-- Table structure for table `divisions`
--

CREATE TABLE `divisions` (
  `id` bigint(20) UNSIGNED NOT NULL,
  `name` varchar(255) COLLATE utf8mb4_unicode_ci NOT NULL,
  `content` longtext COLLATE utf8mb4_unicode_ci NOT NULL,
  `image` varchar(255) COLLATE utf8mb4_unicode_ci NOT NULL,
  `slug` varchar(255) COLLATE utf8mb4_unicode_ci NOT NULL,
  `deleted_at` timestamp NULL DEFAULT NULL,
  `created_at` timestamp NOT NULL DEFAULT current_timestamp(),
  `updated_at` timestamp NULL DEFAULT NULL ON UPDATE current_timestamp()
) ENGINE=InnoDB DEFAULT CHARSET=utf8mb4 COLLATE=utf8mb4_unicode_ci;

--
-- Dumping data for table `divisions`
--

INSERT INTO `divisions` (`id`, `name`, `content`, `image`, `slug`, `deleted_at`, `created_at`, `updated_at`) VALUES
(1, 'Networking', 'Divisi Networking adalah salah satu divisi IT CLUB yang mempelajari materi jaringan seperti Cisco, Mikrotik, Linux, Perangkat keras dan Wireless. Buat teman-teman yang jurusan TKJ (Teknik Komputer Jaringan) wajib banget nih masuk Divisi Networking, karena akan sangat nyambung sekali nanti dengan materi yang ada di TKJ. Dalam Divisi Networking kita akan mempelajari tentang materi-materi jaringan lebih luas lagi agar kalian semua bisa lebih siap nanti di dunia kerja. Sistem belajar di Divisi Networking dibagi menjadi 2 yaitu Pengetahuan dan Praktek, tapi akan lebih banyak prakteknya dibandingkan dengan pengetahuannya, nah jadi nanti kalian akan diberikan sebuah studi kasus dengan deadline yang telah ditentukan. Contohnya adalah kalian akan melakukan troubleshooting dalam suatu topologi yang dimana didalam topologi tersebut terdapat masalah dan kalian harus bisa mengatasi permasalahan tersebut.<br><br>\r\nKeuntungan bergabung di Divisi Networking ialah kita bisa membuat sebuah server internet yang dimana nanti akan di implementasikan di dunia kerja. Jika masuk ke Divisi Networking kita bisa menjadi seorang IT Engineer, Networking Support, Staff Engineering, Engineer On Site dan masih banyak lainnya. Waw banyak sekali benefit yang didapatkan yah karena memang sekarang sudah Industri 4.0 yang dimana semua kegiatan hampir menggunakan teknologi, jadi profesi yang berkaitan dengan Jaringan sangat dibutuhkan sekali. So buat teman-teman yang tertarik di Networking langsung sajah join ke Divisi Networking yah.', 'images/division/u2EAu995iMSG5slQZsEqX8IXRPQl4gyOkMLh1nKF.png', 'networking', NULL, '2021-04-08 20:37:45', '2021-07-20 03:45:05'),
(2, 'Programming', 'Divisi Programming adalah suatu satu divisi IT CLUB yang mempelajari tentang ilmu pemrograman serperti HTML, CSS, PHP, Java script, Laravel, Bootstrap dan CodeIgniter. Sistem belajar di Divisi Networking dibagi menjadi 2 yaitu Pengetahuan dan Praktek, tapi akan lebih banyak prakteknya dibandingkan dengan pengetahuannya, nah jadi nanti kalian akan diberikan sebuah studi kasus atau project untuk diselesaikan sesuai dengan deadline yang telah ditentukan. Contoh project yang nanti akan dikerjakan adalah seperti pembuatan Website E-commerce, SIM (Sistem Informasi Manajemen) dan masih banyak lainnya. Divisi Programming akan membagi materinya menjadi 2 yaitu Frontend Developer yang berperan mengembangkan tampilan situs atau aplikasi melalui HTML, CSS dan JavaScript sedangkan Backend Developer yang berperan agar situs atau aplikasi dapat bekerja menggunakan PHP, Laravel, CodeIgniter dll. <br><br>\r\nKeuntungan bergabung di Divisi Programming ialah kita bisa membuat sebuah website yang bisa digunakan oleh banyak orang. Jika masuk ke Divisi Progamming kita bisa menjadi seorang Full stack developer, frontend developer, backend developer, IT Programmer dan masih banyak lainnya. Waw banyak sekali benefit yang didapatkan yah karena memang sekarang sudah Industri 4.0 yang dimana semua kegiatan hampir menggunakan teknologi, jadi profesi yang berkaitan dengan Pemrograman sangat dibutuhkan sekali. So buat teman-teman yang tertarik di bidang Pemrograman langsung sajah join ke Divisi Programming yah.', 'images/division/fKY8fF097HCyAfU0mNEmf5npTmqrG44CeqmeoPP3.png', 'programming', NULL, '2021-04-09 22:55:34', '2021-07-20 04:17:39'),
(7, 'Multimedia', 'Divisi Multimedia adalah salah satu divisi IT CLUB yang mempelajari materi seperti Design graphics, 3d modeling, Design character, UI/UX designer, Editting video dan masih banyak lainnya. Sistem belajar di Divisi Multimedia dibagi menjadi 2 yaitu Pengetahuan dan Praktek, tapi akan lebih banyak prakteknya dibandingkan dengan pengetahuannya, nah jadi nanti kalian akan diberikan sebuah studi kasus atau project untuk diselesaikan sesuai dengan deadline yang telah ditentukan. Contoh project yang nanti akan dikerjakan adalah seperti pembuatan 3d modelling untuk games, membuat UI/UX untuk kebutuhan website, membuat logo untuk kepentingan startup, editing video untuk film/iklan dan masih banyak lainnya.<br><br>\r\nKeuntungan bergabung di Divisi Multimedia adalah kita bisa menjadi seorang animator, UI/UX Designer, content creator, freelancer atau editor dan satu hal lagi, dalam mempelajari multimedia kita bisa membuka lapangan kerja sendiri. Waw banyak sekali benefit yang didapatkan yah karena memang sekarang sudah jamannya digital, jadi profesi yang berkaitan dengan Multimedia sangat dibutuhkan sekali. So buat teman-teman yang tertarik di bidang Desain, Editting Video dan Pembuatan Games langsung sajah join ke Divisi Mulmedia yah.', 'images/division/coRuju5P0NhTWlGXZ0pb9mWdIH4g3fTeEssFOHHC.png', 'multimedia', NULL, '2021-05-20 07:21:21', '2021-07-20 03:26:25');

-- --------------------------------------------------------

--
-- Table structure for table `division_mentor`
--

CREATE TABLE `division_mentor` (
  `division_id` int(11) NOT NULL,
  `mentor_id` int(11) NOT NULL
) ENGINE=InnoDB DEFAULT CHARSET=utf8mb4;

--
-- Dumping data for table `division_mentor`
--

INSERT INTO `division_mentor` (`division_id`, `mentor_id`) VALUES
(1, 1),
(1, 2),
(1, 9),
(1, 10),
(2, 1),
(2, 2),
(2, 3),
(2, 4),
(2, 5),
(2, 6),
(2, 7),
(2, 8),
(7, 1),
(7, 11),
(7, 12);

-- --------------------------------------------------------

--
-- Table structure for table `exception_error`
--

CREATE TABLE `exception_error` (
  `id` bigint(20) UNSIGNED NOT NULL,
  `error_code` char(50) COLLATE utf8mb4_unicode_ci NOT NULL,
  `title` varchar(255) COLLATE utf8mb4_unicode_ci NOT NULL,
  `description` text COLLATE utf8mb4_unicode_ci DEFAULT NULL,
  `thumbnail` varchar(255) COLLATE utf8mb4_unicode_ci DEFAULT NULL,
  `created_at` timestamp NOT NULL DEFAULT current_timestamp(),
  `updated_at` timestamp NULL DEFAULT NULL ON UPDATE current_timestamp()
) ENGINE=InnoDB DEFAULT CHARSET=utf8mb4 COLLATE=utf8mb4_unicode_ci;

--
-- Dumping data for table `exception_error`
--

INSERT INTO `exception_error` (`id`, `error_code`, `title`, `description`, `thumbnail`, `created_at`, `updated_at`) VALUES
(1, '200', 'Success', NULL, NULL, '2021-03-26 12:44:09', NULL),
(2, '300', '300 Error', 'hehehe', 'drawkit-full-stack-man-colour.svg', '2021-03-26 12:44:24', '2021-03-26 20:34:05'),
(3, '403', 'Forbidden', 'Maaf, anda tidak diizinkan untuk mengakses halaman ini! Maaf, halaman yang anda minta tidak ada! coba lagi atau hubungi kami melalui support@itclub.com', 'drawkit-mobile-article-colour.svg', '2021-03-26 12:44:35', '2021-03-27 10:02:41'),
(4, '404', '404 Not Found', 'Maaf, halaman yang anda minta tidak ada! coba lagi atau hubungi kami melalui support@itclub.com', 'drawkit-nature-man-colour.svg', '2021-03-26 12:44:50', '2021-03-27 09:51:32'),
(5, '500', 'Internal Server Error', NULL, 'revenue-graph-colour.svg', '2021-03-26 12:45:04', '2021-03-26 12:58:00'),
(7, '405', '405 Invalid Token', 'Token and Email is Invalid! Please try again or call a administrator.', '202103280423-png', '2021-03-27 21:23:27', NULL),
(8, '205', '205 Success', 'Activation completed! You can login now. Welcome to IT Club SMKN 5 Bandung', '202103280424-png', '2021-03-27 21:24:18', NULL),
(9, '409', '409 Expired', 'Token is expired! Try again.', '202103280429-jpg', '2021-03-27 21:29:10', NULL);

-- --------------------------------------------------------

--
-- Table structure for table `failed_jobs`
--

CREATE TABLE `failed_jobs` (
  `id` bigint(20) UNSIGNED NOT NULL,
  `uuid` varchar(255) COLLATE utf8mb4_unicode_ci NOT NULL,
  `connection` text COLLATE utf8mb4_unicode_ci NOT NULL,
  `queue` text COLLATE utf8mb4_unicode_ci NOT NULL,
  `payload` longtext COLLATE utf8mb4_unicode_ci NOT NULL,
  `exception` longtext COLLATE utf8mb4_unicode_ci NOT NULL,
  `failed_at` timestamp NOT NULL DEFAULT current_timestamp()
) ENGINE=InnoDB DEFAULT CHARSET=utf8mb4 COLLATE=utf8mb4_unicode_ci;

-- --------------------------------------------------------

--
-- Table structure for table `galleries`
--

CREATE TABLE `galleries` (
  `id` bigint(20) UNSIGNED NOT NULL,
  `name` varchar(255) COLLATE utf8mb4_unicode_ci NOT NULL,
  `image` text COLLATE utf8mb4_unicode_ci NOT NULL,
  `slug` varchar(255) COLLATE utf8mb4_unicode_ci NOT NULL,
  `created_at` timestamp NULL DEFAULT NULL,
  `updated_at` timestamp NULL DEFAULT NULL,
  `deleted_at` timestamp NULL DEFAULT NULL
) ENGINE=InnoDB DEFAULT CHARSET=utf8mb4 COLLATE=utf8mb4_unicode_ci;

--
-- Dumping data for table `galleries`
--

INSERT INTO `galleries` (`id`, `name`, `image`, `slug`, `created_at`, `updated_at`, `deleted_at`) VALUES
(1, 'Ujian Sertifikasi, 18 Juli 2018', 'images/gallery/KJrHYZK8aUn27d4Z0CLanjcBOEyyS2c0pTWa65rX.png', 'ujian-sertifikasi-18-juli-2018', '2021-05-20 07:41:38', '2021-06-02 14:34:04', NULL),
(3, 'Pembekalan Dunia Kerja dan Kuliah, 8 Mei 2019', 'images/gallery/C0K3wt520iqss9Ns729YyzTgeN38zEP9wGDUMhy1.png', 'pembekalan-dunia-kerja-dan-kuliah-8-mei-2019', '2021-05-20 07:45:59', '2021-06-08 01:51:18', NULL),
(4, 'Sertijab 2018-2019, 19 Juni 2018', 'images/gallery/6IFGALBpozBLCE9sEGTNeJgF2LzE4v5fkZerV9Kd.png', 'sertijab-2018-2019-19-juni-2018', '2021-05-20 07:46:33', '2021-06-08 01:51:07', NULL),
(5, 'CPD 2019-2021, 21 Juni 2019', 'images/gallery/DvCSOjtyMQblgxRACnZ5KHmE6VChIedJz1PZGjlE.jpg', 'cpd-2019-2021-21-juni-2019', '2021-06-04 03:29:47', '2021-06-17 04:33:13', NULL),
(7, 'Webinar 3 Tahun Belajar Jurusan TKJ, 28 Desember 2020', 'images/gallery/k8O8FdPmSbujPd9cEDIm0FxLOpQ7UWmiQwS0hYT1.png', 'webinar-3-tahun-belajar-jurusan-tkj-28-desember-2020', '2021-06-04 03:48:25', '2021-06-04 03:48:25', NULL),
(11, 'Seminar Desain, 14 April 2020', 'images/gallery/CiWaxhhY2tQEvpjVsPRDvnYcyQtJO01AYQoUfEQ9.jpg', 'seminar-desain-14-april-2020', '2021-06-10 02:13:09', '2021-06-10 02:13:09', NULL),
(12, 'Ujian Kenaikan Level, 14 April 2020', 'images/gallery/gJkQ5Tcl0wbS70GFKsdEZfoFLoAPjUcfFtHFuRzn.jpg', 'ujian-kenaikan-level-14-april-2020', '2021-06-10 02:33:17', '2021-06-10 02:33:17', NULL),
(13, 'Ngeliwet Part1, 16 Febuari 2019', 'images/gallery/kKFROG8J2SnFKAhVPn6DbrJfxe1gppaebUgY3hWs.jpg', 'ngeliwet-part1-16-febuari-2019', '2021-06-14 02:32:11', '2021-06-14 03:15:10', NULL),
(14, 'Foto Bersama Angkatan 2017-2020&2018-2021', 'images/gallery/MOi6gGe4K6CxusZUX0IJHfahZhJPLCpWA6R9OGiZ.jpg', 'foto-bersama-angkatan-2017-20202018-2021', '2021-06-14 02:46:43', '2021-06-14 02:46:43', NULL),
(15, 'Pameran TKJ, 17 November 2019', 'images/gallery/PsqmLjVN7iXiTWEVhN0F9QC947HE77f5RRhBPrFN.jpg', 'pameran-tkj-17-november-2019', '2021-06-14 02:50:30', '2021-06-14 02:50:30', NULL),
(16, 'Hari Kemerdekaan, 17 Agustus 2020', 'images/gallery/Z3weBgoN9y5M8xOklpBCU5V3g71v7WxblywHoRBY.jpg', 'hari-kemerdekaan-17-agustus-2020', '2021-06-14 03:07:28', '2021-06-14 03:07:28', NULL),
(17, 'Ngeliwet Part2, 17 Agustus 2020', 'images/gallery/bssHrNg2SY2RzrW9DpENckrHdxt6kj1n2N64ygmP.jpg', 'ngeliwet-part2-17-agustus-2020', '2021-06-14 03:15:56', '2021-06-14 03:15:56', NULL),
(19, 'Sertifikasi MTCNA, 18 September 2020', 'images/gallery/YwAEqvZr91IpIi6QKU9XGy4SgyL1myU5VKtAUq9J.jpg', 'sertifikasi-mtcna-18-september-2020', '2021-06-14 03:22:10', '2021-06-14 03:22:10', NULL),
(20, 'Lomba Desain Poster Spectrum', 'images/gallery/CAub7gejNxv8vLsK3P5oL9OI8oy5RHrDF7U15YBw.jpg', 'lomba-desain-poster-spectrum', '2021-07-08 06:36:23', '2021-07-08 06:38:08', NULL),
(21, 'Lomba Web Design Artificial Intelligence', 'images/gallery/je4i871mQ6apgcBnCvEGPM07vERt29ffwLILXcK7.jpg', 'lomba-web-design-artificial-intelligence', '2021-07-08 07:26:23', '2021-07-08 07:26:23', NULL),
(22, 'Lomba Tech Dev OlymTIK', 'images/gallery/aqbydg3D2eDdvvkPd10B3NqcgmlxVdrhCLY0dqoO.jpg', 'lomba-tech-dev-olymtik', '2021-07-16 04:35:03', '2021-07-16 04:35:03', NULL),
(23, 'Lomba Networking Support Study With Forum Asisten', 'images/gallery/RPGwCfjEl2S3qdtCfWSpyKNzDJPp2LJqwA76dUtU.jpg', 'lomba-networking-support-study-with-forum-asisten', '2021-07-16 05:38:49', '2021-07-16 05:42:40', NULL),
(24, 'Lomba IT Network System Administration 2021', 'images/gallery/tiD149gdjjKm3PpgSHVHCrqgkYJmPdHm2Qt6MyY3.jpg', 'lomba-it-network-system-administration-2021', '2021-07-17 14:16:34', '2021-07-17 14:16:34', NULL),
(25, 'Buka Bersama, 1 Mei 2021', 'images/gallery/xkgwT9xiLrdxHuX2BSHBcOXstrt9iJm6gefOKhu2.jpg', 'buka-bersama-1-mei-2021', '2021-07-17 14:58:49', '2021-07-17 15:33:31', NULL),
(26, 'Beasiswa Kuliah STIMK AMIK Bandung', 'images/gallery/kwj4QVdrGLgfOjkcK8AtUq8Cqs0Y6Z4zfYTTiyJ5.jpg', 'beasiswa-kuliah-stimk-amik-bandung', '2021-07-17 15:09:19', '2021-07-17 15:12:11', '2021-07-17 15:12:11'),
(27, 'Foto Angkatan 2018-2021&2029-2022, 22 Mei 2021', 'images/gallery/rMvummTySvGHBB7zBbu6qnteGH3iEhflNVjtv4HX.jpg', 'foto-angkatan-2018-20212029-2022-22-mei-2021', '2021-07-17 15:28:47', '2021-07-17 15:32:00', NULL),
(28, 'Beasiswa Kuliah STMIK AMIK Bandung, 10 Juni 2021', 'images/gallery/ZyMSdTm6Xs8IJJoDWR3QDKawpzw5uLfrB9iolKBI.jpg', 'beasiswa-kuliah-stmik-amik-bandung-10-juni-2021', '2021-07-17 15:36:14', '2021-07-17 16:20:52', NULL),
(29, 'Touring to Pengalengan Air Panas Kertamanah, 16 Juni 2021', 'images/gallery/RKasNTKWMVpsPZQ7Ci1nWu1tJd1s6cyozqvIUokd.jpg', 'touring-to-pengalengan-air-panas-kertamanah-16-juni-2021', '2021-07-17 16:02:20', '2021-07-17 16:02:20', NULL),
(30, 'Lomba INTSA 2021, 27 Mei 2021', 'images/gallery/1tPToZFUngPujXw6a7ik5LEDrlhw6O4TLpBGiub1.jpg', 'lomba-intsa-2021-27-mei-2021', '2022-02-02 13:29:49', '2022-02-02 13:32:51', NULL);

-- --------------------------------------------------------

--
-- Table structure for table `image_division`
--

CREATE TABLE `image_division` (
  `id` bigint(20) UNSIGNED NOT NULL,
  `division_id` bigint(20) UNSIGNED NOT NULL,
  `image` varchar(255) COLLATE utf8mb4_unicode_ci NOT NULL,
  `created_at` timestamp NULL DEFAULT NULL,
  `updated_at` timestamp NULL DEFAULT NULL,
  `deleted_at` timestamp NULL DEFAULT NULL
) ENGINE=InnoDB DEFAULT CHARSET=utf8mb4 COLLATE=utf8mb4_unicode_ci;

--
-- Dumping data for table `image_division`
--

INSERT INTO `image_division` (`id`, `division_id`, `image`, `created_at`, `updated_at`, `deleted_at`) VALUES
(1, 2, 'images/ImageDivision/4kMzp13XywdEcY1kHYkXgLYmupds5ByAzZD89x2e.png', '2021-05-10 04:59:13', '2021-05-20 07:21:49', '2021-05-20 07:21:49'),
(2, 1, 'images/ImageDivision/u00gWWVO791SNzd2UebU6pDpOYfgDrGXfqJuogqR.png', '2021-05-20 06:46:33', '2021-06-02 12:19:17', '2021-06-02 12:19:17'),
(3, 1, 'images/ImageDivision/Qg05Dvg6BDjfs0Ld4SNmroJZwTKwVCvmnfs8TeRb.png', '2021-05-20 06:47:13', '2021-05-20 07:26:30', '2021-05-20 07:26:30'),
(4, 1, 'images/ImageDivision/KRgUcgVFOICkwU7JG8shvk7XiYRa0f2LmFpF3LM7.png', '2021-05-20 06:48:05', '2021-06-02 12:19:17', '2021-06-02 12:19:17'),
(5, 2, 'images/ImageDivision/JZdBNm3giPpbRcbMvC0k6ayBA5lQIbGyCEkUOMcH.png', '2021-05-20 07:22:27', '2021-06-02 12:19:17', '2021-06-02 12:19:17'),
(6, 2, 'images/ImageDivision/gwNFBhSLpKxX5SpFkJFM04nbuzuNhWN4ELRx1Gl9.png', '2021-05-20 07:22:42', '2021-06-02 12:19:17', '2021-06-02 12:19:17'),
(7, 2, 'images/ImageDivision/h2OheOpBtR4HCXxBCMfKgFKDTroNbvE3MVn6ngi8.png', '2021-05-20 07:23:15', '2021-06-02 12:19:17', '2021-06-02 12:19:17'),
(8, 2, 'images/ImageDivision/LQXHW0EV4feBLRr7ZU5FZfGKfNUnIkparz44cHxM.png', '2021-05-20 07:23:26', '2021-06-02 12:19:17', '2021-06-02 12:19:17'),
(9, 2, 'images/ImageDivision/PguA4oeKilNNeA1BiGq7xVKgMHVTtL5BYkaSqTmT.png', '2021-05-20 07:24:12', '2021-06-02 12:19:17', '2021-06-02 12:19:17'),
(10, 2, 'images/ImageDivision/g29zFtCp0uxgSN5aRLNkrLhTGWwL9Z0zdm5LTRN4.png', '2021-05-20 07:24:31', '2021-06-02 12:19:17', '2021-06-02 12:19:17'),
(11, 2, 'images/ImageDivision/59FHfuYy3OpsXNJTX4zV8jkNEHFfnx5h5iEgp0Bo.png', '2021-05-20 07:25:33', '2021-06-02 12:19:17', '2021-06-02 12:19:17'),
(12, 1, 'images/ImageDivision/xmBUpHufk4sgV0krOWRUqjfPAflGXDOjsQcxeoRk.png', '2021-05-20 07:27:09', '2021-06-02 12:19:17', '2021-06-02 12:19:17'),
(13, 7, 'images/ImageDivision/oRwNV1AeY3I1EKJXLjNGIWSaeOBrUupxBlK2UyyO.png', '2021-05-20 07:27:41', '2021-06-02 12:19:27', '2021-06-02 12:19:27'),
(14, 7, 'images/ImageDivision/mEl1mmMeRHHG0PO6AbRWIQYHQo5V0KC8LiS3t30o.png', '2021-05-20 07:27:51', '2021-06-02 12:19:27', '2021-06-02 12:19:27'),
(15, 7, 'images/ImageDivision/FFyITBVDOgyhlDlUAULrIo44ZFGi4oRgo20DJ9jw.png', '2021-05-20 07:28:15', '2021-06-02 12:19:27', '2021-06-02 12:19:27'),
(16, 7, 'images/ImageDivision/anVWks4It1XvEdNTT2BM8ehFcssKsYOQS5GvGf7U.png', '2021-05-20 07:28:22', '2021-06-02 12:19:27', '2021-06-02 12:19:27'),
(17, 7, 'images/ImageDivision/6KBHdvj6L09Diogz0RoqRBqNeMnIGc9R4Fxii1sD.png', '2021-05-20 07:28:44', '2021-06-02 12:19:27', '2021-06-02 12:19:27'),
(18, 1, 'images/ImageDivision/HpAq71ZkeuS8MDIStFbOps0nIIRubRTVRkKBiY8j.png', '2021-06-02 09:15:22', '2021-06-02 12:19:27', '2021-06-02 12:19:27'),
(19, 1, 'images/ImageDivision/tbFgtTm472w94ZJekrSafIsIpkYRN4fnBAgYR9zg.png', '2021-06-02 09:15:33', '2021-06-02 12:19:27', '2021-06-02 12:19:27'),
(20, 1, 'images/ImageDivision/ySqevjaZxemZ5Nd0uTNDTIMbtFNYinLMYHNdSeQr.png', '2021-06-02 09:15:54', '2021-06-02 12:19:27', '2021-06-02 12:19:27'),
(21, 1, 'images/ImageDivision/dLSUf04qwIKk4cnTj9wiGffviRxrdDh1T9ytqEu7.png', '2021-06-02 12:19:48', '2021-06-02 14:50:58', '2021-06-02 14:50:58'),
(22, 1, 'images/ImageDivision/TYVeknJmbRAB3N2Tru726HZ1tReYOka12Ir44FaQ.png', '2021-06-02 12:20:15', '2021-06-02 14:50:58', '2021-06-02 14:50:58'),
(23, 1, 'images/ImageDivision/rCLFfz8ayNH8gQ1paPziFuoS7NppN79UkOjUddZv.png', '2021-06-02 12:20:34', '2021-06-02 14:50:58', '2021-06-02 14:50:58'),
(24, 7, 'images/ImageDivision/hnyE03RWGNdRWMmEP9Ic5f5gpjLiE3Nf5gqJqyiq.png', '2021-06-02 14:51:10', '2021-06-02 14:51:15', '2021-06-02 14:51:15'),
(25, 7, 'images/ImageDivision/n5NASRQuQe3AiWnSZ6HkGE6qsnYsqOsfGqN4uKE6.png', '2021-06-02 14:51:30', '2021-06-02 14:52:27', '2021-06-02 14:52:27'),
(26, 7, 'images/ImageDivision/pKK1IFTjfcpSlSKLiuaIs0eSVQRx7OEIRZXX6C7Z.png', '2021-06-02 14:51:39', '2021-06-02 14:52:27', '2021-06-02 14:52:27'),
(27, 7, 'images/ImageDivision/wkanuA8T5Mvw9drk7xU3pikG0HZoTD2Bjng7zYgm.png', '2021-06-02 14:52:13', '2021-06-02 14:52:27', '2021-06-02 14:52:27'),
(28, 7, 'images/ImageDivision/dgAfpr2o4vQBxuYJpw0I1D7oPDHkFz4VD408OYZS.png', '2021-06-02 14:52:36', '2021-06-02 14:52:36', NULL),
(29, 7, 'images/ImageDivision/yz1QV7nqlxbDsgFiwOQp0NzmvDxTR2zDdDWNYJ0h.png', '2021-06-02 14:52:46', '2021-06-02 14:52:46', NULL),
(30, 7, 'images/ImageDivision/78XbvBR9gKgeGcMHrVwZQTa0MzmlmWhOv8zg5dfD.png', '2021-06-02 14:52:52', '2021-06-02 14:52:52', NULL),
(31, 7, 'images/ImageDivision/BKrhaKx6JOi1w6NctBAN7Izh3Oj9k22S63vKjMjw.png', '2021-06-02 14:52:57', '2021-06-02 14:52:57', NULL),
(32, 7, 'images/ImageDivision/4Kcb7PStDIVlRFfTTlHF6Nx6RBjUw3w4RuisptFO.png', '2021-06-02 14:53:05', '2021-06-02 14:53:14', '2021-06-02 14:53:14'),
(33, 7, 'images/ImageDivision/gQQM5DwaINAhDbUcK5cFHjHmuyac9gryxUiGxzhq.png', '2021-06-02 14:53:19', '2021-06-02 14:53:19', NULL),
(34, 7, 'images/ImageDivision/fWUxr6wLEEneUMeVopqM3UDO0HLnaDfHunWCkkcC.png', '2021-06-02 14:53:25', '2021-06-02 14:53:25', NULL),
(35, 2, 'images/ImageDivision/9sAnnFM1woNGThAeZ3TTKNF07uYP6UFR63ja3gcf.png', '2021-06-02 14:55:48', '2021-06-02 14:55:48', NULL),
(36, 2, 'images/ImageDivision/bErRB41VCJLoN5t0ZfJfAbrJwiVh9q025mQURUr3.png', '2021-06-02 14:56:02', '2021-06-02 14:56:02', NULL),
(37, 2, 'images/ImageDivision/bWcYkQelCC1jGHS18ijLPQXAUwMGWL3RgSFoEsO3.png', '2021-06-02 14:56:07', '2021-06-02 14:56:07', NULL),
(38, 2, 'images/ImageDivision/rsMS9qrbgWdyWqc4v3baHekOSawBIlvET81myKGJ.png', '2021-06-02 14:56:21', '2021-06-02 14:56:21', NULL),
(39, 2, 'images/ImageDivision/emI19RX6VGWx8Sy5ncGpifXUtr49QZ22NjsRofIA.png', '2021-06-02 14:56:26', '2021-06-02 14:56:26', NULL),
(40, 2, 'images/ImageDivision/jOfeUdssz5FaTmb7tOqVSFDqnyhqYx5zoI2AZ0j0.png', '2021-06-02 14:57:32', '2021-06-02 14:57:32', NULL),
(41, 2, 'images/ImageDivision/gbrm04jlh4hx9QYekE2qlLBUZNJ0TipCcbT78nhc.png', '2021-06-02 14:57:37', '2021-06-02 14:57:37', NULL),
(42, 1, 'images/ImageDivision/W2IfxNBUW7cwLn6VUv72ewFZynqHwgEN8RXmFpXk.png', '2021-06-02 14:59:46', '2021-06-02 14:59:46', NULL),
(43, 1, 'images/ImageDivision/YrPRs0QNQZpWvU6E71yi5YewqKo7CqWIU97xdkcO.png', '2021-06-02 14:59:51', '2021-06-02 14:59:51', NULL),
(44, 1, 'images/ImageDivision/M9gmDWy3GO30FSrV1htxROVEDGgQZcOW4bUC5u2L.png', '2021-06-02 14:59:56', '2021-06-02 14:59:56', NULL);

-- --------------------------------------------------------

--
-- Table structure for table `image_gallery`
--

CREATE TABLE `image_gallery` (
  `id` bigint(20) UNSIGNED NOT NULL,
  `gallery_id` bigint(20) UNSIGNED NOT NULL,
  `image` varchar(255) COLLATE utf8mb4_unicode_ci NOT NULL,
  `created_at` timestamp NULL DEFAULT NULL,
  `updated_at` timestamp NULL DEFAULT NULL,
  `deleted_at` timestamp NULL DEFAULT NULL
) ENGINE=InnoDB DEFAULT CHARSET=utf8mb4 COLLATE=utf8mb4_unicode_ci;

--
-- Dumping data for table `image_gallery`
--

INSERT INTO `image_gallery` (`id`, `gallery_id`, `image`, `created_at`, `updated_at`, `deleted_at`) VALUES
(11, 1, 'images/ImageGalleries/XRvPTxXw11O0sGyaMU7aRvbOyEFsqViKKGBTaIi9.png', '2021-06-02 14:39:04', '2021-06-02 14:39:04', NULL),
(14, 1, 'images/ImageGalleries/0tDMpWfXrlJvaSqzrJMNTj1MBWuy1Z201nuQ9kRU.png', '2021-06-02 14:41:20', '2021-06-02 14:41:20', NULL),
(16, 1, 'images/ImageGalleries/ndn3bOwKeSc5CHcOFMhIvjoFno36sMm1v3ZdWt0u.png', '2021-06-02 14:41:31', '2021-06-02 14:41:31', NULL),
(17, 1, 'images/ImageGalleries/GTp3rP1zVhgSBCVjxOqDc9SFLEWEkBjAHHq3w2tL.png', '2021-06-02 14:41:40', '2021-06-02 14:41:40', NULL),
(18, 1, 'images/ImageGalleries/Futz1Y6Io9AmCgeCxy0FVKnOZfrNfnZIKrSGJLfA.png', '2021-06-02 14:41:48', '2021-06-02 14:41:48', NULL),
(19, 1, 'images/ImageGalleries/kb71CqQxOH2nS0TVrtyw1NfOXiVFVhKQgxcFuSxq.png', '2021-06-02 14:41:57', '2021-06-02 14:41:57', NULL),
(20, 1, 'images/ImageGalleries/kKQRvnJZzGVyGjl1DhKWYxOTlrZdCXozVDJ9Ww9S.png', '2021-06-02 14:42:06', '2021-06-02 14:42:06', NULL),
(21, 1, 'images/ImageGalleries/4oTIiDyOOmLbXVeMqfa8HydOhmgdhAZywJMfmClT.png', '2021-06-02 14:42:17', '2021-06-02 14:42:17', NULL),
(22, 1, 'images/ImageGalleries/E8i1HbNdCEb7huuvp0yYXeaHtVgPASsn32NOT4Ys.png', '2021-06-02 14:43:01', '2021-06-02 14:43:01', NULL),
(24, 4, 'images/ImageGalleries/xhf9lR3qBrwPalG2DPPd7XQ9Vc14R288do9Kn15J.jpg', '2021-06-04 02:56:40', '2021-06-04 02:56:40', NULL),
(25, 4, 'images/ImageGalleries/Se2durJgL85wVqYreYrhcM3LWdG8glKz4O19YclE.jpg', '2021-06-04 02:56:54', '2021-06-04 02:56:54', NULL),
(26, 4, 'images/ImageGalleries/w7qaE96XaNsmARj5RWwVH2C2btFch0alZaAZNsze.jpg', '2021-06-04 02:57:05', '2021-06-04 02:57:05', NULL),
(27, 4, 'images/ImageGalleries/8DVABDwcE8lDn4gK3OvGSUagL8FadPPOHWSYAp7z.jpg', '2021-06-04 02:57:26', '2021-06-04 02:57:26', NULL),
(29, 4, 'images/ImageGalleries/LUVYLpXq2Q4D3AakcBT1Xse5gZnqRES2cT0hFxqq.jpg', '2021-06-04 02:57:49', '2021-06-04 02:57:49', NULL),
(30, 4, 'images/ImageGalleries/ZanOtNUwgdztu7gS5rxmPFWJ7jKoEEgALNkTJH2V.jpg', '2021-06-04 03:00:36', '2021-06-04 03:00:36', NULL),
(31, 5, 'images/ImageGalleries/SSYL6B3fcuiSgBVmDe9rz80xzF7HgsGE7jiPGiIh.jpg', '2021-06-04 03:31:36', '2021-06-04 03:31:36', NULL),
(32, 5, 'images/ImageGalleries/jDN2xResm7sn9P14ZWYvBaDO7QtgbpFKirXUsP2y.jpg', '2021-06-04 03:31:45', '2021-06-04 03:31:45', NULL),
(33, 5, 'images/ImageGalleries/DOt4uV6idupUBuvpo0LaYCPadMNCsVXa9JSMoMut.jpg', '2021-06-04 03:31:56', '2021-06-04 03:31:56', NULL),
(34, 5, 'images/ImageGalleries/9W6mbt8G4eIzt9nFRNqM8UykW9kZt0g0FuXmOFGJ.jpg', '2021-06-04 03:32:06', '2021-06-04 03:32:06', NULL),
(35, 5, 'images/ImageGalleries/buea934jFYR1krwhoIuABMMz9w90mZQmoxulPKRg.jpg', '2021-06-04 03:32:13', '2021-06-04 03:32:13', NULL),
(36, 5, 'images/ImageGalleries/Iy2BUHPMjrmvidYPYMWMu55vujgarn9Kc57j2RHy.jpg', '2021-06-04 03:32:25', '2021-06-04 03:32:25', NULL),
(37, 5, 'images/ImageGalleries/opgQfD2ijUKALIXQfc808mB8IdK6UfiPdsGutVpR.jpg', '2021-06-04 03:32:45', '2021-06-04 03:32:45', NULL),
(38, 5, 'images/ImageGalleries/XPQ4lGJbXKpr7ckdjMCcRMYExdlq6kyYLRQHXCna.jpg', '2021-06-04 03:32:53', '2021-06-04 03:32:53', NULL),
(39, 5, 'images/ImageGalleries/zvAFSssUzsieIaGPYN8jEge7v0BIzrQ5fPkZ3h33.jpg', '2021-06-04 03:33:03', '2021-06-04 03:33:03', NULL),
(40, 5, 'images/ImageGalleries/zhZzo9vCB9SIIVSDFdzxfh3NDstBo3MWlSdOmZ7n.jpg', '2021-06-04 03:34:39', '2021-06-04 03:34:39', NULL),
(41, 5, 'images/ImageGalleries/brfqHOVCCTKgdK4fDPnLEEujXce3YDcvbWjKVtmX.jpg', '2021-06-04 03:34:47', '2021-06-04 03:34:47', NULL),
(42, 5, 'images/ImageGalleries/4n6ygX7KGsXARb2ltyYC9qchREHsHwLbbQcUhyJt.jpg', '2021-06-04 03:35:50', '2021-06-04 03:35:50', NULL),
(43, 3, 'images/ImageGalleries/IaKm13wbXolmegQ8vf7EHlFuj4fnDES10g1RyIHQ.jpg', '2021-06-04 03:36:53', '2021-06-04 03:36:53', NULL),
(44, 3, 'images/ImageGalleries/onPmQ6d3dd35QTzpyaoMBliGbQNk9MgqEY1GW6je.jpg', '2021-06-04 03:36:59', '2021-06-04 03:36:59', NULL),
(45, 3, 'images/ImageGalleries/CS0HBfhL6VMNTNrNUcxU2eXRDqyYaX1dkORmYogF.jpg', '2021-06-04 03:37:16', '2021-06-04 03:37:16', NULL),
(46, 3, 'images/ImageGalleries/pMFb4x7ENoUXoFCxowciShM6wQEerfH32acLJp4S.jpg', '2021-06-04 03:37:40', '2021-06-04 03:37:40', NULL),
(47, 3, 'images/ImageGalleries/1gSo3oi93Qm7MhZ8r5Xuygj08jJEpYL4RysSiFbM.jpg', '2021-06-04 03:37:47', '2021-06-04 03:37:47', NULL),
(48, 3, 'images/ImageGalleries/JcPxBeaPXHtAfEtZloG77thcg59nQYNiarN4P1rv.jpg', '2021-06-04 03:37:59', '2021-06-04 03:37:59', NULL),
(49, 3, 'images/ImageGalleries/5AYXA3TLBzk3iSrz5oYSjIXTgqO2r7ZEGu4csmoh.jpg', '2021-06-04 03:38:09', '2021-06-04 03:38:09', NULL),
(50, 3, 'images/ImageGalleries/nBHmr3UiKwZnivU8l2TbtvnlMk9VE3HWrnRTP1v6.jpg', '2021-06-04 03:38:27', '2021-06-04 03:38:27', NULL),
(51, 3, 'images/ImageGalleries/ThzfLUCoM5DccabR1V4jdLU2csUtc1EDgWmRceO6.jpg', '2021-06-04 03:38:34', '2021-06-04 03:38:34', NULL),
(52, 3, 'images/ImageGalleries/DpKCrXmfnJYAF1FXCVxREl5l4QQFwF0DlQmTFMfI.jpg', '2021-06-04 03:38:46', '2021-06-04 03:38:46', NULL),
(53, 7, 'images/ImageGalleries/qieZYpjS6Zew1V4fvgIQqXwhNw24uNXfIZ7OTzwa.png', '2021-06-04 03:49:27', '2021-06-04 03:49:27', NULL),
(54, 7, 'images/ImageGalleries/FbOBaKGf72EPsSIwhKf58THpcPA6zdN6tdZOAqMu.png', '2021-06-04 03:49:40', '2021-06-04 03:49:40', NULL),
(56, 7, 'images/ImageGalleries/XkgJYqumwQxheprXAXcrRmXttzMVBHX4L1D5Eddb.png', '2021-06-04 03:50:33', '2021-06-04 03:50:33', NULL),
(57, 7, 'images/ImageGalleries/IuL0ylhfTv1FQsuTVgJsMVl1WLwdpZFtUcUJ3m5p.png', '2021-06-04 03:50:44', '2021-06-04 03:50:44', NULL),
(58, 7, 'images/ImageGalleries/yQcMerH1Xj7YPat7y1mW5jBswgU4Ju7evLitbNxX.png', '2021-06-04 03:51:22', '2021-06-04 03:51:22', NULL),
(59, 7, 'images/ImageGalleries/jyzUQ86jSY6laIUNL7EqNNgVBKo50BC2kr5LjdcC.png', '2021-06-04 03:51:42', '2021-06-04 03:51:42', NULL),
(60, 7, 'images/ImageGalleries/0RNR68Jt7ePnJHwFRDMXbiGvj2Yaq7dadQfljNXf.png', '2021-06-04 03:51:56', '2021-06-04 03:51:56', NULL),
(62, 7, 'images/ImageGalleries/5PJv17ghTrfoEAgXk8VHxHAJzTvLNqXJMgbAjzzV.png', '2021-06-04 03:52:32', '2021-06-04 03:52:32', NULL),
(63, 7, 'images/ImageGalleries/UeISzgxmH0IoeoE9RWBynQF8ttCwBfVwCsMhfdgu.png', '2021-06-04 03:53:51', '2021-06-04 03:53:51', NULL),
(75, 4, 'images/ImageGalleries/OWQNWDyb4pIqcaBjA0FkhA1dS2nzmaKJjmCuyBDw.jpg', '2021-06-08 01:51:55', '2021-06-08 01:51:55', NULL),
(76, 4, 'images/ImageGalleries/SN7FkI7NDqrWJRo0GDQKOUFdOUfQq5gpWCB10Zia.jpg', '2021-06-08 01:52:02', '2021-06-08 01:52:02', NULL),
(77, 4, 'images/ImageGalleries/dJ0yExzDKyTnlKZwSJSd5wYg5X64Zs7Zo3sH09pD.jpg', '2021-06-08 01:52:07', '2021-06-08 01:52:07', NULL),
(78, 11, 'images/ImageGalleries/Frv0yeBnGxGYguy4uuEWudXNAq8PwkWaanavjmSk.jpg', '2021-06-10 02:14:42', '2021-06-10 02:14:42', NULL),
(79, 11, 'images/ImageGalleries/Fv7hCOe3k69MRV3tInSTdJXMT7PQJ1q830N5aI6T.jpg', '2021-06-10 02:14:50', '2021-06-10 02:14:50', NULL),
(80, 11, 'images/ImageGalleries/G28ps7xf7jGl3AnBf8T0sXfop3Rfk9STpDHwm983.jpg', '2021-06-10 02:14:54', '2021-06-10 02:14:54', NULL),
(81, 11, 'images/ImageGalleries/apBja9YpZxEI2iv0PnkhcukTj4A7cboHCJgkVlHD.jpg', '2021-06-10 02:15:07', '2021-06-10 02:15:07', NULL),
(82, 11, 'images/ImageGalleries/yO4e8OHHZsrFqMk1w39qKwVrtTdskHS8zQU0G20W.jpg', '2021-06-10 02:15:17', '2021-06-10 02:15:17', NULL),
(83, 11, 'images/ImageGalleries/1CPSs8ViekfYA0TPQtKQ5NSKJ7DjO3R5damRJrE7.jpg', '2021-06-10 02:15:25', '2021-06-10 02:15:25', NULL),
(84, 11, 'images/ImageGalleries/sxmNRkXXjReu6G8wpCqQn570D1mg69r4v4RNAqOm.jpg', '2021-06-10 02:15:30', '2021-06-10 02:15:30', NULL),
(85, 11, 'images/ImageGalleries/GrLZFAyDRz7I00Fi6PLG77oirYkz4hun32otZuoE.jpg', '2021-06-10 02:15:37', '2021-06-10 02:15:37', NULL),
(86, 11, 'images/ImageGalleries/rJzd0OHrsTCX0ZCo0Qubzo6Kis9jcMTmR2rUU4zW.jpg', '2021-06-10 02:15:43', '2021-06-10 02:15:43', NULL),
(97, 12, 'images/ImageGalleries/eVqS2RxPfiaifcIQ69uexOZTHxaLYHQuIv0qFkUW.jpg', '2021-06-10 03:03:31', '2021-06-10 03:03:31', NULL),
(98, 12, 'images/ImageGalleries/YQZw0qzqKwCupIeXPtKc2ARwXc7ePp4YPGdk3XWZ.jpg', '2021-06-10 03:03:39', '2021-06-10 03:03:39', NULL),
(99, 12, 'images/ImageGalleries/nd6O34Efa8G1Mr4VyJE1YPYPplbSLEuudwXxKPQJ.jpg', '2021-06-10 03:03:44', '2021-06-10 03:03:44', NULL),
(100, 12, 'images/ImageGalleries/cTtKOYVLuwLHlXm9gLLwbnNoDXZrmL7PjNA3xFY3.jpg', '2021-06-10 03:03:49', '2021-06-10 03:03:49', NULL),
(101, 12, 'images/ImageGalleries/ou89gh5TLfae6umQEyiSUpCz1K4QnIv1egMzdOa4.jpg', '2021-06-10 03:03:54', '2021-06-10 03:03:54', NULL),
(102, 12, 'images/ImageGalleries/9S5nEAM7Tzg1OxKdGG6vrXWWqbpYOcyUn3bmBB1R.jpg', '2021-06-10 03:03:59', '2021-06-10 03:03:59', NULL),
(103, 12, 'images/ImageGalleries/NHlLvhwRQHcZGmf77op4MhQmsxQaJ3TWUXvZjA5H.jpg', '2021-06-10 03:04:06', '2021-06-10 03:04:06', NULL),
(104, 12, 'images/ImageGalleries/nab853nBxDDNc803RNNcNPZDJas0gTVXRYKHSoHE.jpg', '2021-06-10 03:04:13', '2021-06-10 03:04:13', NULL),
(105, 12, 'images/ImageGalleries/RHGVinVAVJRsie4vGhwrmplXFztM3X7vzQYzrciR.jpg', '2021-06-10 03:04:19', '2021-06-10 03:04:19', NULL),
(106, 13, 'images/ImageGalleries/vVpYhnUXmrhuSayqpVGLq6nRh7AQQtJoNr6DtUu5.jpg', '2021-06-14 02:32:49', '2021-06-14 02:32:49', NULL),
(107, 13, 'images/ImageGalleries/xrX19xuUjlRNBdxnBb9A5t8tGT6L2TxbI6cmc2In.jpg', '2021-06-14 02:33:13', '2021-06-14 02:33:13', NULL),
(108, 13, 'images/ImageGalleries/hgUlMvyo8XB3J4iVBkWoyRa0xPU9IoDEU3UDWObW.jpg', '2021-06-14 02:33:23', '2021-06-14 02:33:23', NULL),
(109, 13, 'images/ImageGalleries/KjzLIKb7OY9cDm0x7kOdGHbt2tiDsQr9wjyogZ14.jpg', '2021-06-14 02:33:50', '2021-06-14 02:33:50', NULL),
(110, 13, 'images/ImageGalleries/ULdVoR6MNasdGvHCbYGuiLciZiXsa6ufFVpzry5o.jpg', '2021-06-14 02:33:59', '2021-06-14 02:33:59', NULL),
(111, 13, 'images/ImageGalleries/Kl6x6PDzG82ZY1axCoNKErTP1oQraf6eJx3KgGcH.jpg', '2021-06-14 02:34:55', '2021-06-14 02:34:55', NULL),
(112, 13, 'images/ImageGalleries/oAE0gEyPYok3flv35CCwEirP22ycu5ab6SvxS1H7.jpg', '2021-06-14 02:35:25', '2021-06-14 02:35:25', NULL),
(113, 13, 'images/ImageGalleries/0d23hIqaLRxafWry3lgwFM1IWBfinQNgH2qbvHce.jpg', '2021-06-14 02:35:36', '2021-06-14 02:35:36', NULL),
(114, 13, 'images/ImageGalleries/gBOi4OKojEkXtWwNoNqNXEkMfL2i6dPEhcp37DeN.jpg', '2021-06-14 02:35:44', '2021-06-14 02:35:44', NULL),
(115, 14, 'images/ImageGalleries/8DVqCk8xriMtfj5PU1EjFEVXA1ZfbS8i3rFp5aBq.jpg', '2021-06-14 02:48:30', '2021-06-14 02:48:30', NULL),
(116, 14, 'images/ImageGalleries/xplP89YtauTkQ0Q80ks6R13v6i8bbgGAWt2OY6t5.jpg', '2021-06-14 02:48:47', '2021-06-14 02:48:47', NULL),
(117, 14, 'images/ImageGalleries/8xc2Odoijlkhj68pnsVnDMSSyHT2BAiL7R6ZTI7C.jpg', '2021-06-14 02:48:57', '2021-06-14 02:48:57', NULL),
(118, 15, 'images/ImageGalleries/KJXuuYK6kaY4pEFzp31whFfJp1UmBzCmD3cu2i6A.jpg', '2021-06-14 02:50:47', '2021-06-14 02:50:47', NULL),
(119, 15, 'images/ImageGalleries/j6RrM8xHho3yY8DM2zZLD7vfBpacko6BXc3iEGSP.jpg', '2021-06-14 02:50:55', '2021-06-14 02:50:55', NULL),
(120, 15, 'images/ImageGalleries/4XpjG5tIAZQ6RJjS2ludqeVWWSL9WBKPdsPnActw.jpg', '2021-06-14 02:51:01', '2021-06-14 02:51:01', NULL),
(121, 15, 'images/ImageGalleries/vtyTASh0jHYpOewisJ84yuxQRE6NDuBkEoBr4yIN.jpg', '2021-06-14 02:51:07', '2021-06-14 02:51:07', NULL),
(122, 15, 'images/ImageGalleries/ZCDdH6A28CMjFHFA3zUoOMCak7iXb8E4Cj7Ffdbm.jpg', '2021-06-14 02:51:13', '2021-06-14 02:51:13', NULL),
(123, 15, 'images/ImageGalleries/c0mfYEWhSXVZ2TU2PzE5mCHMXZFsitryC3aGCmuD.jpg', '2021-06-14 02:51:23', '2021-06-14 02:51:23', NULL),
(124, 15, 'images/ImageGalleries/DJGhFWwWR5pBMRQIt3rPdOBftRP1ay704apMpybl.jpg', '2021-06-14 02:51:28', '2021-06-14 02:51:28', NULL),
(125, 15, 'images/ImageGalleries/ur8QcUNcmoNnTV56ATLsvHPOT2bOgkjVrIa8LT6K.jpg', '2021-06-14 02:51:35', '2021-06-14 02:51:35', NULL),
(126, 15, 'images/ImageGalleries/IFl0pts5BF0qP5f0N9k8gnrSlUAt4bKKWGgJpp1a.jpg', '2021-06-14 02:52:16', '2021-06-14 02:52:16', NULL),
(127, 16, 'images/ImageGalleries/414ezrFhFOdFQffY7A4yknsglkDSlMgqQ08cbNrZ.jpg', '2021-06-14 03:08:31', '2021-06-14 03:08:31', NULL),
(128, 16, 'images/ImageGalleries/gTHoG8pDF62mNLUAGQya0I3rf94OKoI3KNXjDCYW.jpg', '2021-06-14 03:08:54', '2021-06-14 03:08:54', NULL),
(129, 16, 'images/ImageGalleries/1S2HtYaO6WZ7JTeQOuBq6u4ElNP7mWaY1d96x8hT.jpg', '2021-06-14 03:09:12', '2021-06-14 03:09:12', NULL),
(130, 16, 'images/ImageGalleries/kFcaK1cRDgDkWZjSiXy6R7UFLjrdocwVZqN1zmwo.jpg', '2021-06-14 03:09:49', '2021-06-14 03:09:49', NULL),
(131, 16, 'images/ImageGalleries/SR58iwcO2Fuy5vKya1beae2rFY7ftDC0boU9Ujxf.jpg', '2021-06-14 03:10:13', '2021-06-14 03:10:13', NULL),
(132, 16, 'images/ImageGalleries/ZJcmbA79djINo67D02xN3Whj0kwa4GjIshracNTJ.jpg', '2021-06-14 03:10:27', '2021-06-14 03:10:27', NULL),
(133, 16, 'images/ImageGalleries/cEMKJexV830FNgBDJpQZe4c1ix60irdlP4i4GKS5.jpg', '2021-06-14 03:10:36', '2021-06-14 03:10:36', NULL),
(134, 16, 'images/ImageGalleries/76BAs1MqqqY2e3Y43jD1YHtobn5J01DmVyV3eOKX.jpg', '2021-06-14 03:10:58', '2021-06-14 03:10:58', NULL),
(135, 16, 'images/ImageGalleries/zuetNMM7md30AxmSRjowVaDvnA7c19z1ouBu3w48.jpg', '2021-06-14 03:11:20', '2021-06-14 03:11:20', NULL),
(136, 16, 'images/ImageGalleries/VqfbHFpmFCJ97uZQXGrqCuu2CWNMqEUJpwXwbCeP.jpg', '2021-06-14 03:12:02', '2021-06-14 03:12:02', NULL),
(137, 16, 'images/ImageGalleries/KskHRtqEiv4zTn42wHUaovk1wedkF1jpRAOd2vER.jpg', '2021-06-14 03:12:13', '2021-06-14 03:12:13', NULL),
(138, 16, 'images/ImageGalleries/CObrz5wIl1S6xuTYpTkKRwTuGWKOAeUGfxaDO5UO.jpg', '2021-06-14 03:12:37', '2021-06-14 03:12:37', NULL),
(139, 17, 'images/ImageGalleries/LkJmdscRKYvPcOajNkCJGxJm4Knau4v838E6mOwi.jpg', '2021-06-14 03:18:25', '2021-06-14 03:18:25', NULL),
(140, 17, 'images/ImageGalleries/K5e0LpvuzA73yWXXqdn0tFH4chYqasR0H6EdSvqC.jpg', '2021-06-14 03:18:30', '2021-06-14 03:18:30', NULL),
(141, 17, 'images/ImageGalleries/3D5KJbxXxgAI7qURRtqt1CsUZvxyZTuqMmhhVol5.jpg', '2021-06-14 03:18:37', '2021-06-14 03:18:37', NULL),
(142, 17, 'images/ImageGalleries/vnvkIgbDtWgHSFWFo2MtzFm7cJKSc40ZYGr9WT3Z.jpg', '2021-06-14 03:18:42', '2021-06-14 03:18:42', NULL),
(143, 17, 'images/ImageGalleries/Au1UpRfqnlojtkuZ2oFfo5YR76I7xopcB7GTv1I8.jpg', '2021-06-14 03:18:47', '2021-06-14 03:18:47', NULL),
(144, 17, 'images/ImageGalleries/cbOpN6VOJlJxLTXsu5Q100xAUZMeYaUpggNHGBhw.jpg', '2021-06-14 03:18:56', '2021-06-14 03:18:56', NULL),
(145, 17, 'images/ImageGalleries/7ego904JLrJ1FzCCKYcrltcKYiBXuDwaQZN30xSg.jpg', '2021-06-14 03:19:01', '2021-06-14 03:19:01', NULL),
(146, 17, 'images/ImageGalleries/LyTbasyyziT9yLwW96rlagEJXnxF61wWYdchlcY9.jpg', '2021-06-14 03:19:26', '2021-06-14 03:19:26', NULL),
(147, 19, 'images/ImageGalleries/w5ajZaDUECbVPMmTWPPNteIdUpXCPVj21OH6YGdr.jpg', '2021-06-14 03:23:10', '2021-06-14 03:23:10', NULL),
(148, 19, 'images/ImageGalleries/ePhQ1f7JOLmlrSDFAzznXH0bOHANRwHBULOeipao.jpg', '2021-06-14 03:23:20', '2021-06-14 03:23:20', NULL),
(149, 19, 'images/ImageGalleries/UQt9o1S521NY5Hwi2F5ZT2N7UFry6MKEDZ3cTufd.jpg', '2021-06-14 03:23:25', '2021-06-14 03:23:25', NULL),
(150, 19, 'images/ImageGalleries/kM8UDOzye8ByWLc7XKz50VhwoK1tG2K8bO0XX5C6.jpg', '2021-06-14 03:23:30', '2021-06-14 03:23:30', NULL),
(151, 19, 'images/ImageGalleries/rpfvxyq47GQVLPSby3fvnVoh6cthQzTdGQG2Y2Ng.jpg', '2021-06-14 03:23:35', '2021-06-14 03:23:35', NULL),
(152, 20, 'images/ImageGalleries/72ypaPZ0IC6SkI6VpdoCEbzHGVZF0RrjdW8r59vS.jpg', '2021-07-08 06:39:21', '2021-07-08 06:39:21', NULL),
(156, 20, 'images/ImageGalleries/5JcN6BgluYVe1CAICV7Jbzby7zO7ivwMDWXkauRm.jpg', '2021-07-08 06:44:42', '2021-07-08 06:44:42', NULL),
(157, 20, 'images/ImageGalleries/kG12VZ7zcwYc1BLjhgzSAfaslrWwrJBCaPeN5DGS.jpg', '2021-07-08 06:45:07', '2021-07-08 06:45:07', NULL),
(158, 20, 'images/ImageGalleries/gW7Umcca9OK3z024ywEcab2KwfLXc4FAWrp9ZnWO.jpg', '2021-07-08 06:45:24', '2021-07-08 06:45:24', NULL),
(159, 20, 'images/ImageGalleries/9qkZ7xhg1S7zKho7E9Vru6xPN0B2NpW29QQDS4N5.jpg', '2021-07-08 06:45:34', '2021-07-08 06:45:34', NULL),
(160, 20, 'images/ImageGalleries/F8VXELGXP9uVekmL6EpxmG3pQmhcytJlfbrh8rIf.png', '2021-07-08 06:46:36', '2021-07-08 06:46:36', NULL),
(161, 21, 'images/ImageGalleries/HpSZmkJYxHmmYqGkBeWE1gxB0UB2rSUUiM0YRQqx.jpg', '2021-07-08 07:27:35', '2021-07-08 07:27:35', NULL),
(164, 21, 'images/ImageGalleries/A8XEKJ7o4krRFIpUksIOa2bWBvczA8Z9fXBpCPj2.jpg', '2021-07-08 07:29:20', '2021-07-08 07:29:20', NULL),
(166, 21, 'images/ImageGalleries/Kah5sxsyCeSZwX5uujBIc1wrrZAbI1QQ4rqb56pw.jpg', '2021-07-08 07:30:08', '2021-07-08 07:30:08', NULL),
(167, 21, 'images/ImageGalleries/cO9EWchxAKBK86tvt1WFwXDEO3j99LwANZ3GAPEw.jpg', '2021-07-08 07:31:07', '2021-07-08 07:31:07', NULL),
(170, 21, 'images/ImageGalleries/wU2swXZYrJ0jb94u6zZnxHVq3N3OpCokeyNkaf0i.jpg', '2021-07-08 07:32:50', '2021-07-08 07:32:50', NULL),
(172, 21, 'images/ImageGalleries/zeRxmgz18twolwEC7ngjXc9ss0iBISfxXs6OYG8J.jpg', '2021-07-08 07:33:58', '2021-07-08 07:33:58', NULL),
(173, 22, 'images/ImageGalleries/XSbCqvYEOG5r6f0qZwx4Gs9MaDCo3EwtgfOxQadJ.jpg', '2021-07-16 04:36:15', '2021-07-16 04:36:15', NULL),
(174, 22, 'images/ImageGalleries/zAH0vbKem2LFahmwCVVvfBFv9cHq9N5LgoutYFBn.jpg', '2021-07-16 04:36:36', '2021-07-16 04:36:36', NULL),
(175, 22, 'images/ImageGalleries/8gSd8HhfWN834aeqFpPPNRaRVOqUpdO8EAStsZTZ.jpg', '2021-07-16 04:36:42', '2021-07-16 04:36:42', NULL),
(176, 22, 'images/ImageGalleries/AbE1HdYYWT89lLNWImSoZovhfCSMJWqayjvAxWHp.jpg', '2021-07-16 04:36:47', '2021-07-16 04:36:47', NULL),
(177, 22, 'images/ImageGalleries/oFLjml9SrIapKr852Jj6p7FeZ7BWlqRVrRJ8aCch.png', '2021-07-16 04:36:58', '2021-07-16 04:36:58', NULL),
(178, 22, 'images/ImageGalleries/UeH6XKLORRKidgOJcD68xRh3RTakrXERfjoZ486g.png', '2021-07-16 04:37:04', '2021-07-16 04:37:04', NULL),
(179, 22, 'images/ImageGalleries/2T2UT654mLk5AJrYV7tCXhfsgO33oeQTRKpweeLA.jpg', '2021-07-16 04:39:24', '2021-07-16 04:39:24', NULL),
(180, 23, 'images/ImageGalleries/cV017QOTe7iy04ZyeRdzuyKrm1kUuz0kNohACdWo.jpg', '2021-07-16 06:09:21', '2021-07-16 06:09:21', NULL),
(181, 23, 'images/ImageGalleries/lNJu3gCafSrkAvyZqmBZO8Bjd8PqnCb65wm4jYqy.jpg', '2021-07-16 06:09:21', '2021-07-16 06:09:21', NULL),
(182, 23, 'images/ImageGalleries/WwS8BKJhNpeR392BfGyCct9YLr77NfvSFTiaXhNj.jpg', '2021-07-16 06:35:59', '2021-07-16 06:35:59', NULL),
(183, 23, 'images/ImageGalleries/rJuEq5NWirJjh9OHMtYpz1DW9ZpxDjHNYyVqQWx9.jpg', '2021-07-16 06:35:59', '2021-07-16 06:35:59', NULL),
(184, 23, 'images/ImageGalleries/NzfDTD8rWs2MfeeJRLarC2ACn4HSRdPvFmjagtwu.png', '2021-07-16 06:36:16', '2021-07-16 06:36:16', NULL),
(185, 23, 'images/ImageGalleries/4EbkNfGLcZFIjaIOVKqT1FoAu9gZPSujqjx8HK3W.png', '2021-07-16 06:36:26', '2021-07-16 06:36:26', NULL),
(186, 24, 'images/ImageGalleries/IxyiXG3tGrHBCkQXbbwGJBDM9YTrgTuf1fikt9dz.jpg', '2021-07-17 14:17:31', '2021-07-17 14:17:31', NULL),
(187, 24, 'images/ImageGalleries/zJ7qMNwfRnFuzApzTsv8z70ATz1AQipCYxjxUQ7M.jpg', '2021-07-17 14:18:14', '2021-07-17 14:18:14', NULL),
(188, 24, 'images/ImageGalleries/uGA98Pj534sTcqRBAIpkwTYWlQpG4sjuBF8GnU0K.jpg', '2021-07-17 14:18:24', '2021-07-17 14:18:24', NULL),
(189, 24, 'images/ImageGalleries/XJcVjFD7VTfD771G120iz2gLUUzhfpjCOwenJSEB.jpg', '2021-07-17 14:18:34', '2021-07-17 14:18:34', NULL),
(190, 24, 'images/ImageGalleries/UHHTZCeMMiqqKHvucNWjL64bmTP6L5F3ZFeMRwCQ.jpg', '2021-07-17 14:18:39', '2021-07-17 14:18:39', NULL),
(191, 24, 'images/ImageGalleries/Ms0kHFpmRquViWLMQq3JE1RpujIioA7n0DQaXjE4.jpg', '2021-07-17 14:18:49', '2021-07-17 14:18:49', NULL),
(192, 24, 'images/ImageGalleries/KyMoDoJQZCDqIfcCbdqdlkGnuR5phhx6N3ySLvNs.jpg', '2021-07-17 14:18:54', '2021-07-17 14:18:54', NULL),
(193, 24, 'images/ImageGalleries/kZeJwV3wG6V5Hpkt4KMCzGYslBeel9Unz6iwUeZX.jpg', '2021-07-17 14:19:02', '2021-07-17 14:19:02', NULL),
(194, 24, 'images/ImageGalleries/wZ0yj9MpSJBtQp6cMjrN0XlMGfuFvePo0ZJLiGwe.jpg', '2021-07-17 14:19:08', '2021-07-17 14:19:08', NULL),
(195, 25, 'images/ImageGalleries/EZhwIvrNdCi1klDokwONi9muGa1u0sMES4fFuomq.jpg', '2021-07-17 15:06:08', '2021-07-17 15:06:08', NULL),
(196, 25, 'images/ImageGalleries/rbIHN3rFkmP2axEcZyqwrEfytheMZRRwNc8M4j6h.jpg', '2021-07-17 15:06:14', '2021-07-17 15:06:14', NULL),
(197, 25, 'images/ImageGalleries/48T31GZrnjqZrogfe0TXTBGTIn3yy8RH3StEeqO4.jpg', '2021-07-17 15:06:21', '2021-07-17 15:06:21', NULL),
(198, 25, 'images/ImageGalleries/WF67b43OkkvS3BHBNGOMKKTfuyFY42EAP3QeSJR0.jpg', '2021-07-17 15:06:28', '2021-07-17 15:06:28', NULL),
(199, 25, 'images/ImageGalleries/CZM8E2YU9voMAeiIymGP2znpSOJzIowNyGFrg2SS.jpg', '2021-07-17 15:06:33', '2021-07-17 15:06:33', NULL),
(200, 25, 'images/ImageGalleries/kJotVe6wGEGG409SN2SNm6CpTLAb8ij6wLquhBKc.jpg', '2021-07-17 15:06:45', '2021-07-17 15:06:45', NULL),
(201, 25, 'images/ImageGalleries/IC0NQhlzrRFruA7FzMbXprl62TWt1JLB7dwE9eI5.jpg', '2021-07-17 15:07:30', '2021-07-17 15:07:30', NULL),
(202, 25, 'images/ImageGalleries/8eUbiDTdYPSNNlnCNYpUle14iTD3Bf2CWmDHwMSk.jpg', '2021-07-17 15:07:35', '2021-07-17 15:07:35', NULL),
(203, 25, 'images/ImageGalleries/lfujteuKj5zo1vZprOQ561o2qeoMjFJ5mI8EaOOe.jpg', '2021-07-17 15:07:39', '2021-07-17 15:07:39', NULL),
(204, 26, 'images/ImageGalleries/6VeHRGogEi7z4xH4FboK2ilNPRWD87mB05ycf4io.jpg', '2021-07-17 15:09:45', '2021-07-17 15:12:11', '2021-07-17 15:12:11'),
(205, 26, 'images/ImageGalleries/QnRTg4DOsTScJFjEza7ShwcH7MMYuyrB7U2nZtSi.jpg', '2021-07-17 15:09:51', '2021-07-17 15:12:11', '2021-07-17 15:12:11'),
(206, 26, 'images/ImageGalleries/G6V38tUWQ4GtptNqUC1tE5HwbTcelOVmAw1ShcGg.jpg', '2021-07-17 15:10:04', '2021-07-17 15:12:11', '2021-07-17 15:12:11'),
(207, 26, 'images/ImageGalleries/2nstLACUzUeblJPRUY4UCMAbdEQR0bcPwrg4sOyF.jpg', '2021-07-17 15:10:16', '2021-07-17 15:12:11', '2021-07-17 15:12:11'),
(208, 26, 'images/ImageGalleries/v2PkmP65FgBVJuZZu8ZV1I9oSLaTLXYaaK53ZNw2.jpg', '2021-07-17 15:10:20', '2021-07-17 15:12:11', '2021-07-17 15:12:11'),
(209, 26, 'images/ImageGalleries/bua35CTYK1T08OGyWneuvUDXg9tCt01sTylTVODx.jpg', '2021-07-17 15:10:25', '2021-07-17 15:12:11', '2021-07-17 15:12:11'),
(210, 27, 'images/ImageGalleries/HHEprwOQrKMUaDIitiD2S1HOCMOM1JpwXQFhRjTb.jpg', '2021-07-17 15:32:51', '2021-07-17 15:32:51', NULL),
(211, 27, 'images/ImageGalleries/i7MXUPQhyvoVsIazR9QfvFwTfJGUspdd07vGYuZY.jpg', '2021-07-17 15:32:58', '2021-07-17 15:32:58', NULL),
(212, 27, 'images/ImageGalleries/ohokQhW789QolnvzXXICF5Ub8H4ACvD5jCBwn084.jpg', '2021-07-17 15:33:05', '2021-07-17 15:33:05', NULL),
(213, 27, 'images/ImageGalleries/vPPdldxGvYjqPeetKfahvrZvEqsXBv7tnd9t4FqY.jpg', '2021-07-17 15:33:12', '2021-07-17 15:33:12', NULL),
(214, 28, 'images/ImageGalleries/1WJgunZdYfcvWQKocunR4yRvcWxIjvucULMmLu1Y.jpg', '2021-07-17 15:37:07', '2021-07-17 15:37:07', NULL),
(215, 28, 'images/ImageGalleries/QFoCabhBcB8SGCqbB3zDFnfdbk6pmxtElIYDjDkN.jpg', '2021-07-17 15:37:13', '2021-07-17 15:37:13', NULL),
(216, 28, 'images/ImageGalleries/wfXgVBxRinMXw6bsaWBCmAz3HmEjlonjATGnxpa3.jpg', '2021-07-17 15:37:18', '2021-07-17 15:37:18', NULL),
(217, 28, 'images/ImageGalleries/8Nt7QEIMZQ1gV1R3V4BrM6nsB140BB1XmGPwVZ9D.jpg', '2021-07-17 15:37:23', '2021-07-17 15:37:23', NULL),
(218, 28, 'images/ImageGalleries/k9pmrityPUlvUe8fM3Vsu72R1f6N1HWoj1U88AUx.jpg', '2021-07-17 15:37:29', '2021-07-17 15:37:29', NULL),
(219, 28, 'images/ImageGalleries/KRVjlEk7VLWjTpkwf7OKpoLKBlXEF8KMBRS2M91b.jpg', '2021-07-17 15:37:35', '2021-07-17 15:37:35', NULL),
(220, 29, 'images/ImageGalleries/JCb6gQcKlCcAQqnniMMyEL0TQUHKy4QUJkfhT1og.jpg', '2021-07-17 16:08:32', '2021-07-17 16:08:32', NULL),
(221, 29, 'images/ImageGalleries/vZAheVy5tFL62P8n31OiN55IU4keM2SDIkGHm6mH.jpg', '2021-07-17 16:08:41', '2021-07-17 16:08:41', NULL),
(222, 29, 'images/ImageGalleries/ePAEOvTErrvIquE0CUs5OwbWN9pnAzxx1uCdR7M6.jpg', '2021-07-17 16:08:49', '2021-07-17 16:08:49', NULL),
(223, 29, 'images/ImageGalleries/vOdWFmSl8Oe3HlN3tn3EED6EPQRZME2JYxKGU3Ar.jpg', '2021-07-17 16:08:57', '2021-07-17 16:08:57', NULL),
(224, 29, 'images/ImageGalleries/ax3dwVy5E4IHdVROqogqbnUZf43lvNiNURl7YnxI.jpg', '2021-07-17 16:09:06', '2021-07-17 16:09:06', NULL),
(225, 29, 'images/ImageGalleries/E76yTuHVfzGsGw53QBHW2MYE1fih9G0hp4gLm6H6.jpg', '2021-07-17 16:09:45', '2021-07-17 16:09:45', NULL),
(226, 29, 'images/ImageGalleries/lXYolSRiFGX1SqR3N4whaHimMTgVVqy8uDW6pMaB.jpg', '2021-07-17 16:10:04', '2021-07-17 16:10:04', NULL),
(227, 29, 'images/ImageGalleries/imnATfEilzto7iTU4vpMOFp9zMod9DgApXMhJaOh.jpg', '2021-07-17 16:10:14', '2021-07-17 16:10:14', NULL),
(228, 29, 'images/ImageGalleries/M2RotWRW1O4EmbJpNZ1CRGJvdH4XMSeD0gCX3Rht.jpg', '2021-07-17 16:10:27', '2021-07-17 16:10:27', NULL),
(229, 29, 'images/ImageGalleries/RUah9MSuknNw6VDRKzYaY5EMRB9I2SFUs3vwolaY.jpg', '2021-07-17 16:10:43', '2021-07-17 16:10:43', NULL),
(230, 29, 'images/ImageGalleries/OXuDCMxaf4EwspO44fsQvkvp1zOmlquuNQ9fRFdv.jpg', '2021-07-17 16:11:29', '2021-07-17 16:11:29', NULL),
(231, 29, 'images/ImageGalleries/q3vLr7lwP5aINahBLwH3yxsdASHxtN4ku511tnLD.jpg', '2021-07-17 16:12:05', '2021-07-17 16:12:05', NULL),
(232, 29, 'images/ImageGalleries/RWgeLfdN7KF8SsyvVF6qhg9oVrCwriZPdZVDlDIq.jpg', '2021-07-17 16:12:24', '2021-07-17 16:12:24', NULL),
(233, 29, 'images/ImageGalleries/aQhKRmnQVMix4f0uRCkyHXPmJr0gMBk0gAxkInMA.jpg', '2021-07-17 16:13:06', '2021-07-17 16:13:06', NULL),
(234, 29, 'images/ImageGalleries/6EPJ8qYOhkw6hC1muH0LA8jv7bW91RTeDgqOC6k5.jpg', '2021-07-17 16:13:16', '2021-07-17 16:13:16', NULL),
(235, 29, 'images/ImageGalleries/CTEwOcpEiohszpgsvAbJiusTvyxrS5RXb2PmhUij.jpg', '2021-07-17 16:13:24', '2021-07-17 16:13:24', NULL),
(236, 29, 'images/ImageGalleries/Z71lUNYd0OqOZ0Sx2lNmdkhP99QDyXC0Gc8iAVxy.jpg', '2021-07-17 16:14:12', '2021-07-17 16:14:12', NULL),
(237, 29, 'images/ImageGalleries/av0XmZHERstHeiAgfBRAsHkeJlGrlOfx2t3gHpty.jpg', '2021-07-17 16:14:24', '2021-07-17 16:14:24', NULL),
(238, 29, 'images/ImageGalleries/2AYfeaSv84tBcwaDoGEdO2fxpg2sbJtmMLedbtbU.jpg', '2021-07-17 16:14:32', '2021-07-17 16:14:32', NULL),
(239, 29, 'images/ImageGalleries/aAKF4gdmrZAZkhKmyd14OYIAC8gGA0ZoQqJq8wmU.jpg', '2021-07-17 16:15:23', '2021-07-17 16:15:23', NULL),
(240, 29, 'images/ImageGalleries/vfol8pS5LJhXhrD2PMtJmvMH6jrakSg50nN8h2IE.jpg', '2021-07-17 16:15:35', '2021-07-17 16:15:35', NULL),
(241, 29, 'images/ImageGalleries/5mx1KjfPKW24ANVm5918gtjtZQqTLNfgPzBIHwgI.jpg', '2021-07-17 16:16:20', '2021-07-17 16:16:20', NULL),
(242, 29, 'images/ImageGalleries/DAtOP3meWp13HefgX9TfJKa9SBaSQl7QH0K3cXbP.jpg', '2021-07-17 16:16:34', '2021-07-17 16:16:34', NULL),
(243, 29, 'images/ImageGalleries/QaGCHr1lJY66rKxbE3dz9tvYsBMqLaoehtnWhAXw.jpg', '2021-07-17 16:17:58', '2021-07-17 16:19:28', '2021-07-17 16:19:28'),
(244, 29, 'images/ImageGalleries/olWNVT84iBPfdPQW4nUQ0WG9XDe4ug6Yq2VWkzEG.jpg', '2021-07-17 16:19:47', '2021-07-17 16:19:47', NULL),
(245, 30, 'images/ImageGalleries/fJnFy9XX685H1tZwv6k1II4ngHhPAGZ3wWunPsUC.jpg', '2022-02-02 13:33:43', '2022-02-02 13:33:43', NULL),
(246, 30, 'images/ImageGalleries/hYxG8hqdEk8cPm0fpmq0g6I4RxAuwlB2C5XdHUO0.jpg', '2022-02-02 13:33:54', '2022-02-02 13:33:54', NULL),
(247, 30, 'images/ImageGalleries/edKBNkWTKIIef1X00Ek8bopCLZJ9lRvRJ4iXnJg6.jpg', '2022-02-02 13:34:01', '2022-02-02 13:34:01', NULL),
(248, 30, 'images/ImageGalleries/zSolXY6XeK0WDbfr36rPqrcEAYPG9YmhYQv9wZwB.jpg', '2022-02-02 13:34:20', '2022-02-02 13:34:20', NULL),
(249, 30, 'images/ImageGalleries/bM3nlPwqFOfAmVBZz3dcCOfKApxra3dIiViBeoct.jpg', '2022-02-02 13:35:18', '2022-02-02 13:35:18', NULL),
(250, 30, 'images/ImageGalleries/pvRJEj9RI5rtFFQNa2hZ7pgiwcHYR2zBlF7wxQRF.jpg', '2022-02-02 13:35:27', '2022-02-02 13:35:27', NULL),
(251, 30, 'images/ImageGalleries/bTKIMs2RhSoh50aILwgaY1e7RMtLeeMYuVzmuE2e.jpg', '2022-02-02 13:35:40', '2022-02-02 13:35:40', NULL),
(252, 30, 'images/ImageGalleries/QQSEZAtAon7sIPvnmrwGfHxAUDXGYoxwn54kf1Hv.jpg', '2022-02-02 13:35:50', '2022-02-02 13:35:50', NULL),
(253, 30, 'images/ImageGalleries/vdI4tY5N4YW8oJMElRZKQqkqEdZ8XVdRDfurrsRM.jpg', '2022-02-02 13:36:21', '2022-02-02 13:36:21', NULL);

-- --------------------------------------------------------

--
-- Table structure for table `list_score`
--

CREATE TABLE `list_score` (
  `id` bigint(20) UNSIGNED NOT NULL,
  `test_id` int(11) NOT NULL,
  `user_id` int(11) NOT NULL,
  `score` int(11) NOT NULL,
  `created_by` int(11) NOT NULL,
  `deleted_at` timestamp NULL DEFAULT NULL,
  `created_at` timestamp NOT NULL DEFAULT current_timestamp(),
  `updated_at` timestamp NULL DEFAULT NULL ON UPDATE current_timestamp()
) ENGINE=InnoDB DEFAULT CHARSET=utf8mb4 COLLATE=utf8mb4_unicode_ci;

--
-- Dumping data for table `list_score`
--

INSERT INTO `list_score` (`id`, `test_id`, `user_id`, `score`, `created_by`, `deleted_at`, `created_at`, `updated_at`) VALUES
(4, 4, 1, 90, 1, '2021-04-19 09:47:14', '2021-04-19 09:17:56', '2021-04-19 09:47:14'),
(5, 4, 1, 90, 1, '2021-04-19 09:47:25', '2021-04-19 09:47:14', '2021-04-19 09:47:25'),
(6, 4, 1, 87, 1, '2021-04-19 09:51:20', '2021-04-19 09:47:25', '2021-04-19 09:51:20'),
(7, 4, 1, 77, 1, '2021-04-19 14:59:09', '2021-04-19 09:51:20', '2021-04-19 14:59:09'),
(8, 5, 1, 89, 1, NULL, '2021-04-19 14:59:09', '2021-04-19 14:59:09'),
(9, 4, 1, 80, 1, NULL, '2021-04-19 15:00:14', '2021-04-19 15:00:14');

-- --------------------------------------------------------

--
-- Table structure for table `list_test`
--

CREATE TABLE `list_test` (
  `id` bigint(20) UNSIGNED NOT NULL,
  `division_id` int(11) NOT NULL,
  `name` varchar(255) COLLATE utf8mb4_unicode_ci NOT NULL,
  `deskripsi` text COLLATE utf8mb4_unicode_ci NOT NULL,
  `value` char(255) COLLATE utf8mb4_unicode_ci DEFAULT NULL,
  `created_by` int(11) NOT NULL,
  `deleted_at` timestamp NULL DEFAULT NULL,
  `created_at` timestamp NOT NULL DEFAULT current_timestamp(),
  `updated_at` timestamp NULL DEFAULT NULL ON UPDATE current_timestamp()
) ENGINE=InnoDB DEFAULT CHARSET=utf8mb4 COLLATE=utf8mb4_unicode_ci;

--
-- Dumping data for table `list_test`
--

INSERT INTO `list_test` (`id`, `division_id`, `name`, `deskripsi`, `value`, `created_by`, `deleted_at`, `created_at`, `updated_at`) VALUES
(1, 1, 'customer', 'dawdawdwad', '34', 1, '2021-04-16 15:36:43', '2021-04-16 15:18:49', '2021-04-16 15:36:43'),
(2, 2, 'Vaksin Mati', 'awdwadawdw', '55', 1, '2021-04-16 15:36:47', '2021-04-16 15:25:50', '2021-04-16 15:36:47'),
(3, 1, 'Vaksin Mati', 'wdawdawd', '66', 1, '2021-04-18 03:31:51', '2021-04-16 15:41:08', '2021-04-18 03:31:51'),
(4, 1, 'Ngoding', 'Member diberi tugas untuk membuat suatu program', '68', 1, NULL, '2021-04-16 15:42:40', '2021-04-19 02:51:29'),
(5, 1, 'Konfigurasi DNS Server', 'Siswa dapat meninstall package package server dan konfiurasi DNS Server untuk layanan server sys admin', '75', 1, NULL, '2021-04-19 14:58:43', '2021-04-19 14:58:43'),
(6, 2, 'dwadwad', 'sefefesf', '34', 1, '2021-08-21 16:15:07', '2021-08-21 16:12:34', '2021-08-21 16:15:07');

-- --------------------------------------------------------

--
-- Table structure for table `members`
--

CREATE TABLE `members` (
  `id` bigint(20) UNSIGNED NOT NULL,
  `division_id` bigint(20) DEFAULT NULL,
  `user_id` bigint(20) UNSIGNED NOT NULL,
  `name` varchar(255) COLLATE utf8mb4_unicode_ci NOT NULL,
  `class` varchar(255) COLLATE utf8mb4_unicode_ci DEFAULT NULL,
  `image` varchar(255) COLLATE utf8mb4_unicode_ci NOT NULL,
  `position` varchar(255) COLLATE utf8mb4_unicode_ci NOT NULL,
  `majors` varchar(255) COLLATE utf8mb4_unicode_ci DEFAULT NULL,
  `entry_year` date DEFAULT NULL,
  `status` int(11) DEFAULT NULL,
  `created_at` timestamp NOT NULL DEFAULT current_timestamp(),
  `updated_at` timestamp NULL DEFAULT NULL ON UPDATE current_timestamp(),
  `deleted_at` timestamp NULL DEFAULT NULL
) ENGINE=InnoDB DEFAULT CHARSET=utf8mb4 COLLATE=utf8mb4_unicode_ci;

--
-- Dumping data for table `members`
--

INSERT INTO `members` (`id`, `division_id`, `user_id`, `name`, `class`, `image`, `position`, `majors`, `entry_year`, `status`, `created_at`, `updated_at`, `deleted_at`) VALUES
(1, 1, 29, 'ahmad dahlan', '12', 'images/member/QsI4d7NSHfKBC4vQ5egoqploaP3LvlaJlj7W55N0.png', 'Anggota', 'TKJ', '2021-04-09', 1, '2021-04-08 20:40:20', '2021-06-02 06:16:52', '2021-06-02 06:16:52');

-- --------------------------------------------------------

--
-- Table structure for table `members_it`
--

CREATE TABLE `members_it` (
  `id` bigint(20) UNSIGNED NOT NULL,
  `division_id` bigint(20) DEFAULT NULL,
  `name` varchar(255) COLLATE utf8mb4_unicode_ci NOT NULL,
  `class` varchar(255) COLLATE utf8mb4_unicode_ci DEFAULT NULL,
  `image` varchar(255) COLLATE utf8mb4_unicode_ci NOT NULL,
  `position` varchar(255) COLLATE utf8mb4_unicode_ci NOT NULL,
  `majors` varchar(255) COLLATE utf8mb4_unicode_ci DEFAULT NULL,
  `entry_year` date DEFAULT NULL,
  `created_at` timestamp NOT NULL DEFAULT current_timestamp(),
  `updated_at` timestamp NULL DEFAULT NULL ON UPDATE current_timestamp(),
  `deleted_at` timestamp NULL DEFAULT NULL
) ENGINE=InnoDB DEFAULT CHARSET=utf8mb4 COLLATE=utf8mb4_unicode_ci;

--
-- Dumping data for table `members_it`
--

INSERT INTO `members_it` (`id`, `division_id`, `name`, `class`, `image`, `position`, `majors`, `entry_year`, `created_at`, `updated_at`, `deleted_at`) VALUES
(1, 1, 'ahmad dahlan', '12', 'images/member/QsI4d7NSHfKBC4vQ5egoqploaP3LvlaJlj7W55N0.png', 'Anggota', 'TKJ', '2021-04-09', '2021-04-08 20:40:20', '2021-06-02 06:16:31', '2021-06-02 06:16:31'),
(2, 7, 'Riza R.Hakiem', '12', 'images/memberIT/PkRscflUhRJ9SxHsvfwHp1XZ76VBVmuA9mdRuRyk.jpg', 'Member', 'TKJ', '2021-06-05', '2021-06-03 04:50:49', '2021-06-05 15:03:35', '2021-06-05 15:03:35'),
(3, 7, 'Riza R.Hakiem', '12', 'images/memberIT/qdDg5PrlTLtCXYpwommnHhtSMOVbcHhUfwyd2rt7.jpg', 'Member', 'TKJ', '2021-06-05', '2021-06-05 15:03:59', '2021-07-19 05:58:36', '2021-07-19 05:58:36');

-- --------------------------------------------------------

--
-- Table structure for table `member_reg`
--

CREATE TABLE `member_reg` (
  `id` bigint(20) UNSIGNED NOT NULL,
  `user_id` int(11) NOT NULL,
  `division_id` int(11) NOT NULL,
  `email` varchar(255) COLLATE utf8mb4_unicode_ci NOT NULL,
  `name` varchar(255) COLLATE utf8mb4_unicode_ci NOT NULL,
  `class` varchar(255) COLLATE utf8mb4_unicode_ci DEFAULT NULL,
  `majors` varchar(255) COLLATE utf8mb4_unicode_ci DEFAULT NULL,
  `position` varchar(255) COLLATE utf8mb4_unicode_ci DEFAULT NULL,
  `status` varchar(255) COLLATE utf8mb4_unicode_ci NOT NULL DEFAULT '0',
  `image` varchar(255) COLLATE utf8mb4_unicode_ci DEFAULT NULL,
  `type` varchar(25) COLLATE utf8mb4_unicode_ci DEFAULT NULL,
  `entry_year` date DEFAULT NULL,
  `deleted_at` timestamp NULL DEFAULT NULL,
  `created_at` timestamp NOT NULL DEFAULT current_timestamp(),
  `updated_at` timestamp NULL DEFAULT NULL ON UPDATE current_timestamp()
) ENGINE=InnoDB DEFAULT CHARSET=utf8mb4 COLLATE=utf8mb4_unicode_ci;

--
-- Dumping data for table `member_reg`
--

INSERT INTO `member_reg` (`id`, `user_id`, `division_id`, `email`, `name`, `class`, `majors`, `position`, `status`, `image`, `type`, `entry_year`, `deleted_at`, `created_at`, `updated_at`) VALUES
(9, 29, 2, 'user1@gmail.com', 'rizkanfirmansyah', NULL, NULL, NULL, '0', 'images/member_reg/user1-202104110414-0.png', 'lainnya', NULL, '2021-04-18 06:42:30', '2021-04-10 21:14:25', '2021-04-18 06:42:30'),
(10, 53, 1, 'itclub@qmail.id', 'IT CLUB', '10', 'TKJ', NULL, '1', NULL, NULL, '2003-02-02', NULL, '2021-07-09 05:19:15', '2021-07-09 05:19:59'),
(11, 69, 2, 'reytendy@gmail.com', 'Reytandi Nugraha', '10', 'TKJ', NULL, '0', NULL, NULL, '2005-09-20', NULL, '2021-07-26 08:30:49', '2021-07-26 08:30:49'),
(12, 71, 2, 'mulkiilyasa@gmail.com', 'Ilyasa Mulki', NULL, NULL, NULL, '0', NULL, NULL, NULL, NULL, '2021-07-26 10:13:24', '2021-07-26 10:13:24'),
(13, 66, 2, 'raifadhilah85@gmail.com', 'Rai Fadhilah', '11', 'TKJ', NULL, '0', 'images/member_reg/Rai-202107270618-0.jpg', NULL, '2021-07-27', NULL, '2021-07-26 23:18:02', '2021-07-26 23:18:02'),
(14, 77, 2, 'gwkece111@gmail.com', 'Muhamad Qosim', NULL, NULL, NULL, '0', NULL, NULL, NULL, NULL, '2021-12-27 09:47:43', '2021-12-27 09:47:43');

-- --------------------------------------------------------

--
-- Table structure for table `mentors`
--

CREATE TABLE `mentors` (
  `id` int(11) NOT NULL,
  `name` varchar(255) NOT NULL,
  `profession` varchar(255) DEFAULT NULL,
  `birth_date` varchar(255) DEFAULT NULL,
  `sertifikasi` varchar(255) DEFAULT NULL,
  `gender` varchar(255) DEFAULT NULL,
  `email` varchar(255) DEFAULT NULL,
  `facebook` varchar(255) DEFAULT NULL,
  `whatsapp` varchar(255) DEFAULT NULL,
  `website` varchar(255) DEFAULT NULL,
  `youtube` varchar(255) DEFAULT NULL,
  `instagram` varchar(255) DEFAULT NULL,
  `content` text DEFAULT NULL,
  `image` varchar(255) DEFAULT NULL,
  `slug` varchar(255) NOT NULL,
  `created_by` int(11) NOT NULL,
  `created_at` datetime NOT NULL DEFAULT current_timestamp(),
  `updated_at` datetime DEFAULT NULL,
  `deleted_at` datetime DEFAULT NULL
) ENGINE=InnoDB DEFAULT CHARSET=utf8mb4;

--
-- Dumping data for table `mentors`
--

INSERT INTO `mentors` (`id`, `name`, `profession`, `birth_date`, `sertifikasi`, `gender`, `email`, `facebook`, `whatsapp`, `website`, `youtube`, `instagram`, `content`, `image`, `slug`, `created_by`, `created_at`, `updated_at`, `deleted_at`) VALUES
(1, 'Herdian Nuryansyah', 'Staff IT di SMK Negeri 5 Bandung', '1998-10-18', 'Cisco CCNA, MTCNA, Cyber Security, CompTIA Cloud, CompTIA Linux Plus, CompTIA Security Plus, Create A Subnet, Virtualization Management, UI Designer, UX Research Fundamental, UX NFS.', 'laki-Laki', 'herdiannuryansyah1998@gmail.com', 'herdiannuryansyah', '088802335851', NULL, NULL, 'herdiannuryansyah18', 'Saya adalah Pembina Sekaligus Pembimbing Setiap Divisi yang Ada di Ekstrakurikuler IT Club SMK Negeri 5 Bandung.', 'images/mentor/WGnqPbcRU6J02SGePKXrYQpuGyTSw1klQUbqhPEO.jpg', 'herdian-nuryansyah', 1, '2021-06-03 11:54:00', '2021-07-20 09:49:07', NULL),
(2, 'Rizkan Firmansyah', 'IT Enthusiast di CV Dian Global Tech', '2002-04-09', 'CNSS, MTCNA', 'laki-Laki', 'riezkanaprianda@gmail.com', 'rizkan', '08983901552', 'rizkanfirmansyah.rf.gd', 'teknik komputer 2', '_rizkanfirmansyah', 'seorang IT biasa', 'images/mentor/7IZazipN6n6TEJ70fprRit6LCl8Aj1eWU9dVsvqo.jpg', 'rizkan-firmansyah', 1, '2021-07-08 13:00:43', '2021-07-09 10:33:48', NULL),
(3, 'Rian Alfazri Khoirulloh', 'Berkuliah di STMIK-AMIK Bandung', '2002-12-19', 'Juara 1 Lomba Web Design, MTCNA', 'laki-Laki', 'rian.alfazri96@gmail.com', 'rian.moli.7', '089663670264', NULL, 'https://www.youtube.com/channel/UCkJYJefvSXFJje15T4RjIjw', '@inifakad96', NULL, 'images/mentor/pycFDoAtJb5Vq6lWF2kOC5c5FprOsfHrBt8op6qw.jpg', 'rian-alfazri-khoirulloh', 1, '2021-07-09 10:20:46', '2021-07-09 10:22:16', '2021-07-09 10:22:16'),
(4, 'Rian Alfazri K.', 'Berkuliah di STMIK-AMIK Bandung', '2002-12-19', 'Juara 1 Lomba Web Design, MTCNA', 'laki-Laki', 'rian.alfazri96@gmail.com', 'rian.moli.7', '089663670264', NULL, 'Rian Alfazri Khoirulloh', '@inifakad96', NULL, 'images/mentor/FGBp49ro02U3q584zmEq3QX7HUCfRDcp1aV1ecMv.jpg', 'rian-alfazri-k', 1, '2021-07-09 10:21:54', '2021-07-09 10:27:42', NULL),
(5, 'Rifqi Ahmad Abiyyi', 'STMIK-AMIK Bandung', '2003-04-06', 'Juara 1 Lomba Web Design, MTCNA', 'laki-Laki', 'rifqiahmad.abi@gmail.com', 'rifqiahmadabiyyi.abiyyi', '081222178656', NULL, NULL, NULL, NULL, 'images/mentor/7n88j3bt1mXE54sMWbHLYrMecsZ3NoUhYtwnaene.jpg', 'rifqi-ahmad-abiyyi', 1, '2021-07-09 10:38:47', '2021-07-09 10:39:37', '2021-07-09 10:39:37'),
(6, 'Rifqi Ahmad Abiyyi', 'Berkuliah di STMIK-AMIK Bandung', '2003-04-06', 'Juara 1 Lomba Web Design, MTCNA', 'laki-Laki', 'rifqiahmad.abi@gmail.com', 'rifqiahmadabiyyi.abiyyi', '081222178656', NULL, NULL, NULL, NULL, 'images/mentor/PDOWNmDhMbkbbUrGhOBIvxsd9ROza5dJvxlcUomi.jpg', 'rifqi-ahmad-abiyyi', 1, '2021-07-09 10:39:32', '2021-07-09 10:39:50', '2021-07-09 10:39:50'),
(7, 'Rifqi Ahmad Abiyyi', 'Berkuliah di STMIK-AMIK Bandung', '2003-04-06', 'Juara 1 Lomba Web Design, MTCNA', 'laki-Laki', 'rifqiahmad.abi@gmail.com', 'rifqiahmadabiyyi.abiyyi', '081222178656', NULL, NULL, NULL, NULL, 'images/mentor/dnEAVHkbIbjqhyl1lhblSkV3xvLY5cqBy890k6kX.jpg', 'rifqi-ahmad-abiyyi', 1, '2021-07-09 10:44:08', '2021-07-09 10:44:08', NULL),
(8, 'Teguh Iqbal Prayoga', 'Berkuliah di STMIK-AMIK Bandung', '2003-03-02', 'Juara 1 Lomba Web Design, MTCNA', 'laki-Laki', 'teguh.iqbal782@gmail.com', 'teguh.iqbal.3', '089668057456', NULL, 'Teguh Iqbal', 'teguh79_', NULL, 'images/mentor/1W7jq3ny9F1MAzBefi8sdCbqDwx2Fee8lHBiPPqr.jpg', 'teguh-iqbal-prayoga', 1, '2021-07-09 10:47:02', '2021-07-09 10:47:02', NULL),
(9, 'Ikhsan M. Abdul R.', 'Berkuliah di STMIK-AMIK Bandung', '2003-03-21', 'MTCNA', 'laki-Laki', 'hnfkhsn@gmail.com', '', '0895606075852', NULL, NULL, 'ikhsan.maa', NULL, 'images/mentor/YrctSJmzYgpW196GBzhkCyRloYFTGmI4af759kwI.jpg', 'ikhsan-m-abdul-r', 1, '2021-07-09 10:52:44', '2021-07-09 10:54:05', NULL),
(10, 'Hengki Hermansyah', 'Berkuliah di STMIK-AMIK Bandung', '2003-04-23', 'Juara 1 TechDev OlymTIK 2020, MTCNA', 'laki-Laki', 'hengkihermansyah23@gmail.com', 'hengki.hermansyah.23', '0895343896236', NULL, 'Hengki Hermn', '_hngkhermn', NULL, 'images/mentor/dGGsKB8B3c3itYf2vThUeUGdL8DNMx9QuU8FiAEV.jpg', 'hengki-hermansyah', 1, '2021-07-09 10:57:53', '2021-07-09 10:57:53', NULL),
(11, 'Sulthon Adam M.', 'Berkuliah di STMIK-AMIK Bandung', '2003-06-21', 'MTCNA', 'laki-Laki', 'sulthonadammaulana@gmail.com', 'sulthon.adammaulana.16', '089637494466', NULL, NULL, 'sulthonadamm', NULL, 'images/mentor/gQCVZyXTEwtREUqNoChjfs46cptlnYtYMNnC13IA.jpg', 'sulthon-adam-m', 1, '2021-07-09 11:01:02', '2021-07-09 11:01:54', NULL),
(12, 'Riza Rasyid Hakiem', 'Berkuliah di STMIK-AMIK Bandung', '2003-03-25', 'Juara 1 TechDev Olymtik, MTCNA', 'laki-Laki', 'nichinichisou0708@gmail.com', 'riza.hakim.902', '089666722913', NULL, 'Riru', 'riruto018', NULL, 'images/mentor/xEPOYBLIuKrHSTagkKkdiScwDwCyAmP41w5g5Q4h.jpg', 'riza-rasyid-hakiem', 1, '2021-07-09 11:03:50', '2021-07-09 11:03:50', NULL);

-- --------------------------------------------------------

--
-- Table structure for table `menu`
--

CREATE TABLE `menu` (
  `id` bigint(20) UNSIGNED NOT NULL,
  `section_id` int(11) NOT NULL,
  `name` varchar(255) COLLATE utf8mb4_unicode_ci NOT NULL,
  `url` varchar(255) COLLATE utf8mb4_unicode_ci DEFAULT NULL,
  `icon` varchar(255) COLLATE utf8mb4_unicode_ci DEFAULT NULL,
  `type` enum('static','dynamic') COLLATE utf8mb4_unicode_ci NOT NULL DEFAULT 'static',
  `comments` text COLLATE utf8mb4_unicode_ci DEFAULT NULL,
  `status` enum('1','0') COLLATE utf8mb4_unicode_ci NOT NULL DEFAULT '1',
  `created_by` int(11) DEFAULT NULL,
  `deleted_at` timestamp NULL DEFAULT NULL,
  `created_at` timestamp NOT NULL DEFAULT current_timestamp(),
  `updated_at` timestamp NULL DEFAULT NULL ON UPDATE current_timestamp()
) ENGINE=InnoDB DEFAULT CHARSET=utf8mb4 COLLATE=utf8mb4_unicode_ci;

--
-- Dumping data for table `menu`
--

INSERT INTO `menu` (`id`, `section_id`, `name`, `url`, `icon`, `type`, `comments`, `status`, `created_by`, `deleted_at`, `created_at`, `updated_at`) VALUES
(1, 2, 'Dashboard', NULL, 'fas fa-fire', 'dynamic', 'Menu untuk menampung rincian website', '1', 1, NULL, '2021-03-18 04:31:28', '2021-03-18 18:40:09'),
(2, 3, 'Data Menu', NULL, 'fas fa-columns', 'dynamic', 'Menu yang menyimpan preferences web', '1', 1, NULL, '2021-03-18 04:16:01', '2021-05-20 06:10:26'),
(3, 3, 'Data User', '/master/user', 'fas fa-user', 'static', 'Data untuk menampung user', '1', 1, NULL, '2021-03-17 22:05:48', '2021-03-19 05:05:26'),
(5, 6, 'Menu Baru', '/menu/baru', 'fas fa-clipboard-list', 'dynamic', 'contoh menu dynamic oke!', '1', 1, NULL, '2021-03-18 06:56:26', '2021-04-04 19:29:24'),
(6, 3, 'Akun Level', '/master/role', 'fas fa-user-cog', 'static', 'menu untuk menyimpan role', '1', 1, NULL, '2021-03-19 07:13:46', '2021-05-20 06:00:36'),
(7, 6, 'Menu Access', NULL, 'fas fa-server', 'dynamic', 'Menu yang berisi pengaturan untuk mengatur akses menu pada user', '1', 1, NULL, '2021-03-20 03:06:48', '2021-03-20 03:06:48'),
(8, 7, 'Berita', NULL, 'fas fa-newspaper', 'dynamic', 'untuk menyimpan data artikel itclub', '1', 1, NULL, '2021-03-23 07:32:17', '2021-05-20 06:00:55'),
(9, 6, 'Error', NULL, 'fas fa-minus-circle', 'dynamic', 'menampung data error page', '1', 1, NULL, '2021-03-26 06:08:57', '2021-04-05 21:35:57'),
(10, 3, 'Profiles', NULL, 'fas fa-users', 'dynamic', 'Menu untuk menampung members, mentor, alumni', '1', 1, NULL, '2021-03-28 13:53:30', '2021-06-02 06:04:17'),
(11, 3, 'Category', '/master/category', 'fas fa-clipboard-list', 'static', 'Menu untuk menampung category', '1', 1, NULL, '2021-03-28 13:55:07', '2021-03-28 14:27:15'),
(12, 3, 'Prestasi', '/master/prestation', 'fas fa-certificate', 'static', NULL, '1', 1, NULL, '2021-03-28 14:09:07', '2021-05-20 06:02:39'),
(13, 3, 'Divisi', NULL, 'fas fa-image', 'dynamic', NULL, '1', 1, NULL, '2021-04-04 09:16:48', '2021-05-20 06:02:53'),
(16, 6, 'Data Terbuang', NULL, 'fas fa-trash', 'dynamic', 'Menu untuk menampung data data sampah', '1', 1, NULL, '2021-04-04 16:24:19', '2021-05-20 06:03:25'),
(17, 14, 'Registration', '/members/registration', 'fas fa fa-fw fa-id-badge', 'static', 'menyimpan data registrasi member', '1', 1, NULL, '2021-04-10 20:43:35', '2021-04-10 20:52:26'),
(18, 14, 'Jadwal', '/members/schedule', 'fas fa-calendar-alt', 'static', 'Menu untuk mengatur dan mencatat jadwal', '1', 1, NULL, '2021-04-11 15:57:17', '2021-05-20 06:06:19'),
(19, 14, 'Persentase', NULL, 'fas fa-fw fa-desktop', 'dynamic', 'Menu untuk menampung presentase anggota/member', '1', 1, NULL, '2021-04-14 20:40:09', '2021-05-20 06:07:59'),
(20, 7, 'Petunjuk', '/features/user_guides', 'fas fa-book-open', 'static', 'Menampung tatacara penggunaan website', '1', 1, NULL, '2021-04-20 08:27:49', '2021-05-20 06:08:31'),
(21, 3, 'Galeri', NULL, 'fas fa-images', 'dynamic', 'Menu untuk menampung data galleries', '1', 1, NULL, '2021-05-10 04:45:50', '2021-05-20 07:32:14'),
(22, 14, 'Member SMKN 5', '/members/member', 'fas fa-users', 'static', 'Menu untuk menampung data member SMKN 5', '1', 1, NULL, '2021-06-02 06:10:09', '2021-06-02 06:10:09');

-- --------------------------------------------------------

--
-- Table structure for table `migrations`
--

CREATE TABLE `migrations` (
  `id` int(10) UNSIGNED NOT NULL,
  `migration` varchar(255) COLLATE utf8mb4_unicode_ci NOT NULL,
  `batch` int(11) NOT NULL
) ENGINE=InnoDB DEFAULT CHARSET=utf8mb4 COLLATE=utf8mb4_unicode_ci;

--
-- Dumping data for table `migrations`
--

INSERT INTO `migrations` (`id`, `migration`, `batch`) VALUES
(1, '2014_10_12_000000_create_users_table', 1),
(2, '2014_10_12_100000_create_password_resets_table', 1),
(3, '2019_08_19_000000_create_failed_jobs_table', 1),
(4, '2021_03_17_071616_create_members_table', 2),
(5, '2021_03_17_071735_create_divisions_table', 2),
(6, '2021_03_17_071802_create_prestations_table', 2),
(7, '2021_03_17_071830_create_blogs_table', 2),
(8, '2021_03_17_072021_create_galleries_table', 2),
(9, '2021_03_17_072057_create_categories_table', 2),
(10, '2021_03_17_072337_create_roles_table', 2),
(11, '2021_03_17_072454_create_alumnies_table', 2),
(12, '2021_03_17_081430_create_blog_category_table', 2),
(13, '2021_03_17_151502_master_section', 2),
(14, '2021_03_18_034330_master_menu', 3),
(15, '2021_03_18_103911_master_submenu', 4),
(16, '2021_03_18_071709_create_image_division_table', 5),
(17, '2021_03_18_072103_create_image_gallery_table', 5),
(18, '2021_03_20_150904_set_access_section', 5),
(19, '2021_03_20_150922_set_access_menu', 5),
(20, '2021_03_20_150934_set_access_submenu', 5),
(21, '2021_03_21_031332_access_user_section', 6),
(22, '2021_03_21_031342_access_user_menu', 6),
(23, '2021_03_21_031348_access_user_submenu', 6),
(24, '2021_03_21_155449_create_user_profile', 7),
(25, '2021_03_24_114831_suspended_blog_list', 8),
(26, '2021_03_26_123845_table_error_exception', 9),
(27, '2021_03_27_101205_table_activities_user', 10),
(28, '2021_03_28_013728_create_users_activation', 11),
(29, '2021_04_10_045627_create_register_member', 12),
(30, '2021_04_11_225926_create_schedule', 13),
(31, '2021_04_15_092729_create_list_test', 14),
(32, '2021_04_15_092733_create_list_score', 14),
(33, '2021_04_20_205720_create_user_guides', 15),
(34, '2021_04_20_205737_create_user_guides_decs', 15);

-- --------------------------------------------------------

--
-- Table structure for table `password_resets`
--

CREATE TABLE `password_resets` (
  `email` varchar(255) COLLATE utf8mb4_unicode_ci NOT NULL,
  `token` varchar(255) COLLATE utf8mb4_unicode_ci NOT NULL,
  `created_at` timestamp NULL DEFAULT NULL
) ENGINE=InnoDB DEFAULT CHARSET=utf8mb4 COLLATE=utf8mb4_unicode_ci;

-- --------------------------------------------------------

--
-- Table structure for table `prestations`
--

CREATE TABLE `prestations` (
  `id` bigint(20) UNSIGNED NOT NULL,
  `name` varchar(255) COLLATE utf8mb4_unicode_ci NOT NULL,
  `content` longtext COLLATE utf8mb4_unicode_ci NOT NULL,
  `image` varchar(255) COLLATE utf8mb4_unicode_ci NOT NULL,
  `created_at` timestamp NULL DEFAULT current_timestamp(),
  `updated_at` timestamp NULL DEFAULT NULL ON UPDATE current_timestamp(),
  `deleted_at` timestamp NULL DEFAULT NULL
) ENGINE=InnoDB DEFAULT CHARSET=utf8mb4 COLLATE=utf8mb4_unicode_ci;

--
-- Dumping data for table `prestations`
--

INSERT INTO `prestations` (`id`, `name`, `content`, `image`, `created_at`, `updated_at`, `deleted_at`) VALUES
(3, 'Juara 1 Nasional Lomba Web Design Artificial Intelligence', 'Hello guys disini ada akang-akang tampan yang berhasil meraih Juara 1 Nasional Web Design tentang AI di Tel-u Surabaya', 'images/prestation/9qP4oiRdwA5f7DmqLlMvGOavEJBsnsEepL2tTXNj.jpg', '2021-05-20 07:15:07', '2021-06-08 01:16:15', NULL),
(8, 'Juara 1 Nasional Lomba Poster Artificial Intelligence', 'Aditia berhasil meraih Juara 1 Tingkat Nasional Lomba Design Poster bertema Artificial Intelligence di Tel-U Surabaya', 'images/prestation/MIc0ZoW0YHKdVOL3NKp5e9ckzU8rgh05fraEpJqA.jpg', '2021-06-04 02:44:32', '2021-07-08 05:03:18', NULL),
(9, 'Juara 2 LKS   Lomba ITNSA 2018 Tingkat Kota Bandung', '<p>Heru Berhasil Meraih Juara 2 Lomba LKS dengan Mata Lomba IT Network System Administrator Tingkat Kota Bandung</p>', 'images/prestation/b3z0NEpKCJK9d00wyYVH8qJRNuQSMgaaodQlNRYd.jpg', '2021-06-04 03:08:03', '2021-07-08 04:59:57', NULL),
(12, 'Juara 1 LKS Lomba ITNSA 2021 Tingkat Kota Bandung', 'Rahman Meraih Juara 1 Lomba LKS dengan Mata Lomba IT Network System Administrator tingkat Kota dan lolos ke Provinsi', 'images/prestation/y5DvjNANOs8MdhWUCbZq71iK03pnaNpVHByJfXKH.jpg', '2021-06-07 05:30:29', '2021-07-08 05:05:20', NULL),
(13, 'Juara 1 Nasional Lomba Poster Spectrum', '<p>Teguh Berhasil Meraih Juara 1 Tingkat Nasional Lomba Poster Spectrum di SMA Negeri 1 Godean&nbsp;</p>', 'images/prestation/y9FzD8SVJoTawsl79f81e30fNz2X0AlPDU5734Pw.jpg', '2021-07-08 06:19:06', '2021-07-08 06:33:15', '2021-07-08 06:33:15'),
(14, 'Juara 1 Nasional Lomba Poster Spectrum', '<p>Teguh Berhasil Meraih Juara 1 Tingkat Nasional Lomba Poster Spectrum di SMA Negeri 1 Godean&nbsp;</p>', 'images/prestation/rLAhhoa64AFgfmBR7WcFp8tiyw1BqCwQp9oUpjiX.jpg', '2021-07-08 06:22:33', '2021-07-08 06:33:11', '2021-07-08 06:33:11'),
(15, 'Juara 1 Nasional Lomba Poster Spectrum', '<p>Teguh Berhasil Meraih Juara 1 Tingkat Nasional&nbsp;Lomba Spectrum dengan Mata Lomba Poster Spectrum di SMA Negeri 1 Godean&nbsp;</p>', 'images/prestation/WLCS5dTBrPuFIlcxJKL6Gog1wanjjiuFUmkrx9rP.jpg', '2021-07-08 06:28:19', '2021-07-08 06:33:06', '2021-07-08 06:33:06'),
(16, 'Juara 1 Nasional Lomba Poster Spectrum', 'Teguh Berhasil Meraih Juara 1 Tingkat Nasional Lomba Spectrum dengan Mata Lomba Desain Lomba Poster di SMA Negeri 1 Godean', 'images/prestation/yb3hZdhHzg8FqC0IhyO3Rq4EzRTfX9DY4Jh6onPt.jpg', '2021-07-08 06:29:14', '2021-07-08 06:34:44', NULL),
(17, 'Juara 1 Nasional Lomba Poster Spectrum', '<p>Teguh Berhasil Meraih Juara 1 Tingkat Nasional&nbsp;Lomba Poster Spectrum di Spectrum di SMA Negeri 1 Godean&nbsp;</p>', 'images/prestation/8pksfmTNsJqJ3eE8NOO2tFrDuZnQPimWho12nGow.jpg', '2021-07-08 06:31:11', '2021-07-08 06:32:10', '2021-07-08 06:32:10'),
(18, 'Juara 1 Nasional Lomba Tech Dev OlymTIK', 'IT Club yang diwakili seluruh Divisi mampu meraih Juara 1 Tingkat Nasional Lomba Tech Dev OlymTIK di Universitas Trilogi', 'images/prestation/aHew14bvRHXLXDXferBcrMXeBR755c1nbQBoLN3j.jpg', '2021-07-16 04:42:43', '2021-07-16 04:44:53', NULL),
(19, 'Juara 1 Nasional Lomba Tech Dev OlymTIK', '<p>IT Club yang diwakilkan oleh seluruh Divisi mampu meraih Juara 1 Tingkat Nasional Lomba Tech Dev OlymTIK</p>', 'images/prestation/bK5xao2KwSsnmUbLbZGAmt2WEyuIPmJ9oPIvtgem.jpg', '2021-07-16 04:43:29', '2021-07-16 04:43:50', '2021-07-16 04:43:50'),
(20, 'Juara 2 Nasional Lomba Networking Support SWF', 'Meylani Putri Berhasil Meraih Juara 2 Nasional Lomba Networking Support di Universitas AMIKOM Purwokerto', 'images/prestation/SqivINI0ZFcc0ILV6IlGqwkOIwvRn1zUV6UapUQN.jpg', '2021-07-16 05:36:28', '2021-07-21 03:56:36', NULL),
(21, 'Juara 2  Nasional Lomba Jaringan di Universitas Negeri Jakarta', '<p>Rahman Fadwahudin berhasil meraih Juara 2 Lomba Jaringan Tingkat Nasional di Universitas Negeri Jakarta</p>', 'images/prestation/MYksFU04gnhUkBNTtbcoiNcSDrkCthE8QpfP4lGa.jpg', '2021-12-13 07:39:12', '2021-12-13 07:39:31', '2021-12-13 07:39:31'),
(22, 'Juara 2  Nasional Lomba Jaringan di Universitas Negeri Jakarta', '<p>Rahman Fadwahudin berhasil meraih Juara 2 Lomba Jaringan Tingkat Nasional di Universitas Negeri Jakarta</p>', 'images/prestation/zCb5gsqZTefIHEWiUjeH3bxJrLoV5aQlHm9IpE6Q.jpg', '2021-12-13 07:39:12', '2021-12-13 07:39:24', '2021-12-13 07:39:24'),
(23, 'Juara 2  Nasional Lomba Jaringan di Universitas Negeri Jakarta', '<p>Rahman Fadwahudin berhasil meraih Juara 2 Lomba Jaringan Tingkat Nasional di Universitas Negeri Jakarta</p>', 'images/prestation/DfkCXQxLhSdntcBDQPORhXGHYH4m6rezZ8JzTExd.jpg', '2021-12-13 07:39:12', '2021-12-13 07:39:28', '2021-12-13 07:39:28'),
(24, 'Juara 2  Nasional Lomba Jaringan di Universitas Negeri Jakarta', '<p>Rahman Fadwahudin berhasil meraih Juara 2 Lomba Jaringan Tingkat Nasional di Universitas Negeri Jakarta</p>', 'images/prestation/Ij1AXYUOUw6PqSaPkpFoFNTee8vbtSylozFPWnQd.jpg', '2021-12-13 07:39:12', '2021-12-13 07:39:34', '2021-12-13 07:39:34'),
(25, 'Juara 2  Nasional Lomba Jaringan di Universitas Negeri Jakarta', '<p>Rahman Fadwahudin berhasil meraih Juara 2 Lomba Jaringan Tingkat Nasional di Universitas Negeri Jakarta</p>', 'images/prestation/BOPgh06zTrbQrcSstVxX8RgaZTbkl1rKJL7wJ6ya.jpg', '2021-12-13 07:39:12', '2021-12-13 07:39:12', NULL),
(26, 'Juara 2  Nasional Lomba Jaringan di Universitas Negeri Jakarta', '<p>Rahman Fadwahudin berhasil meraih Juara 2 Lomba Jaringan Tingkat Nasional di Universitas Negeri Jakarta</p>', 'images/prestation/ktAhpL48Zvd5IsZN1XseUcYIjGnfVoDmDnvsYd2z.jpg', '2021-12-13 07:39:12', '2021-12-13 07:39:55', '2021-12-13 07:39:55'),
(27, 'Juara 2  Nasional Lomba Jaringan di Universitas Negeri Jakarta', '<p>Rahman Fadwahudin berhasil meraih Juara 2 Lomba Jaringan Tingkat Nasional di Universitas Negeri Jakarta</p>', 'images/prestation/Rdhzv164GuBMcvuGkwAVO51lArcWC1GFSSo03RxD.jpg', '2021-12-13 07:39:12', '2021-12-13 07:39:55', '2021-12-13 07:39:55'),
(28, 'Juara 2  Nasional Lomba Jaringan di Universitas Negeri Jakarta', '<p>Rahman Fadwahudin berhasil meraih Juara 2 Lomba Jaringan Tingkat Nasional di Universitas Negeri Jakarta</p>', 'images/prestation/53KUelZeh5yzrnijgRQAo6xjnohoSJ3EDSs9BtOJ.jpg', '2021-12-13 07:39:13', '2021-12-13 07:39:44', '2021-12-13 07:39:44'),
(29, 'Juara 2  Nasional Lomba Jaringan di Universitas Negeri Jakarta', '<p>Rahman Fadwahudin berhasil meraih Juara 2 Lomba Jaringan Tingkat Nasional di Universitas Negeri Jakarta</p>', 'images/prestation/dmdzVX0KiI7Qqq99IZrgboXRA0zsb5QGUr18jINI.jpg', '2021-12-13 07:39:14', '2021-12-13 07:39:44', '2021-12-13 07:39:44');

-- --------------------------------------------------------

--
-- Table structure for table `roles`
--

CREATE TABLE `roles` (
  `id` bigint(20) UNSIGNED NOT NULL,
  `id_role` char(50) COLLATE utf8mb4_unicode_ci DEFAULT NULL,
  `name` varchar(255) COLLATE utf8mb4_unicode_ci NOT NULL,
  `created_at` timestamp NOT NULL DEFAULT current_timestamp(),
  `deleted_at` timestamp NULL DEFAULT NULL,
  `updated_at` timestamp NULL DEFAULT NULL ON UPDATE current_timestamp(),
  `created_by` int(11) DEFAULT NULL
) ENGINE=InnoDB DEFAULT CHARSET=utf8mb4 COLLATE=utf8mb4_unicode_ci;

--
-- Dumping data for table `roles`
--

INSERT INTO `roles` (`id`, `id_role`, `name`, `created_at`, `deleted_at`, `updated_at`, `created_by`) VALUES
(1, '1', 'Master', '2021-03-19 13:22:20', NULL, '2021-04-08 01:35:16', 1),
(2, '2', 'Admin', '2021-03-19 20:59:49', NULL, '2021-04-08 01:35:22', 1),
(3, '3', 'Organizer', '2021-03-19 21:00:51', NULL, '2021-04-08 01:37:16', 1),
(4, '4', 'Member', '2021-04-08 01:37:28', NULL, '2021-04-11 03:46:19', 1),
(5, '5', 'User', '2021-04-08 01:37:38', NULL, '2021-04-11 03:46:21', 1),
(6, '6', 'Mentor', '2021-07-20 14:04:10', NULL, '2021-07-20 14:04:10', 1);

-- --------------------------------------------------------

--
-- Table structure for table `schedule`
--

CREATE TABLE `schedule` (
  `id` bigint(20) UNSIGNED NOT NULL,
  `division` char(255) COLLATE utf8mb4_unicode_ci NOT NULL,
  `date` date NOT NULL,
  `come_in` time NOT NULL,
  `come_out` time NOT NULL,
  `desc` text COLLATE utf8mb4_unicode_ci DEFAULT NULL,
  `created_by` int(11) NOT NULL,
  `deleted_at` timestamp NULL DEFAULT NULL,
  `created_at` timestamp NOT NULL DEFAULT current_timestamp(),
  `updated_at` timestamp NULL DEFAULT NULL ON UPDATE current_timestamp()
) ENGINE=InnoDB DEFAULT CHARSET=utf8mb4 COLLATE=utf8mb4_unicode_ci;

--
-- Dumping data for table `schedule`
--

INSERT INTO `schedule` (`id`, `division`, `date`, `come_in`, `come_out`, `desc`, `created_by`, `deleted_at`, `created_at`, `updated_at`) VALUES
(1, '1', '2021-04-17', '09:43:00', '03:43:00', 'Jangan telat oke', 1, NULL, '2021-04-12 02:44:23', '2021-04-12 23:13:08'),
(2, 'all', '2021-12-12', '00:12:00', '00:12:00', NULL, 1, '2021-04-12 04:42:59', '2021-04-12 04:31:11', '2021-04-12 04:42:59'),
(3, '6', '2021-04-13', '00:12:00', '00:12:00', NULL, 1, '2021-04-12 04:42:59', '2021-04-12 04:32:40', '2021-04-12 04:42:59'),
(4, '2', '2021-04-17', '11:44:00', '04:44:00', NULL, 1, '2021-04-12 04:44:58', '2021-04-12 04:44:54', '2021-04-12 04:44:58'),
(5, '1', '2021-04-12', '09:43:00', '03:43:00', 'Jangan telat oke', 1, NULL, '2021-04-12 02:44:23', '2021-04-12 23:11:42'),
(6, '1', '2021-09-30', '01:05:00', '02:06:00', 'awdawdawd', 1, '2021-09-29 02:03:21', '2021-09-29 02:03:10', '2021-09-29 02:03:21');

-- --------------------------------------------------------

--
-- Table structure for table `section`
--

CREATE TABLE `section` (
  `id` bigint(20) UNSIGNED NOT NULL,
  `name` varchar(255) COLLATE utf8mb4_unicode_ci NOT NULL,
  `comments` text COLLATE utf8mb4_unicode_ci NOT NULL,
  `status` int(11) NOT NULL DEFAULT 1,
  `created_by` int(11) NOT NULL,
  `deleted_at` timestamp NULL DEFAULT NULL,
  `created_at` timestamp NULL DEFAULT current_timestamp(),
  `updated_at` timestamp NULL DEFAULT NULL ON UPDATE current_timestamp()
) ENGINE=InnoDB DEFAULT CHARSET=utf8mb4 COLLATE=utf8mb4_unicode_ci;

--
-- Dumping data for table `section`
--

INSERT INTO `section` (`id`, `name`, `comments`, `status`, `created_by`, `deleted_at`, `created_at`, `updated_at`) VALUES
(2, 'Dashboard', 'Myeimpan data menyeluruh', 1, 1, NULL, '2021-03-17 16:16:35', '2021-12-11 12:38:45'),
(3, 'Master', 'Master yang berisi setting admin maintanance', 1, 1, NULL, '2021-03-17 19:33:22', '2021-03-18 11:49:49'),
(5, 'Data Akun', 'Section yang menyimpan data akun', 1, 1, NULL, '2021-03-17 20:18:31', '2021-04-04 19:23:06'),
(6, 'Setting', 'Section pengaturan oleh admin root / master', 1, 1, NULL, '2021-03-18 06:55:37', '2021-03-20 03:05:07'),
(7, 'Features', 'Berisi tentang fitur fitur yang bisa digunakan user', 1, 1, NULL, '2021-03-23 07:27:23', '2021-04-03 08:52:27'),
(14, 'Member', 'Berisi Modul Member dan Keanggotaan', 1, 1, NULL, '2021-04-10 20:41:27', '2021-04-10 20:41:27');

-- --------------------------------------------------------

--
-- Table structure for table `set_access_menu`
--

CREATE TABLE `set_access_menu` (
  `id` bigint(20) UNSIGNED NOT NULL,
  `role_id` int(11) NOT NULL,
  `menu_id` int(11) NOT NULL,
  `created_by` int(11) NOT NULL DEFAULT 1,
  `created_at` timestamp NOT NULL DEFAULT current_timestamp(),
  `updated_at` timestamp NULL DEFAULT NULL ON UPDATE current_timestamp()
) ENGINE=InnoDB DEFAULT CHARSET=utf8mb4 COLLATE=utf8mb4_unicode_ci;

--
-- Dumping data for table `set_access_menu`
--

INSERT INTO `set_access_menu` (`id`, `role_id`, `menu_id`, `created_by`, `created_at`, `updated_at`) VALUES
(1, 1, 1, 1, '2021-03-20 16:08:05', NULL),
(2, 1, 2, 1, '2021-03-20 16:08:14', NULL),
(3, 1, 3, 1, '2021-03-21 04:06:26', NULL),
(4, 1, 6, 1, '2021-03-21 04:06:28', NULL),
(5, 1, 7, 1, '2021-03-21 04:06:31', NULL),
(6, 1, 8, 1, '2021-04-04 16:41:55', NULL),
(8, 6, 1, 1, '2021-04-08 01:40:07', NULL),
(12, 4, 1, 1, '2021-04-11 03:47:04', NULL),
(13, 3, 1, 1, '2021-07-20 14:09:48', NULL),
(14, 3, 8, 1, '2021-07-20 14:10:07', NULL),
(15, 3, 10, 1, '2021-07-20 14:10:13', NULL),
(16, 3, 12, 1, '2021-07-20 14:10:19', NULL),
(17, 3, 13, 1, '2021-07-20 14:10:37', NULL),
(18, 3, 17, 1, '2021-07-20 14:10:50', NULL),
(19, 3, 18, 1, '2021-07-20 14:11:17', NULL),
(20, 3, 20, 1, '2021-07-20 14:12:26', NULL),
(21, 3, 21, 1, '2021-07-20 14:12:29', NULL),
(22, 6, 8, 1, '2021-07-20 14:18:20', NULL),
(23, 6, 18, 1, '2021-07-20 14:18:32', NULL),
(24, 6, 19, 1, '2021-07-20 14:18:41', NULL),
(25, 6, 20, 1, '2021-07-20 14:18:45', NULL),
(26, 2, 6, 1, '2021-07-20 14:20:39', NULL),
(27, 2, 10, 1, '2021-07-20 14:20:44', NULL),
(28, 2, 11, 1, '2021-07-20 14:20:47', NULL),
(29, 2, 8, 1, '2021-07-20 14:20:50', NULL),
(31, 2, 5, 1, '2021-07-20 14:20:54', NULL),
(32, 2, 3, 1, '2021-07-20 14:20:56', NULL),
(33, 2, 1, 1, '2021-07-20 14:20:59', NULL),
(34, 2, 12, 1, '2021-07-20 14:21:07', NULL),
(35, 2, 13, 1, '2021-07-20 14:21:11', NULL),
(36, 2, 16, 1, '2021-07-20 14:21:15', NULL),
(37, 2, 17, 1, '2021-07-20 14:21:18', NULL),
(38, 2, 18, 1, '2021-07-20 14:21:21', NULL),
(39, 2, 19, 1, '2021-07-20 14:21:24', NULL),
(40, 2, 20, 1, '2021-07-20 14:21:27', NULL),
(41, 2, 21, 1, '2021-07-20 14:21:33', NULL);

-- --------------------------------------------------------

--
-- Table structure for table `set_access_section`
--

CREATE TABLE `set_access_section` (
  `id` bigint(20) UNSIGNED NOT NULL,
  `role_id` int(11) NOT NULL,
  `section_id` int(11) NOT NULL,
  `created_by` int(11) NOT NULL DEFAULT 1,
  `created_at` timestamp NOT NULL DEFAULT current_timestamp(),
  `updated_at` timestamp NULL DEFAULT NULL ON UPDATE current_timestamp()
) ENGINE=InnoDB DEFAULT CHARSET=utf8mb4 COLLATE=utf8mb4_unicode_ci;

--
-- Dumping data for table `set_access_section`
--

INSERT INTO `set_access_section` (`id`, `role_id`, `section_id`, `created_by`, `created_at`, `updated_at`) VALUES
(4, 2, 2, 1, '2021-03-21 03:05:01', NULL),
(6, 1, 2, 1, '2021-03-21 11:34:56', NULL),
(7, 1, 6, 1, '2021-04-03 08:55:43', NULL),
(8, 1, 3, 1, '2021-04-04 16:28:46', NULL),
(12, 1, 7, 1, '2021-04-04 16:46:09', NULL),
(13, 6, 7, 1, '2021-04-08 01:39:36', NULL),
(14, 6, 2, 1, '2021-04-08 01:39:58', NULL),
(15, 1, 14, 1, '2021-04-11 03:44:05', NULL),
(19, 4, 2, 1, '2021-04-11 03:46:58', NULL),
(21, 3, 3, 1, '2021-07-20 14:07:38', NULL),
(22, 3, 7, 1, '2021-07-20 14:08:15', NULL),
(23, 3, 14, 1, '2021-07-20 14:09:16', NULL),
(24, 3, 2, 1, '2021-07-20 14:09:26', NULL),
(25, 6, 14, 1, '2021-07-20 14:18:00', NULL),
(28, 2, 5, 1, '2021-07-20 14:20:04', NULL),
(29, 2, 6, 1, '2021-07-20 14:20:07', NULL),
(30, 2, 7, 1, '2021-07-20 14:20:11', NULL),
(31, 2, 14, 1, '2021-07-20 14:20:12', NULL);

-- --------------------------------------------------------

--
-- Table structure for table `set_access_submenu`
--

CREATE TABLE `set_access_submenu` (
  `id` bigint(20) UNSIGNED NOT NULL,
  `role_id` int(11) NOT NULL,
  `submenu_id` int(11) NOT NULL,
  `created_by` int(11) DEFAULT NULL,
  `created_at` timestamp NOT NULL DEFAULT current_timestamp(),
  `updated_at` timestamp NULL DEFAULT NULL ON UPDATE current_timestamp()
) ENGINE=InnoDB DEFAULT CHARSET=utf8mb4 COLLATE=utf8mb4_unicode_ci;

--
-- Dumping data for table `set_access_submenu`
--

INSERT INTO `set_access_submenu` (`id`, `role_id`, `submenu_id`, `created_by`, `created_at`, `updated_at`) VALUES
(4, 1, 1, 1, '2021-03-21 04:06:34', NULL),
(5, 1, 2, 1, '2021-03-21 04:06:36', NULL),
(6, 1, 3, 1, '2021-03-21 04:06:38', NULL),
(7, 1, 4, 1, '2021-03-21 04:06:38', NULL),
(8, 1, 6, 1, '2021-03-21 04:06:40', NULL),
(9, 1, 7, 1, '2021-03-21 04:06:42', NULL),
(11, 6, 18, 1, '2021-04-08 01:40:14', NULL),
(12, 6, 8, 1, '2021-04-08 01:40:31', NULL),
(15, 4, 8, 1, '2021-04-11 03:47:09', NULL),
(16, 4, 18, 1, '2021-04-11 03:47:12', NULL),
(18, 3, 8, 1, '2021-07-20 14:13:36', NULL),
(19, 3, 10, 1, '2021-07-20 14:13:42', NULL),
(20, 3, 11, 1, '2021-07-20 14:13:44', NULL),
(21, 3, 12, 1, '2021-07-20 14:13:49', NULL),
(22, 3, 13, 1, '2021-07-20 14:14:01', NULL),
(23, 3, 18, 1, '2021-07-20 14:14:09', NULL),
(24, 3, 21, 1, '2021-07-20 14:14:13', NULL),
(25, 3, 22, 1, '2021-07-20 14:14:16', NULL),
(26, 3, 36, 1, '2021-07-20 14:14:35', NULL),
(27, 6, 19, 1, '2021-07-20 14:19:04', NULL),
(28, 6, 20, 1, '2021-07-20 14:19:07', NULL),
(29, 2, 8, 1, '2021-07-20 14:22:20', NULL),
(30, 2, 10, 1, '2021-07-20 14:22:22', NULL),
(31, 2, 11, 1, '2021-07-20 14:22:24', NULL),
(32, 2, 12, 1, '2021-07-20 14:22:28', NULL),
(33, 2, 13, 1, '2021-07-20 14:22:32', NULL),
(34, 2, 15, 1, '2021-07-20 14:22:32', NULL),
(35, 2, 16, 1, '2021-07-20 14:22:36', NULL),
(36, 2, 18, 1, '2021-07-20 14:22:41', NULL),
(37, 2, 17, 1, '2021-07-20 14:22:44', NULL),
(38, 2, 19, 1, '2021-07-20 14:22:48', NULL),
(39, 2, 20, 1, '2021-07-20 14:23:00', NULL),
(40, 2, 21, 1, '2021-07-20 14:23:05', NULL),
(41, 2, 22, 1, '2021-07-20 14:23:11', NULL),
(42, 2, 23, 1, '2021-07-20 14:23:16', NULL),
(43, 2, 24, 1, '2021-07-20 14:23:19', NULL),
(44, 2, 25, 1, '2021-07-20 14:23:23', NULL),
(45, 2, 26, 1, '2021-07-20 14:23:26', NULL),
(46, 2, 27, 1, '2021-07-20 14:23:32', NULL),
(47, 2, 28, 1, '2021-07-20 14:23:35', NULL),
(48, 2, 29, 1, '2021-07-20 14:23:38', NULL),
(49, 2, 30, 1, '2021-07-20 14:23:42', NULL),
(50, 2, 31, 1, '2021-07-20 14:23:45', NULL),
(51, 2, 32, 1, '2021-07-20 14:23:48', NULL),
(52, 2, 33, 1, '2021-07-20 14:24:19', NULL),
(53, 2, 34, 1, '2021-07-20 14:24:23', NULL),
(54, 2, 35, 1, '2021-07-20 14:24:27', NULL),
(55, 2, 36, 1, '2021-07-20 14:24:30', NULL);

-- --------------------------------------------------------

--
-- Table structure for table `submenu`
--

CREATE TABLE `submenu` (
  `id` bigint(20) UNSIGNED NOT NULL,
  `menu_id` int(11) NOT NULL,
  `name` varchar(255) COLLATE utf8mb4_unicode_ci NOT NULL,
  `url` varchar(255) COLLATE utf8mb4_unicode_ci NOT NULL,
  `comments` text COLLATE utf8mb4_unicode_ci DEFAULT NULL,
  `status` enum('1','0') COLLATE utf8mb4_unicode_ci NOT NULL DEFAULT '1',
  `created_by` int(11) DEFAULT NULL,
  `deleted_at` timestamp NULL DEFAULT NULL,
  `created_at` timestamp NOT NULL DEFAULT current_timestamp(),
  `updated_at` timestamp NULL DEFAULT NULL ON UPDATE current_timestamp()
) ENGINE=InnoDB DEFAULT CHARSET=utf8mb4 COLLATE=utf8mb4_unicode_ci;

--
-- Dumping data for table `submenu`
--

INSERT INTO `submenu` (`id`, `menu_id`, `name`, `url`, `comments`, `status`, `created_by`, `deleted_at`, `created_at`, `updated_at`) VALUES
(1, 2, 'section', '/master/preferences/section', 'Menampung data section web', '1', 1, NULL, '2021-03-18 04:03:36', '2021-03-20 03:14:34'),
(2, 2, 'menu', '/master/preferences/menu', 'Menampun data menu web', '1', 1, NULL, '2021-03-18 04:14:15', '2021-03-18 18:35:46'),
(3, 2, 'submenu', '/master/preferences/submenu', 'Menampun data submenu web', '1', 1, NULL, '2021-03-18 04:14:27', '2021-03-18 18:35:43'),
(4, 1, 'Dashboard Utama', '/dashboard/general/index', 'Menampung data index web', '1', 1, NULL, '2021-03-18 04:21:43', '2021-05-20 06:12:26'),
(6, 7, 'Level Pengguna', '/setting/menu/role', 'Berfungsi untuk mengatur menu pada role', '1', 1, NULL, '2021-03-20 03:10:32', '2021-05-20 06:34:13'),
(7, 7, 'Pengguna', '/setting/menu/user', 'Berfungsi untuk mengatur menu pada user', '1', 1, NULL, '2021-03-20 03:11:23', '2021-05-20 06:34:31'),
(8, 8, 'Berita', '/features/article/list_article', 'daftar artikel-artikel', '1', 1, NULL, '2021-03-23 07:33:08', '2021-05-20 06:18:46'),
(9, 9, 'Page', '/setting/error/page', 'Mengubah, menambah dan menghapus error page', '1', 1, NULL, '2021-03-26 06:57:57', '2021-03-26 06:57:57'),
(10, 10, 'Anggota', '/master/profiles/member', 'Daftar Member-member IT Club', '1', 1, NULL, '2021-03-28 13:57:06', '2021-06-02 06:02:31'),
(11, 10, 'Alumni', '/master/profiles/alumni', 'Daftar Alumni IT Club', '1', 1, NULL, '2021-03-28 13:58:00', '2021-06-02 06:02:19'),
(12, 13, 'Divisi', '/master/divisions/division', NULL, '1', 1, NULL, '2021-04-04 09:18:24', '2021-05-20 06:19:45'),
(13, 13, 'Icon Divisi', '/master/divisions/imagedivision', NULL, '1', 1, NULL, '2021-04-04 09:18:38', '2021-05-20 06:48:56'),
(15, 16, 'Section', '/setting/trash/section', 'Data sampah section', '1', 1, NULL, '2021-04-04 16:27:50', '2021-04-04 16:27:50'),
(16, 16, 'Menu', '/setting/trash/menu', 'Data sampah menu', '1', 1, NULL, '2021-04-04 16:28:02', '2021-04-04 16:28:02'),
(17, 16, 'Submenu', '/setting/trash/submenu', 'Data sampah submenu', '1', 1, NULL, '2021-04-04 16:28:14', '2021-04-04 16:28:14'),
(18, 1, 'User Dashboard', '/dashboard/user/index', 'Menampung data dan informasi user', '1', 1, NULL, '2021-04-05 22:02:15', '2021-04-05 22:02:15'),
(19, 19, 'Daftar Ujian', '/members/precentages/test', 'Submenu untuk menampung test test member', '1', 1, NULL, '2021-04-14 20:41:07', '2021-05-20 06:37:17'),
(20, 19, 'Daftar Nilai', '/members/precentages/score', 'Submenu untuk menampung nilai dari test test member', '1', 1, NULL, '2021-04-14 20:41:42', '2021-05-20 06:30:27'),
(21, 21, 'Galeri', '/master/galleries/gallery', 'Submenu untuk menampung data gallery', '1', 1, NULL, '2021-05-10 04:46:55', '2021-05-20 06:30:37'),
(22, 21, 'Foto Galeri', '/master/galleries/imagegallery', 'Submenu untuk menampung data images gallery', '1', 1, NULL, '2021-05-10 04:47:17', '2021-05-20 06:30:51'),
(23, 16, 'Pengguna', '/setting/trash/user', 'Submenu untuk menampung sampah data user', '1', 1, NULL, '2021-05-10 04:50:10', '2021-05-20 06:33:33'),
(24, 16, 'Divisi', '/setting/trash/division', 'Submenu untuk menampung sampah data division', '1', 1, NULL, '2021-05-10 04:50:27', '2021-05-20 08:31:01'),
(25, 16, 'Icon Divisi', '/setting/trash/imagedivision', 'Submenu untuk menampung sampah data image division', '1', 1, NULL, '2021-05-10 04:50:45', '2021-05-20 08:31:21'),
(26, 16, 'Prestasi', '/setting/trash/prestation', 'Submenu untuk menampung sampah data prestation', '1', 1, NULL, '2021-05-10 04:51:04', '2021-05-20 08:31:30'),
(27, 16, 'Anggota', '/setting/trash/member', 'Submenu untuk menampung sampah data member', '1', 1, NULL, '2021-05-10 04:51:21', '2021-05-20 08:31:36'),
(28, 16, 'Alumni', '/setting/trash/alumni', 'Submenu untuk menampung sampah data alumni', '1', 1, NULL, '2021-05-10 04:51:38', '2021-05-10 04:51:38'),
(29, 16, 'Galeri', '/setting/trash/gallery', 'Submenu untuk menampung sampah data gallery', '1', 1, NULL, '2021-05-10 04:51:52', '2021-05-20 08:30:45'),
(30, 16, 'Foto Galeri', '/setting/trash/imagegallery', 'Submenu untuk menampung sampah data image gallery', '1', 1, NULL, '2021-05-10 04:52:01', '2021-05-20 08:33:32'),
(31, 16, 'Category', '/setting/trash/categoty', 'Submenu untuk menampung sampah data category', '1', 1, NULL, '2021-05-10 04:52:18', '2021-05-10 04:52:18'),
(32, 16, 'Aktifitas', '/setting/trash/activity', 'Submenu untuk menampung sampah data activity', '1', 1, NULL, '2021-05-10 04:52:37', '2021-05-20 08:31:48'),
(33, 16, 'Jadwal', '/setting/trash/schedule', 'Submenu untuk menampung sampah data schedule', '1', 1, NULL, '2021-05-10 04:52:57', '2021-05-20 08:31:53'),
(34, 16, 'Ujian', '/setting/trash/test', 'Submenu untuk menampung sampah data exam', '1', 1, NULL, '2021-05-10 04:53:36', '2021-05-20 08:32:00'),
(35, 16, 'Nilai', '/setting/trash/score', 'Submenu untuk menampung sampah data exam score', '1', 1, NULL, '2021-05-10 04:53:56', '2021-05-20 08:32:05'),
(36, 10, 'Mentor', '/master/profiles/mentor', 'Submenu untuk menampung data mentor', '1', 1, NULL, '2021-06-02 05:58:20', '2021-06-03 04:17:35');

-- --------------------------------------------------------

--
-- Table structure for table `users`
--

CREATE TABLE `users` (
  `id` bigint(20) UNSIGNED NOT NULL,
  `role_id` int(11) DEFAULT NULL,
  `name` varchar(255) COLLATE utf8mb4_unicode_ci NOT NULL,
  `email` varchar(255) COLLATE utf8mb4_unicode_ci NOT NULL,
  `email_verified_at` timestamp NULL DEFAULT NULL,
  `password` varchar(255) COLLATE utf8mb4_unicode_ci NOT NULL,
  `remember_token` varchar(100) COLLATE utf8mb4_unicode_ci DEFAULT NULL,
  `status` int(11) DEFAULT 1,
  `created_at` timestamp NOT NULL DEFAULT current_timestamp(),
  `updated_at` timestamp NULL DEFAULT NULL ON UPDATE current_timestamp(),
  `deleted_at` timestamp NULL DEFAULT NULL
) ENGINE=InnoDB DEFAULT CHARSET=utf8mb4 COLLATE=utf8mb4_unicode_ci;

--
-- Dumping data for table `users`
--

INSERT INTO `users` (`id`, `role_id`, `name`, `email`, `email_verified_at`, `password`, `remember_token`, `status`, `created_at`, `updated_at`, `deleted_at`) VALUES
(1, 1, 'admin', 'admin@admin.com', '2021-03-17 11:44:23', '$2y$10$Z9AjLw8ocm3Tv5VLHqMPe.gjK.z7/7MQCHr2U5uDv3Itnm.3TpZoO', NULL, 1, '2021-03-17 03:58:06', '2022-06-11 04:28:34', NULL),
(3, 1, 'firmansyah', 'rizkanfirmansyah9@gmail.com', '2021-03-17 13:40:54', '$2y$10$R5E7OAfpeI3dgiugmhsBA.7o9Z2/CheIlT6qN545owYuQRdzIBvze', NULL, 1, '2021-03-17 06:40:29', '2021-07-20 14:03:10', '2021-07-20 14:03:10'),
(5, 1, 'Setting', 'anakbaik@mungkin.net', NULL, '$2y$10$Q7Cxs4LJ/Hklu8vBOY407Ofdh/A1gFnrsns3QEzXTRmFiYJ9085MO', NULL, 1, '2021-03-20 03:29:58', '2021-07-20 09:08:04', '2021-07-20 09:08:04'),
(27, 3, 'nenes', 'nesyadelimar555@gmail.com', '2021-03-27 21:37:39', '$2y$10$tYo9H0.2O1I6IE4YbAKtguR6WPcbbhYOcJE6SFFcv.S/yZ6SI5mj.', NULL, 1, '2021-03-27 21:37:23', '2021-07-20 14:03:12', '2021-07-20 14:03:12'),
(29, 4, 'user_rifki', 'user_rifki@itclub.com', '2021-04-18 06:39:09', '$2y$10$yQ.DbLq07ldnn8cw3iFezeHJPX/HRf5lreptXzfPGnfvVgpT15tui', NULL, 1, '2021-04-03 08:49:13', '2021-07-20 14:03:21', '2021-07-20 14:03:21'),
(36, 5, 'username-contoh', 'username@email.it', '2021-04-15 00:11:45', '$2y$10$yQ.DbLq07ldnn8cw3iFezeHJPX/HRf5lreptXzfPGnfvVgpT15tui', NULL, 1, '2021-04-15 00:10:48', '2021-07-20 14:03:18', '2021-07-20 14:03:18'),
(50, 1, 'teguhh', 'teguh.iqbal782@gmail.com', '2021-06-06 11:18:31', '$2y$10$CT5FZEY8Av0PIL3AVsYlMObIeoR0cf7XdVwBVZnLHyAGV56325uBe', NULL, 1, '2021-06-06 11:16:31', '2021-07-20 14:25:38', '2021-07-20 14:25:38'),
(53, 4, 'itclub5', 'itclub@qmail.id', '2021-07-09 05:18:08', '$2y$10$EX9wc1.WOVHrkssrVqwSS.7gG0osoGgwh/gcJOnjWC7egR4jhKvBe', NULL, 1, '2021-07-09 05:16:06', '2021-07-20 09:08:15', '2021-07-20 09:08:15'),
(54, 6, 'herdian1998', 'herdiannuryansyah1998@itclubsmkn5bdg.com', '2021-07-20 09:01:05', '$2y$10$hRYNXrzfPX7VXRUOs66b8.OI/91YgWPUb4xjgkRDQrqsOQ3Vxe5kW', NULL, 1, '2021-07-20 08:59:59', '2021-07-20 14:25:57', NULL),
(55, 6, 'sulthonadamm', 'adam@itclubsmkn5bdg.com', '2021-07-20 09:35:48', '$2y$10$nLPopDq9WAs2pHo0xnjxUuH7iPETQVMsGGz9ffuGFEVfJ0brggVI6', NULL, 1, '2021-07-20 09:11:48', '2021-07-20 14:26:03', NULL),
(56, 5, 'sulthonadammaulana', 'sulthonadammaulana@gmail.com', '2021-07-20 09:23:25', '$2y$10$Y5Icf5Md4Znr/NCqmB0GsOGfb.k5qjjuGZoeSyV4V1fKtAsiDXdeC', NULL, 1, '2021-07-20 09:22:39', '2021-07-20 14:03:29', '2021-07-20 14:03:29'),
(57, 6, 'Riru', 'riza@itclubsmkn5bdg.com', '2021-07-20 09:43:35', '$2y$10$64GhZOXtwd5IiRdxgcOzuudSbCKcbpRzeDh305OsLe6AzUP1lRjlK', NULL, 1, '2021-07-20 09:41:32', '2021-07-20 14:26:11', NULL),
(58, 6, 'ikhsanmaer', 'ikhsan@itclubsmkn5bdg.com', '2021-07-20 09:43:13', '$2y$10$xjcirj9X./lEulRy2oXC0./dWFB3N26IaT4PKvWzVu12orbsXUGrK', NULL, 1, '2021-07-20 09:42:19', '2021-07-20 14:26:19', NULL),
(60, 2, 'Rifqi Ahmad Abiyyi', 'rifqi@itclubsmkn5bdg.com', '2021-07-20 10:38:51', '$2y$10$dHT1NJGKfhyrVKw5pWXCD.SrLWEnIBsQvLMH5MJIn1j2rVI5VFCtG', NULL, 1, '2021-07-20 10:37:53', '2021-07-20 14:37:31', NULL),
(61, 6, 'Hengki Hermansyah', 'hengki@itclubsmkn5bdg.com', '2021-07-20 11:29:18', '$2y$10$uJFg9OsiV0OmPKsGuL59ROB4C3Pma.5JlyHE55LpcAAEjbxgoj0zW', NULL, 1, '2021-07-20 11:28:03', '2021-07-20 14:26:34', NULL),
(62, 2, 'Yayan', 'rian.alfazri96@gmail.com', '2021-07-20 14:45:55', '$2y$10$dw.J01zin2Hs7I4e63ytLOpD.XQskuDAkEVCkVZpdlQuzFt0XYnte', NULL, 1, '2021-07-20 14:45:16', '2021-07-20 14:47:24', NULL),
(63, 5, 'Syahla Tasya Kamila', 'tasyakamila601@gmail.com', NULL, '$2y$10$FDOx.n2kxa0ZjFg9ab4/1OMwUhH5jmZ3SX6UTkpnrT.1DhLhPKN06', NULL, 1, '2021-07-21 04:10:00', '2021-07-21 04:10:00', NULL),
(66, 5, 'Rai', 'raifadhilah85@gmail.com', '2021-07-21 04:49:04', '$2y$10$FRAnEb7t3t8/ZvoVpxRKuukblNanvn0eHTgEf5bNHNWYsQz5S9U2C', NULL, 1, '2021-07-21 04:48:37', '2021-07-21 04:49:04', NULL),
(69, 5, 'Reyyy', 'reytendy@gmail.com', '2021-07-26 08:27:15', '$2y$10$Bj1b5yxYPLY.mW7qm462vOVTt/GF3cC1GE8wIxiMFL5z9e5JhIXnO', NULL, 1, '2021-07-26 08:21:02', '2021-07-26 08:27:15', NULL),
(70, 5, 'Rey', 'nugrahareytandi@gmail.com', NULL, '$2y$10$n4eckGhV9.7DjCFkyEh83.uhjw5nHbQIQAz6VXBL9hbFEXMEPUUf2', NULL, 1, '2021-07-26 08:26:02', '2021-07-26 08:26:02', NULL),
(71, 5, 'Ilyasa Mulki', 'mulkiilyasa@gmail.com', '2021-07-26 08:43:56', '$2y$10$QcBFPKLQmYnpykG/Wr4B2.UfYu4T0QL8W3ck17unNujBsswxa.rVa', NULL, 1, '2021-07-26 08:42:04', '2021-07-26 08:43:56', NULL),
(76, 6, 'rizkanfirmansyah', 'rizkan@itclubsmkn5bdg.com', '2021-08-18 06:33:57', '$2y$10$XpXXKXUwIgZk9jrc4BB.ZeW.wd5GsOSA5OzbEhNT6Ph/obJW7jAz6', NULL, 1, '2021-08-18 06:26:12', '2021-08-18 06:34:55', NULL),
(77, 5, 'leleilalelena', 'gwkece111@gmail.com', '2021-12-27 09:44:59', '$2y$10$AArgMp8OvJrfB0O1oyald.Q41T9WRHncuY5TZV2X18Mp0vIcnbHde', NULL, 1, '2021-12-27 09:42:10', '2021-12-27 09:44:59', NULL),
(78, 5, 'admin1', 'a@a.com', NULL, '$2y$10$G1N/tvq/ljbMGdWZIkGaiOLfiRo2/fMd4IAg.oyainRUVcqvjU7hm', NULL, 1, '2022-01-28 01:27:41', '2022-01-28 01:27:41', NULL),
(79, 5, 'guhh', 'guhauh@gmail.com', NULL, '$2y$10$Z9AjLw8ocm3Tv5VLHqMPe.gjK.z7/7MQCHr2U5uDv3Itnm.3TpZoO', NULL, 1, '2022-06-11 04:27:49', '2022-06-11 04:27:49', NULL),
(80, 4, 'bruh', 'bruh@gmail.com', NULL, '$2y$10$iUdzzUE1EmSf5na1aZlEZ.vG7OOJaLGVZxOAc.Uf430Mazkxu1pRy', NULL, 1, '2022-06-11 04:30:48', '2022-06-11 04:30:48', NULL);

-- --------------------------------------------------------

--
-- Table structure for table `users_activation`
--

CREATE TABLE `users_activation` (
  `id` bigint(20) UNSIGNED NOT NULL,
  `type` enum('activation','forgotpassword','blocked','message','unknown') COLLATE utf8mb4_unicode_ci NOT NULL,
  `email` varchar(255) COLLATE utf8mb4_unicode_ci NOT NULL,
  `token` varchar(255) COLLATE utf8mb4_unicode_ci NOT NULL,
  `status` varchar(255) COLLATE utf8mb4_unicode_ci DEFAULT NULL,
  `created_at` timestamp NOT NULL DEFAULT current_timestamp()
) ENGINE=InnoDB DEFAULT CHARSET=utf8mb4 COLLATE=utf8mb4_unicode_ci;

--
-- Dumping data for table `users_activation`
--

INSERT INTO `users_activation` (`id`, `type`, `email`, `token`, `status`, `created_at`) VALUES
(11, 'activation', 'nesyadelimar555@gmail.com', 'bmVzeWFkZWxpbWFyNTU1QGdtYWlsLmNvbWl0Y2x1YnNta241YmFuZHVuZw==', 'activated', '2021-03-27 21:12:22'),
(13, 'activation', 'nesyadelimar555@gmail.com', 'bmVzeWFkZWxpbWFyNTU1QGdtYWlsLmNvbWl0Y2x1YnNta241YmFuZHVuZzYz', 'activated', '2021-03-27 21:37:23'),
(14, 'forgotpassword', 'nesyadelimar555@gmail.com', 'bmVzeWFkZWxpbWFyNTU1QGdtYWlsLmNvbWl0Y2x1YnNta241YmFuZHVuZzE2', NULL, '2021-03-28 10:33:57'),
(15, 'forgotpassword', 'rizkan@gmail.com', 'cml6a2FuQGdtYWlsLmNvbWl0Y2x1YnNta241YmFuZHVuZzYy', NULL, '2021-03-28 10:35:15'),
(18, 'forgotpassword', 'rizkan@gmail.com', 'cml6a2FuQGdtYWlsLmNvbWl0Y2x1YnNta241YmFuZHVuZzg0', 'activated', '2021-03-28 10:43:52'),
(19, 'activation', 'user_rifki@itclub.com', 'dXNlcl9yaWZraUBpdGNsdWIuY29taXRjbHVic21rbjViYW5kdW5nNzc=', NULL, '2021-04-03 08:49:13'),
(25, 'activation', 'username@email.it', 'dXNlcm5hbWVAZW1haWwuaXRpdGNsdWJzbWtuNWJhbmR1bmc4Ng==', 'activated', '2021-04-15 00:10:43'),
(26, 'activation', 'herdiannuryansyah1998@gmail.com', 'aGVyZGlhbm51cnlhbnN5YWgxOTk4QGdtYWlsLmNvbWl0Y2x1YnNta241YmFuZHVuZzQ2', NULL, '2021-06-02 09:29:04'),
(27, 'activation', 'herdiannuryansyah1998@gmail.com', 'aGVyZGlhbm51cnlhbnN5YWgxOTk4QGdtYWlsLmNvbWl0Y2x1YnNta241YmFuZHVuZzc4', NULL, '2021-06-02 09:29:23'),
(28, 'activation', 'herdiannuryansyah1998@gmail.com', 'aGVyZGlhbm51cnlhbnN5YWgxOTk4QGdtYWlsLmNvbWl0Y2x1YnNta241YmFuZHVuZzQ3', NULL, '2021-06-02 09:30:39'),
(29, 'activation', 'herdiannuryansyah0@gmail.com', 'aGVyZGlhbm51cnlhbnN5YWgwQGdtYWlsLmNvbWl0Y2x1YnNta241YmFuZHVuZzMz', NULL, '2021-06-02 11:34:02'),
(30, 'activation', 'herdiannuryansyah0@gmail.com', 'aGVyZGlhbm51cnlhbnN5YWgwQGdtYWlsLmNvbWl0Y2x1YnNta241YmFuZHVuZzk0', NULL, '2021-06-02 11:34:04'),
(31, 'activation', 'akunghaib1@gmail.com', 'YWt1bmdoYWliMUBnbWFpbC5jb21pdGNsdWJzbWtuNWJhbmR1bmc1MQ==', NULL, '2021-06-02 11:36:47'),
(51, 'forgotpassword', 'teguh.iqbal782@gmail.com', 'dGVndWguaXFiYWw3ODJAZ21haWwuY29taXRjbHVic21rbjViYW5kdW5nNTE=', 'activated', '2021-06-06 12:54:20'),
(52, 'activation', 'piksi.herdiannuryansyah.18204012@gmail.com', 'cGlrc2kuaGVyZGlhbm51cnlhbnN5YWguMTgyMDQwMTJAZ21haWwuY29taXRjbHVic21rbjViYW5kdW5nMzk=', NULL, '2021-06-06 13:08:30'),
(53, 'activation', 'Piksi.herdiannuryansyah.18304012@gmail.com', 'UGlrc2kuaGVyZGlhbm51cnlhbnN5YWguMTgzMDQwMTJAZ21haWwuY29taXRjbHVic21rbjViYW5kdW5nMTY=', 'activated', '2021-06-06 13:11:45'),
(54, 'activation', 'itclub@qmail.id', 'aXRjbHViQHFtYWlsLmlkaXRjbHVic21rbjViYW5kdW5nMjQ=', 'activated', '2021-07-09 05:16:02'),
(55, 'activation', 'herdiannuryansyah1998@itclubsmkn5bdg.com', 'aGVyZGlhbm51cnlhbnN5YWgxOTk4QGl0Y2x1YnNta241YmRnLmNvbWl0Y2x1YnNta241YmFuZHVuZzM0', 'activated', '2021-07-20 08:59:55'),
(56, 'activation', 'adam@itclubsmkn5bdg.com', 'YWRhbUBpdGNsdWJzbWtuNWJkZy5jb21pdGNsdWJzbWtuNWJhbmR1bmcxMQ==', 'activated', '2021-07-20 09:11:44'),
(57, 'activation', 'sulthonadammaulana@gmail.com', 'c3VsdGhvbmFkYW1tYXVsYW5hQGdtYWlsLmNvbWl0Y2x1YnNta241YmFuZHVuZzg3', 'activated', '2021-07-20 09:22:35'),
(58, 'activation', 'riza@itclubsmkn5bdg.com', 'cml6YUBpdGNsdWJzbWtuNWJkZy5jb21pdGNsdWJzbWtuNWJhbmR1bmcxMDA=', 'activated', '2021-07-20 09:41:28'),
(59, 'activation', 'ikhsan@itclubsmkn5bdg.com', 'aWtoc2FuQGl0Y2x1YnNta241YmRnLmNvbWl0Y2x1YnNta241YmFuZHVuZzc5', 'activated', '2021-07-20 09:42:16'),
(60, 'activation', 'ikhsan@itclubsmkn5bdg.com', 'aWtoc2FuQGl0Y2x1YnNta241YmRnLmNvbWl0Y2x1YnNta241YmFuZHVuZzE2', NULL, '2021-07-20 09:42:18'),
(61, 'activation', 'rifqi@itclubsmkn5bdg.com', 'cmlmcWlAaXRjbHVic21rbjViZGcuY29taXRjbHVic21rbjViYW5kdW5nMTE=', 'activated', '2021-07-20 10:37:49'),
(62, 'activation', 'hengki@itclubsmkn5bdg.com', 'aGVuZ2tpQGl0Y2x1YnNta241YmRnLmNvbWl0Y2x1YnNta241YmFuZHVuZzI4', 'activated', '2021-07-20 11:28:00'),
(63, 'activation', 'rian.alfazri96@gmail.com', 'cmlhbi5hbGZhenJpOTZAZ21haWwuY29taXRjbHVic21rbjViYW5kdW5nNjY=', 'activated', '2021-07-20 14:45:12'),
(64, 'activation', 'tasyakamila601@gmail.com', 'dGFzeWFrYW1pbGE2MDFAZ21haWwuY29taXRjbHVic21rbjViYW5kdW5nNjc=', NULL, '2021-07-21 04:09:57'),
(65, 'activation', 'aaa@aa.com', 'YWFhQGFhLmNvbWl0Y2x1YnNta241YmFuZHVuZzYx', NULL, '2021-07-21 04:11:55'),
(66, 'activation', 'mrijalabdulatif@gmail.com', 'bXJpamFsYWJkdWxhdGlmQGdtYWlsLmNvbWl0Y2x1YnNta241YmFuZHVuZzM1', 'activated', '2021-07-21 04:17:24'),
(67, 'activation', 'raifadhilah85@gmail.com', 'cmFpZmFkaGlsYWg4NUBnbWFpbC5jb21pdGNsdWJzbWtuNWJhbmR1bmcxNA==', 'activated', '2021-07-21 04:48:33'),
(68, 'activation', 'raifadhilah85@gmail.com', 'cmFpZmFkaGlsYWg4NUBnbWFpbC5jb21pdGNsdWJzbWtuNWJhbmR1bmc1MA==', NULL, '2021-07-21 04:48:37'),
(69, 'activation', 'herdiannuryansyah0@gmail.com', 'aGVyZGlhbm51cnlhbnN5YWgwQGdtYWlsLmNvbWl0Y2x1YnNta241YmFuZHVuZzU2', NULL, '2021-07-23 12:24:13'),
(70, 'activation', 'reytendy@gmail.com', 'cmV5dGVuZHlAZ21haWwuY29taXRjbHVic21rbjViYW5kdW5nNzY=', 'activated', '2021-07-26 08:20:58'),
(71, 'activation', 'nugrahareytandi@gmail.com', 'bnVncmFoYXJleXRhbmRpQGdtYWlsLmNvbWl0Y2x1YnNta241YmFuZHVuZzY3', NULL, '2021-07-26 08:25:58'),
(72, 'activation', 'mulkiilyasa@gmail.com', 'bXVsa2lpbHlhc2FAZ21haWwuY29taXRjbHVic21rbjViYW5kdW5nNTQ=', 'activated', '2021-07-26 08:42:01'),
(76, 'activation', 'rizkan@itclubsmkn5bdg.com', 'cml6a2FuQGl0Y2x1YnNta241YmRnLmNvbWl0Y2x1YnNta241YmFuZHVuZzM3', 'activated', '2021-08-18 06:26:08'),
(77, 'activation', 'gwkece111@gmail.com', 'Z3drZWNlMTExQGdtYWlsLmNvbWl0Y2x1YnNta241YmFuZHVuZzY4', 'activated', '2021-12-27 09:42:06'),
(78, 'activation', 'a@a.com', 'YUBhLmNvbWl0Y2x1YnNta241YmFuZHVuZzEx', NULL, '2022-01-28 01:27:36'),
(79, 'activation', 'guhauh@gmail.com', 'Z3VoYXVoQGdtYWlsLmNvbWl0Y2x1YnNta241YmFuZHVuZzIw', NULL, '2022-06-11 04:27:41');

-- --------------------------------------------------------

--
-- Table structure for table `users_profile`
--

CREATE TABLE `users_profile` (
  `id` bigint(20) UNSIGNED NOT NULL,
  `user_id` int(11) NOT NULL,
  `first_name` varchar(255) COLLATE utf8mb4_unicode_ci NOT NULL,
  `last_name` varchar(255) COLLATE utf8mb4_unicode_ci NOT NULL,
  `telepon` char(255) COLLATE utf8mb4_unicode_ci DEFAULT NULL,
  `status` varchar(255) COLLATE utf8mb4_unicode_ci DEFAULT NULL,
  `thumbnail` varchar(255) COLLATE utf8mb4_unicode_ci DEFAULT NULL,
  `bio` text COLLATE utf8mb4_unicode_ci DEFAULT NULL,
  `facebook_name` varchar(255) COLLATE utf8mb4_unicode_ci DEFAULT NULL,
  `facebook_url` varchar(255) COLLATE utf8mb4_unicode_ci DEFAULT NULL,
  `instagram_name` varchar(255) COLLATE utf8mb4_unicode_ci DEFAULT NULL,
  `instagram_url` varchar(255) COLLATE utf8mb4_unicode_ci DEFAULT NULL,
  `linkedin_name` varchar(255) COLLATE utf8mb4_unicode_ci DEFAULT NULL,
  `linkedin_url` varchar(255) COLLATE utf8mb4_unicode_ci DEFAULT NULL,
  `twitter_name` varchar(255) COLLATE utf8mb4_unicode_ci DEFAULT NULL,
  `twitter_url` varchar(255) COLLATE utf8mb4_unicode_ci DEFAULT NULL,
  `deleted_at` timestamp NULL DEFAULT NULL,
  `created_at` timestamp NOT NULL DEFAULT current_timestamp(),
  `updated_at` timestamp NULL DEFAULT NULL ON UPDATE current_timestamp()
) ENGINE=InnoDB DEFAULT CHARSET=utf8mb4 COLLATE=utf8mb4_unicode_ci;

--
-- Dumping data for table `users_profile`
--

INSERT INTO `users_profile` (`id`, `user_id`, `first_name`, `last_name`, `telepon`, `status`, `thumbnail`, `bio`, `facebook_name`, `facebook_url`, `instagram_name`, `instagram_url`, `linkedin_name`, `linkedin_url`, `twitter_name`, `twitter_url`, `deleted_at`, `created_at`, `updated_at`) VALUES
(1, 1, 'Rizkan', 'Firmansyah', '08983901552', 'Web Developer', NULL, '<p>Sedang Tidur</p><p>_____________________RIZKAN____________________</p><p>___________________FIRMANSYAH_________________</p><p>____________________MASTER___________________</p>', 'Rizkan Firmansyah', NULL, '_rizkanfirmansyah', 'https://instagram.com/_rizkanfirmansyah', NULL, NULL, NULL, NULL, NULL, '2021-03-21 21:33:12', '2021-12-11 12:25:10'),
(2, 35, 'Username', 'COntoh', '08864535264623', 'Pelajar', NULL, '<p>Sedang belajar</p>', NULL, NULL, NULL, NULL, NULL, NULL, NULL, NULL, NULL, '2021-04-15 00:02:45', '2021-04-15 00:04:49'),
(3, 36, 'Username', 'Admin', '08983901552', 'IT Network', NULL, '<p>Sedang belajar IT</p>', NULL, NULL, '_Rizkanfirmansyah', 'https://instagram.com/_rizkanfirmansyah', NULL, NULL, NULL, NULL, NULL, '2021-04-15 00:12:53', '2021-04-15 00:27:16'),
(4, 53, 'IT', 'CLUB', NULL, 'Pelajar', NULL, NULL, NULL, NULL, NULL, NULL, NULL, NULL, NULL, NULL, NULL, '2021-07-09 05:18:36', '2021-07-09 05:18:41'),
(5, 54, 'Herdian', 'Nuryansyah', '088802335851', 'Mentor', 'herdian1998-202107201602-0.jpg', '<p>Lebih baik terlambat dari pada tidak sama sekali.</p>', NULL, NULL, NULL, NULL, NULL, NULL, NULL, NULL, NULL, '2021-07-20 09:01:57', '2021-07-20 09:02:44'),
(6, 56, 'Sulthon Adam', 'Maulana', '089637494466', 'Mahasiswa', 'sulthonadammaulana-202107201631-0.png', '<p>do the best.</p>', NULL, NULL, NULL, NULL, NULL, NULL, NULL, NULL, NULL, '2021-07-20 09:30:25', '2021-07-20 09:31:08'),
(7, 55, 'Sulthon', 'Adam', '089637494466', 'Mahasiswa', NULL, NULL, NULL, NULL, NULL, NULL, NULL, NULL, NULL, NULL, NULL, '2021-07-20 09:47:43', '2021-07-20 09:47:43'),
(8, 50, 'Teguh', 'Iqbal', '089668057456', 'Mentor', 'teguhh-202107202029-0.jpg', '<p>pale pale pale</p>', NULL, NULL, NULL, NULL, NULL, NULL, NULL, NULL, NULL, '2021-07-20 13:29:47', '2021-07-20 13:29:55'),
(9, 69, 'Reytandi', 'Nugraha', '08996946557', 'Pelajar', NULL, '<p>???</p>', NULL, NULL, NULL, NULL, NULL, NULL, NULL, NULL, NULL, '2021-07-26 08:29:21', '2021-07-26 08:29:24'),
(10, 66, 'Rai', 'Fadhilah', '083811800938', 'Pelajar', 'Rai-202107270616-0.jpg', '<p>Its MY LIFE</p>', NULL, NULL, NULL, NULL, NULL, NULL, NULL, NULL, NULL, '2021-07-26 23:16:38', '2021-07-26 23:16:38');

-- --------------------------------------------------------

--
-- Table structure for table `user_guides`
--

CREATE TABLE `user_guides` (
  `id` bigint(20) UNSIGNED NOT NULL,
  `title` varchar(255) COLLATE utf8mb4_unicode_ci NOT NULL,
  `created_by` int(11) NOT NULL,
  `deleted_at` timestamp NULL DEFAULT NULL,
  `created_at` timestamp NOT NULL DEFAULT current_timestamp(),
  `updated_at` timestamp NULL DEFAULT NULL ON UPDATE current_timestamp()
) ENGINE=InnoDB DEFAULT CHARSET=utf8mb4 COLLATE=utf8mb4_unicode_ci;

--
-- Dumping data for table `user_guides`
--

INSERT INTO `user_guides` (`id`, `title`, `created_by`, `deleted_at`, `created_at`, `updated_at`) VALUES
(1, 'Cara menambahkan user guides menu IT Club', 1, '2021-04-23 04:26:38', '2021-04-20 15:01:29', '2021-04-23 04:26:38'),
(2, 'Cara Login Website IT Club', 1, NULL, '2021-04-23 04:27:18', '2021-04-23 04:27:18');

-- --------------------------------------------------------

--
-- Table structure for table `user_guides_decs`
--

CREATE TABLE `user_guides_decs` (
  `id` bigint(20) UNSIGNED NOT NULL,
  `guide_id` int(11) NOT NULL,
  `description` text COLLATE utf8mb4_unicode_ci NOT NULL,
  `thumbnail` varchar(255) COLLATE utf8mb4_unicode_ci DEFAULT NULL,
  `created_by` int(11) NOT NULL,
  `deleted_at` timestamp NULL DEFAULT NULL,
  `created_at` timestamp NOT NULL DEFAULT current_timestamp(),
  `updated_at` timestamp NULL DEFAULT NULL ON UPDATE current_timestamp()
) ENGINE=InnoDB DEFAULT CHARSET=utf8mb4 COLLATE=utf8mb4_unicode_ci;

--
-- Dumping data for table `user_guides_decs`
--

INSERT INTO `user_guides_decs` (`id`, `guide_id`, `description`, `thumbnail`, `created_by`, `deleted_at`, `created_at`, `updated_at`) VALUES
(1, 1, '<p>ya</p>', 'images/user_guides/admin-202104230515-0.png', 1, '2021-04-22 22:23:54', '2021-04-22 15:49:47', '2021-04-24 08:46:18'),
(2, 2, '<p>Pertama Pastikan akun anda telah terdaftar di dalam website IT Club jika belum registrasi terlebih dahulu *disarankan.</p>', 'images/user_guides/admin-202104230515-0.png', 1, NULL, '2021-04-22 16:31:21', '2021-04-24 08:47:29'),
(3, 1, '<p>awdawdawdwadawdwadwadawdawd</p>', NULL, 1, '2021-04-22 22:23:27', '2021-04-22 21:16:37', '2021-04-22 22:23:27'),
(4, 1, '<h3>Mencoba Menambah Data</h3><ol><li>Pertama kunjungi situs <a href=\"www.itclub.com\">www.itclub.com</a> lalu, buka modul <strong>Master </strong>dan Menu <strong>Data Role</strong></li><li>Klik tombol tambah untuk memunculkan modal inputan.</li><li>Isi inputan dengan benar dan pastikan form telah terisi semua</li><li>Klik save untuk menyimpan inputan</li><li>Selesai</li></ol>', NULL, 1, NULL, '2021-04-23 03:01:42', '2021-04-23 03:01:42'),
(5, 2, '<p>Pertama Pastikan akun anda telah terdaftar di dalam website IT Club jika belum registrasi terlebih dahulu *disarankan.</p><p>&nbsp;</p>', '', 1, '2021-04-23 04:31:27', '2021-04-23 04:28:29', '2021-04-24 08:47:24'),
(6, 2, '<p>Kedua, Masukkan username/email dan password anda pada kolom yang telah disediakan</p><p>&nbsp;</p>', NULL, 1, NULL, '2021-04-23 04:29:06', '2021-04-23 04:29:06'),
(7, 2, '<p>Ketiga, pastikan username &amp; password anda telah benar jika sudah benar. Maka selanjutnya klik login/enter untuk masuk ke dalam dashboard user</p>', NULL, 1, NULL, '2021-04-23 04:29:53', '2021-04-23 04:29:53'),
(8, 2, '<p>Jika, error maka website akan mengembalikan pesan error, dan kalo sukses maka anda akan dipindahkan langsung ke main dashboard IT Club. Selamat Anda bisa Memanage dashboard anda sekarang</p>', NULL, 1, NULL, '2021-04-23 04:30:50', '2021-04-23 04:30:50');

--
-- Indexes for dumped tables
--

--
-- Indexes for table `access_user_menu`
--
ALTER TABLE `access_user_menu`
  ADD PRIMARY KEY (`id`);

--
-- Indexes for table `access_user_section`
--
ALTER TABLE `access_user_section`
  ADD PRIMARY KEY (`id`);

--
-- Indexes for table `access_user_submenu`
--
ALTER TABLE `access_user_submenu`
  ADD PRIMARY KEY (`id`);

--
-- Indexes for table `activities`
--
ALTER TABLE `activities`
  ADD PRIMARY KEY (`id`);

--
-- Indexes for table `alumnies`
--
ALTER TABLE `alumnies`
  ADD PRIMARY KEY (`id`);

--
-- Indexes for table `blogs`
--
ALTER TABLE `blogs`
  ADD PRIMARY KEY (`id`);

--
-- Indexes for table `blog_category`
--
ALTER TABLE `blog_category`
  ADD PRIMARY KEY (`blog_id`,`category_id`);

--
-- Indexes for table `blog_suspended`
--
ALTER TABLE `blog_suspended`
  ADD PRIMARY KEY (`id`);

--
-- Indexes for table `categories`
--
ALTER TABLE `categories`
  ADD PRIMARY KEY (`id`);

--
-- Indexes for table `divisions`
--
ALTER TABLE `divisions`
  ADD PRIMARY KEY (`id`);

--
-- Indexes for table `division_mentor`
--
ALTER TABLE `division_mentor`
  ADD PRIMARY KEY (`division_id`,`mentor_id`);

--
-- Indexes for table `exception_error`
--
ALTER TABLE `exception_error`
  ADD PRIMARY KEY (`id`);

--
-- Indexes for table `failed_jobs`
--
ALTER TABLE `failed_jobs`
  ADD PRIMARY KEY (`id`),
  ADD UNIQUE KEY `failed_jobs_uuid_unique` (`uuid`);

--
-- Indexes for table `galleries`
--
ALTER TABLE `galleries`
  ADD PRIMARY KEY (`id`);

--
-- Indexes for table `image_division`
--
ALTER TABLE `image_division`
  ADD PRIMARY KEY (`id`);

--
-- Indexes for table `image_gallery`
--
ALTER TABLE `image_gallery`
  ADD PRIMARY KEY (`id`);

--
-- Indexes for table `list_score`
--
ALTER TABLE `list_score`
  ADD PRIMARY KEY (`id`);

--
-- Indexes for table `list_test`
--
ALTER TABLE `list_test`
  ADD PRIMARY KEY (`id`);

--
-- Indexes for table `members`
--
ALTER TABLE `members`
  ADD PRIMARY KEY (`id`);

--
-- Indexes for table `members_it`
--
ALTER TABLE `members_it`
  ADD PRIMARY KEY (`id`);

--
-- Indexes for table `member_reg`
--
ALTER TABLE `member_reg`
  ADD PRIMARY KEY (`id`);

--
-- Indexes for table `mentors`
--
ALTER TABLE `mentors`
  ADD PRIMARY KEY (`id`);

--
-- Indexes for table `menu`
--
ALTER TABLE `menu`
  ADD PRIMARY KEY (`id`);

--
-- Indexes for table `migrations`
--
ALTER TABLE `migrations`
  ADD PRIMARY KEY (`id`);

--
-- Indexes for table `password_resets`
--
ALTER TABLE `password_resets`
  ADD KEY `password_resets_email_index` (`email`);

--
-- Indexes for table `prestations`
--
ALTER TABLE `prestations`
  ADD PRIMARY KEY (`id`);

--
-- Indexes for table `roles`
--
ALTER TABLE `roles`
  ADD PRIMARY KEY (`id`);

--
-- Indexes for table `schedule`
--
ALTER TABLE `schedule`
  ADD PRIMARY KEY (`id`);

--
-- Indexes for table `section`
--
ALTER TABLE `section`
  ADD PRIMARY KEY (`id`);

--
-- Indexes for table `set_access_menu`
--
ALTER TABLE `set_access_menu`
  ADD PRIMARY KEY (`id`);

--
-- Indexes for table `set_access_section`
--
ALTER TABLE `set_access_section`
  ADD PRIMARY KEY (`id`);

--
-- Indexes for table `set_access_submenu`
--
ALTER TABLE `set_access_submenu`
  ADD PRIMARY KEY (`id`);

--
-- Indexes for table `submenu`
--
ALTER TABLE `submenu`
  ADD PRIMARY KEY (`id`);

--
-- Indexes for table `users`
--
ALTER TABLE `users`
  ADD PRIMARY KEY (`id`),
  ADD UNIQUE KEY `users_email_unique` (`email`);

--
-- Indexes for table `users_activation`
--
ALTER TABLE `users_activation`
  ADD PRIMARY KEY (`id`);

--
-- Indexes for table `users_profile`
--
ALTER TABLE `users_profile`
  ADD PRIMARY KEY (`id`);

--
-- Indexes for table `user_guides`
--
ALTER TABLE `user_guides`
  ADD PRIMARY KEY (`id`);

--
-- Indexes for table `user_guides_decs`
--
ALTER TABLE `user_guides_decs`
  ADD PRIMARY KEY (`id`);

--
-- AUTO_INCREMENT for dumped tables
--

--
-- AUTO_INCREMENT for table `access_user_menu`
--
ALTER TABLE `access_user_menu`
  MODIFY `id` bigint(20) UNSIGNED NOT NULL AUTO_INCREMENT, AUTO_INCREMENT=178;

--
-- AUTO_INCREMENT for table `access_user_section`
--
ALTER TABLE `access_user_section`
  MODIFY `id` bigint(20) UNSIGNED NOT NULL AUTO_INCREMENT, AUTO_INCREMENT=101;

--
-- AUTO_INCREMENT for table `access_user_submenu`
--
ALTER TABLE `access_user_submenu`
  MODIFY `id` bigint(20) UNSIGNED NOT NULL AUTO_INCREMENT, AUTO_INCREMENT=196;

--
-- AUTO_INCREMENT for table `activities`
--
ALTER TABLE `activities`
  MODIFY `id` bigint(20) UNSIGNED NOT NULL AUTO_INCREMENT, AUTO_INCREMENT=1055;

--
-- AUTO_INCREMENT for table `alumnies`
--
ALTER TABLE `alumnies`
  MODIFY `id` bigint(20) UNSIGNED NOT NULL AUTO_INCREMENT, AUTO_INCREMENT=32;

--
-- AUTO_INCREMENT for table `blogs`
--
ALTER TABLE `blogs`
  MODIFY `id` bigint(20) UNSIGNED NOT NULL AUTO_INCREMENT, AUTO_INCREMENT=37;

--
-- AUTO_INCREMENT for table `blog_suspended`
--
ALTER TABLE `blog_suspended`
  MODIFY `id` bigint(20) UNSIGNED NOT NULL AUTO_INCREMENT, AUTO_INCREMENT=10;

--
-- AUTO_INCREMENT for table `categories`
--
ALTER TABLE `categories`
  MODIFY `id` bigint(20) UNSIGNED NOT NULL AUTO_INCREMENT, AUTO_INCREMENT=18;

--
-- AUTO_INCREMENT for table `divisions`
--
ALTER TABLE `divisions`
  MODIFY `id` bigint(20) UNSIGNED NOT NULL AUTO_INCREMENT, AUTO_INCREMENT=8;

--
-- AUTO_INCREMENT for table `exception_error`
--
ALTER TABLE `exception_error`
  MODIFY `id` bigint(20) UNSIGNED NOT NULL AUTO_INCREMENT, AUTO_INCREMENT=10;

--
-- AUTO_INCREMENT for table `failed_jobs`
--
ALTER TABLE `failed_jobs`
  MODIFY `id` bigint(20) UNSIGNED NOT NULL AUTO_INCREMENT;

--
-- AUTO_INCREMENT for table `galleries`
--
ALTER TABLE `galleries`
  MODIFY `id` bigint(20) UNSIGNED NOT NULL AUTO_INCREMENT, AUTO_INCREMENT=31;

--
-- AUTO_INCREMENT for table `image_division`
--
ALTER TABLE `image_division`
  MODIFY `id` bigint(20) UNSIGNED NOT NULL AUTO_INCREMENT, AUTO_INCREMENT=45;

--
-- AUTO_INCREMENT for table `image_gallery`
--
ALTER TABLE `image_gallery`
  MODIFY `id` bigint(20) UNSIGNED NOT NULL AUTO_INCREMENT, AUTO_INCREMENT=254;

--
-- AUTO_INCREMENT for table `list_score`
--
ALTER TABLE `list_score`
  MODIFY `id` bigint(20) UNSIGNED NOT NULL AUTO_INCREMENT, AUTO_INCREMENT=10;

--
-- AUTO_INCREMENT for table `list_test`
--
ALTER TABLE `list_test`
  MODIFY `id` bigint(20) UNSIGNED NOT NULL AUTO_INCREMENT, AUTO_INCREMENT=7;

--
-- AUTO_INCREMENT for table `members`
--
ALTER TABLE `members`
  MODIFY `id` bigint(20) UNSIGNED NOT NULL AUTO_INCREMENT, AUTO_INCREMENT=2;

--
-- AUTO_INCREMENT for table `members_it`
--
ALTER TABLE `members_it`
  MODIFY `id` bigint(20) UNSIGNED NOT NULL AUTO_INCREMENT, AUTO_INCREMENT=4;

--
-- AUTO_INCREMENT for table `member_reg`
--
ALTER TABLE `member_reg`
  MODIFY `id` bigint(20) UNSIGNED NOT NULL AUTO_INCREMENT, AUTO_INCREMENT=15;

--
-- AUTO_INCREMENT for table `mentors`
--
ALTER TABLE `mentors`
  MODIFY `id` int(11) NOT NULL AUTO_INCREMENT, AUTO_INCREMENT=13;

--
-- AUTO_INCREMENT for table `menu`
--
ALTER TABLE `menu`
  MODIFY `id` bigint(20) UNSIGNED NOT NULL AUTO_INCREMENT, AUTO_INCREMENT=24;

--
-- AUTO_INCREMENT for table `migrations`
--
ALTER TABLE `migrations`
  MODIFY `id` int(10) UNSIGNED NOT NULL AUTO_INCREMENT, AUTO_INCREMENT=35;

--
-- AUTO_INCREMENT for table `prestations`
--
ALTER TABLE `prestations`
  MODIFY `id` bigint(20) UNSIGNED NOT NULL AUTO_INCREMENT, AUTO_INCREMENT=30;

--
-- AUTO_INCREMENT for table `roles`
--
ALTER TABLE `roles`
  MODIFY `id` bigint(20) UNSIGNED NOT NULL AUTO_INCREMENT, AUTO_INCREMENT=7;

--
-- AUTO_INCREMENT for table `schedule`
--
ALTER TABLE `schedule`
  MODIFY `id` bigint(20) UNSIGNED NOT NULL AUTO_INCREMENT, AUTO_INCREMENT=7;

--
-- AUTO_INCREMENT for table `section`
--
ALTER TABLE `section`
  MODIFY `id` bigint(20) UNSIGNED NOT NULL AUTO_INCREMENT, AUTO_INCREMENT=15;

--
-- AUTO_INCREMENT for table `set_access_menu`
--
ALTER TABLE `set_access_menu`
  MODIFY `id` bigint(20) UNSIGNED NOT NULL AUTO_INCREMENT, AUTO_INCREMENT=42;

--
-- AUTO_INCREMENT for table `set_access_section`
--
ALTER TABLE `set_access_section`
  MODIFY `id` bigint(20) UNSIGNED NOT NULL AUTO_INCREMENT, AUTO_INCREMENT=32;

--
-- AUTO_INCREMENT for table `set_access_submenu`
--
ALTER TABLE `set_access_submenu`
  MODIFY `id` bigint(20) UNSIGNED NOT NULL AUTO_INCREMENT, AUTO_INCREMENT=56;

--
-- AUTO_INCREMENT for table `submenu`
--
ALTER TABLE `submenu`
  MODIFY `id` bigint(20) UNSIGNED NOT NULL AUTO_INCREMENT, AUTO_INCREMENT=41;

--
-- AUTO_INCREMENT for table `users`
--
ALTER TABLE `users`
  MODIFY `id` bigint(20) UNSIGNED NOT NULL AUTO_INCREMENT, AUTO_INCREMENT=81;

--
-- AUTO_INCREMENT for table `users_activation`
--
ALTER TABLE `users_activation`
  MODIFY `id` bigint(20) UNSIGNED NOT NULL AUTO_INCREMENT, AUTO_INCREMENT=80;

--
-- AUTO_INCREMENT for table `users_profile`
--
ALTER TABLE `users_profile`
  MODIFY `id` bigint(20) UNSIGNED NOT NULL AUTO_INCREMENT, AUTO_INCREMENT=11;

--
-- AUTO_INCREMENT for table `user_guides`
--
ALTER TABLE `user_guides`
  MODIFY `id` bigint(20) UNSIGNED NOT NULL AUTO_INCREMENT, AUTO_INCREMENT=3;

--
-- AUTO_INCREMENT for table `user_guides_decs`
--
ALTER TABLE `user_guides_decs`
  MODIFY `id` bigint(20) UNSIGNED NOT NULL AUTO_INCREMENT, AUTO_INCREMENT=9;
COMMIT;

/*!40101 SET CHARACTER_SET_CLIENT=@OLD_CHARACTER_SET_CLIENT */;
/*!40101 SET CHARACTER_SET_RESULTS=@OLD_CHARACTER_SET_RESULTS */;
/*!40101 SET COLLATION_CONNECTION=@OLD_COLLATION_CONNECTION */;
